Report ID,Report Version,Reporting Entity,Report Type,Report Month,Report Year,Report Submission Date,VIN,VIN - Unknown,Serial Number,Make,Model,Model - Unknown,Model Year,Model Year - Unknown,Same Vehicle ID,Mileage,Mileage - Unknown,Driver / Operator Type,ADAS/ADS Version,ADAS/ADS Version - Unknown,ADAS/ADS Version CBI,ADS Equipped?,Automation System Engaged?,Operating Entity,Operating Entity - Unknown,Source - Complaint/Claim,Source - Telematics,Source - Law Enforcement,Source - Field Report,Source - Testing,Source - Media,Source - Other,Source - Other Text,Incident Date,Incident Date - Unknown,Notice Received Date,Incident Time (24:00),Incident Time - Unknown,Same Incident ID,Latitude,Latitude  - Unknown,Longitude,Longitude - Unknown,Address,Address - Unknown,City,City - Unknown,State,Zip Code,Zip Code - Unknown,Roadway Type,Roadway Surface,Roadway Description,Posted Speed Limit (MPH),Posted Speed Limit - Unknown,Lighting,Weather - Clear,Weather - Snow,Weather - Cloudy,Weather - Fog/Smoke,Weather - Rain,Weather - Severe Wind,Weather - Unknown,Weather - Other,Weather - Other Text,Crash With,Highest Injury Severity,Property Damage?,CP Pre-Crash Movement,CP Any Air Bags Deployed?,CP Was Vehicle Towed?,CP Contact Area - Rear Left,CP Contact Area - Left,CP Contact Area - Front Left,CP Contact Area - Rear,CP Contact Area - Top,CP Contact Area - Front,CP Contact Area - Rear Right,CP Contact Area - Right,CP Contact Area - Front Right,CP Contact Area - Bottom,CP Contact Area - Unknown,SV Pre-Crash Movement,SV Any Air Bags Deployed?,SV Was Vehicle Towed?,SV Were All Passengers Belted?,SV Precrash Speed (MPH),SV Pre-crash Speed - Unknown,SV Contact Area - Rear Left,SV Contact Area - Left,SV Contact Area - Front Left,SV Contact Area - Rear,SV Contact Area - Top,SV Contact Area - Front,SV Contact Area - Rear Right,SV Contact Area - Right,SV Contact Area - Front Right,SV Contact Area - Bottom,SV Contact Area - Unknown,Data Availability - EDR,Data Availability - Police Rpt,Data Availability - Telematics,Data Availability - Complaints,Data Availability - Video,Data Availability - Other,Data Availability - No Data,Data Availability - Unknown,Law Enforcement Investigating?,Investigating Agency,Investigating Agency - Unknown,Rep Ent Or Mfr Investigating?,Investigating Officer Name,Inv. Officer Name - Unknown,Investigating Officer Phone,Inv. Officer Phone - Unknown,Investigating Officer Email,Inv. Officer Email - Unknown,Within ODD?,Within ODD? - CBI,Narrative,Narrative - CBI?,system_type
13781-3701,2,"Tesla, Inc.",10-Day Update,,,AUG-2022,5YJYGAEEXMF, ,,Tesla,Model Y, ,2021.0, ,309a573d447478b,27750.0, ,Consumer,"[REDACTED, MAY CONTAIN CONFIDENTIAL BUSINESS INFORMATION]", ,Y,No,ADAS,, , ,Y, , , , , ,,AUG-2022, ,AUG-2022,12:06, ,a026f9186ee95a7,[MAY CONTAIN PERSONALLY IDENTIFIABLE INFORMATION], ,[MAY CONTAIN PERSONALLY IDENTIFIABLE INFORMATION], ,[MAY CONTAIN PERSONALLY IDENTIFIABLE INFORMATION], ,Old Saybrook, ,CT ,[MAY CONTAIN PERSONALLY IDENTIFIABLE INFORMATION], ,Highway / Freeway,Wet,No Unusual Conditions,65.0, ,Daylight, , , , ,Y, , , ,,Other Fixed Object,Unknown,Yes,,,, , , , , , , , , , , ,Proceeding Straight,Yes,Unknown,Unknown,35.0, ,Y,Y,Y, , ,Y, , , , , ,Y, ,Y, ,Y,Y, , ,Unknown,,Y,Unknown,,Y,,Y,,Y,"[REDACTED, MAY CONTAIN CONFIDENTIAL BUSINESS INFORMATION]",Y,"[REDACTED, MAY CONTAIN CONFIDENTIAL BUSINESS INFORMATION]",Y,ADAS
13781-3687,2,"Tesla, Inc.",10-Day Update,,,AUG-2022,5YJYGDEE0MF, ,,Tesla,Model Y, ,2021.0, ,86606d03fee19c8,20985.0, ,Consumer,"[REDACTED, MAY CONTAIN CONFIDENTIAL BUSINESS INFORMATION]", ,Y,No,ADAS,, , ,Y, , , , , ,,AUG-2022, ,AUG-2022,21:43, ,cc4b8fb6634a6e2,[MAY CONTAIN PERSONALLY IDENTIFIABLE INFORMATION], ,[MAY CONTAIN PERSONALLY IDENTIFIABLE INFORMATION], ,[MAY CONTAIN PERSONALLY IDENTIFIABLE INFORMATION], ,Wadsworth, ,IL ,[MAY CONTAIN PERSONALLY IDENTIFIABLE INFORMATION], ,Highway / Freeway,Dry,No Unusual Conditions,70.0, ,Daylight,Y, , , , , , , ,,Passenger Car,Unknown,Yes,Changing Lanes,Unknown,Unknown,Y,Y, , , , , , , , , ,Proceeding Straight,Yes,Unknown,Unknown,77.0, , , , , , , , ,Y,Y, , ,Y, ,Y, ,Y,Y, , ,Unknown,,Y,Unknown,,Y,,Y,,Y,"[REDACTED, MAY CONTAIN CONFIDENTIAL BUSINESS INFORMATION]",Y,"[REDACTED, MAY CONTAIN CONFIDENTIAL BUSINESS INFORMATION]",Y,ADAS
13781-3686,2,"Tesla, Inc.",10-Day Update,,,AUG-2022,5YJYGAEE1MF, ,,Tesla,Model Y, ,2021.0, ,7c9c96205730da4,28934.0, ,Consumer,"[REDACTED, MAY CONTAIN CONFIDENTIAL BUSINESS INFORMATION]", ,Y,No,ADAS,, , ,Y, , , , , ,,AUG-2022, ,AUG-2022,17:46, ,7e4c19739931a51,[MAY CONTAIN PERSONALLY IDENTIFIABLE INFORMATION], ,[MAY CONTAIN PERSONALLY IDENTIFIABLE INFORMATION], ,[MAY CONTAIN PERSONALLY IDENTIFIABLE INFORMATION], ,Palm Beach Gardens, ,FL ,[MAY CONTAIN PERSONALLY IDENTIFIABLE INFORMATION], ,Highway / Freeway,Unknown,Unknown,65.0, ,Unknown, , , , , , ,Y, ,,Unknown,Unknown,Yes,Unknown,Unknown,Unknown, , , , , , , , , , ,Y,Proceeding Straight,Yes,Unknown,Unknown,44.0, , , , , , , , , , , ,Y,Y, , , , ,Y, , ,Unknown,,Y,Unknown,,Y,,Y,,Y,"[REDACTED, MAY CONTAIN CONFIDENTIAL BUSINESS INFORMATION]",Y,"[REDACTED, MAY CONTAIN CONFIDENTIAL BUSINESS INFORMATION]",Y,ADAS
13781-3717,1,"Tesla, Inc.",1-Day,,,AUG-2022,7SAYGDEE6NF, ,,Tesla,Model Y, ,2022.0, ,2666a12b5ecda8b,9937.0, ,Consumer,"[REDACTED, MAY CONTAIN CONFIDENTIAL BUSINESS INFORMATION]", ,Y,No,ADAS,, , ,Y, , , , , ,,AUG-2022, ,AUG-2022,04:16, ,8c0466097b386de,[MAY CONTAIN PERSONALLY IDENTIFIABLE INFORMATION], ,[MAY CONTAIN PERSONALLY IDENTIFIABLE INFORMATION], ,[MAY CONTAIN PERSONALLY IDENTIFIABLE INFORMATION], ,Rochester Hills, ,MI ,[MAY CONTAIN PERSONALLY IDENTIFIABLE INFORMATION], ,Unknown,Unknown,Unknown,,Y,Unknown, , , , , , ,Y, ,,Unknown,Unknown,Yes,Unknown,Unknown,Unknown, , , , , , , , , , ,Y,Unknown,Yes,Unknown,Unknown,,Y, , , , , , , , , , ,Y,Y, , , , , , , ,Unknown,,Y,Unknown,,Y,,Y,,Y,"[REDACTED, MAY CONTAIN CONFIDENTIAL BUSINESS INFORMATION]",Y,"[REDACTED, MAY CONTAIN CONFIDENTIAL BUSINESS INFORMATION]",Y,ADAS
13781-3716,1,"Tesla, Inc.",1-Day,,,AUG-2022,5YJYGDEF7LF, ,,Tesla,Model Y, ,2020.0, ,fe30211d6248de7,31559.0, ,Consumer,"[REDACTED, MAY CONTAIN CONFIDENTIAL BUSINESS INFORMATION]", ,Y,No,ADAS,, , ,Y, , , , , ,,AUG-2022, ,AUG-2022,19:09, ,1db594e201a263e,[MAY CONTAIN PERSONALLY IDENTIFIABLE INFORMATION], ,[MAY CONTAIN PERSONALLY IDENTIFIABLE INFORMATION], ,[MAY CONTAIN PERSONALLY IDENTIFIABLE INFORMATION], ,Orlovista, ,FL ,[MAY CONTAIN PERSONALLY IDENTIFIABLE INFORMATION], ,Unknown,Unknown,Unknown,,Y,Unknown, , , , , , ,Y, ,,Unknown,Unknown,Yes,Unknown,Unknown,Unknown, , , , , , , , , , ,Y,Unknown,Yes,Unknown,Unknown,,Y, , , , , , , , , , ,Y,Y, , , , , , , ,Unknown,,Y,Unknown,,Y,,Y,,Y,"[REDACTED, MAY CONTAIN CONFIDENTIAL BUSINESS INFORMATION]",Y,"[REDACTED, MAY CONTAIN CONFIDENTIAL BUSINESS INFORMATION]",Y,ADAS
13781-3715,1,"Tesla, Inc.",1-Day,,,AUG-2022,5YJ3E1EB9JF, ,,Tesla,Model 3, ,2018.0, ,38970e7f25539a0,49291.0, ,Consumer,"[REDACTED, MAY CONTAIN CONFIDENTIAL BUSINESS INFORMATION]", ,Y,No,ADAS,, , ,Y, , , , , ,,AUG-2022, ,AUG-2022,18:33, ,15359bc5f61a583,[MAY CONTAIN PERSONALLY IDENTIFIABLE INFORMATION], ,[MAY CONTAIN PERSONALLY IDENTIFIABLE INFORMATION], ,[MAY CONTAIN PERSONALLY IDENTIFIABLE INFORMATION], ,Osceola County, ,FL ,,Y,Unknown,Unknown,Unknown,,Y,Unknown, , , , , , ,Y, ,,Unknown,Unknown,Yes,Unknown,Unknown,Unknown, , , , , , , , , , ,Y,Unknown,Yes,Unknown,Unknown,,Y, , , , , , , , , , ,Y,Y, , , , , , , ,Unknown,,Y,Unknown,,Y,,Y,,Y,"[REDACTED, MAY CONTAIN CONFIDENTIAL BUSINESS INFORMATION]",Y,"[REDACTED, MAY CONTAIN CONFIDENTIAL BUSINESS INFORMATION]",Y,ADAS
13781-3714,1,"Tesla, Inc.",1-Day,,,AUG-2022,5YJYGDEE1MF, ,,Tesla,Model Y, ,2021.0, ,45d4d9fc317c124,33368.0, ,Consumer,"[REDACTED, MAY CONTAIN CONFIDENTIAL BUSINESS INFORMATION]", ,Y,No,ADAS,, , ,Y, , , , , ,,AUG-2022, ,AUG-2022,16:01, ,711e5e19aac94d6,[MAY CONTAIN PERSONALLY IDENTIFIABLE INFORMATION], ,[MAY CONTAIN PERSONALLY IDENTIFIABLE INFORMATION], ,[MAY CONTAIN PERSONALLY IDENTIFIABLE INFORMATION], ,Weston, ,FL ,[MAY CONTAIN PERSONALLY IDENTIFIABLE INFORMATION], ,Unknown,Unknown,Unknown,,Y,Unknown, , , , , , ,Y, ,,Unknown,Unknown,Yes,Unknown,Unknown,Unknown, , , , , , , , , , ,Y,Unknown,Yes,Unknown,Unknown,,Y, , , , , , , , , , ,Y,Y, , , , , , , ,Unknown,,Y,Unknown,,Y,,Y,,Y,"[REDACTED, MAY CONTAIN CONFIDENTIAL BUSINESS INFORMATION]",Y,"[REDACTED, MAY CONTAIN CONFIDENTIAL BUSINESS INFORMATION]",Y,ADAS
1243-3681,2,"Subaru of America, Inc.",10-Day Update,,,AUG-2022,JF2SKAUC5LH, ,,Subaru,Forester, ,2020.0, ,eeba4facc678a69,25938.0, ,Consumer,,Y, ,No,ADAS,, ,Y, , , , , , ,,JUL-2022, ,AUG-2022,15:13, ,68b9212338077cd,[MAY CONTAIN PERSONALLY IDENTIFIABLE INFORMATION], ,[MAY CONTAIN PERSONALLY IDENTIFIABLE INFORMATION], ,[MAY CONTAIN PERSONALLY IDENTIFIABLE INFORMATION], ,Mamaroneck, ,NY ,[MAY CONTAIN PERSONALLY IDENTIFIABLE INFORMATION], ,Highway / Freeway,Dry,No Unusual Conditions,55.0, ,Daylight,Y, , , , , , , ,,Other Fixed Object,No Injuries Reported,Yes,,,, , , , , , , , , , , ,Proceeding Straight,Yes,Yes,Yes,55.0, , , , , , , , , , , ,Y, ,Y,Y,Y, , , , ,Unknown,,Y,Unknown,,Y,,Y,,Y,"[REDACTED, MAY CONTAIN CONFIDENTIAL BUSINESS INFORMATION]",Y,"[REDACTED, MAY CONTAIN CONFIDENTIAL BUSINESS INFORMATION]",Y,ADAS
13781-3713,1,"Tesla, Inc.",1-Day,,,AUG-2022,5YJ3E1EBXLF, ,,Tesla,Model 3, ,2020.0, ,b2f4398f34699dc,,Y,Consumer,"[REDACTED, MAY CONTAIN CONFIDENTIAL BUSINESS INFORMATION]", ,Y,No,ADAS,, , ,Y, , , ,Y, ,,AUG-2022, ,AUG-2022,06:11, ,74537aa48a07834,,Y,,Y,[MAY CONTAIN PERSONALLY IDENTIFIABLE INFORMATION], ,Boca Raton, ,FL ,,Y,Unknown,Unknown,Unknown,,Y,Unknown, , , , , , ,Y, ,,Motorcycle,Fatality,Yes,Unknown,Unknown,Unknown, , , , , , , , , , ,Y,Unknown,Unknown,Unknown,Unknown,,Y, , , , , , , , , , ,Y, , , , ,Y,Y, , ,Unknown,,Y,Unknown,,Y,,Y,,Y,"[REDACTED, MAY CONTAIN CONFIDENTIAL BUSINESS INFORMATION]",Y,"[REDACTED, MAY CONTAIN CONFIDENTIAL BUSINESS INFORMATION]",Y,ADAS
1306-3711,1,Toyota Motor Engineering & Manufacturing,1-Day,,,AUG-2022,JTDEPMAE0MJ, ,,Toyota,Corolla, ,2021.0, ,2cde5f393940552,13954.0, ,Consumer,ADAS L2, , ,No,ADAS,, ,Y, , ,Y, , , ,,JUL-2022, ,AUG-2022,02:59, ,03a412f6f32430b,,Y,,Y,[MAY CONTAIN PERSONALLY IDENTIFIABLE INFORMATION], ,Goldsboro, ,NC ,,Y,Highway / Freeway,Unknown,Unknown,,Y,Dark - Not Lighted, , , , , , ,Y, ,,Unknown,Unknown,Yes,Traveling Wrong Way,Unknown,Unknown, , , , , , , , , , ,Y,Proceeding Straight,No,Yes,Yes,89.0, ,Y,Y,Y,Y,Y,Y,Y,Y,Y, , ,Y, , ,Y,Y,Y, , ,Yes,North Carolina State Highway Patrol, ,Yes,,Y,,Y,,Y,"Unknown, see Narrative", ,"On August [XXX], 2022 Toyota received a field report related to this crash. The vehicle was reportedly traveling east on [XXX], when it approached a vehicle travelling the wrong way on the road operated by a drunk driver. The Toyota Corolla driver alleged that they attempted to swerve right to miss the oncoming vehicle, but collided with the vehicle on the driver side. As a result of the collision, the Toyota Corolla allegedly rolled over, landed on its wheels, and contacted a highway barrier. 
Toyota obtained Vehicle Control History (VCH) and Event Data Recorder (EDR) data from the subject vehicle. VCH provides an approximately 8 second pre-crash data recording, and EDR provides an approximately 4.80 second pre-crash data recording. Based on the data obtained, the following information was observed:  Lane Trace Assist (LTA) was engaged during the recording until approximately 6.7 seconds prior to the crash event and Dynamic Radar Cruise Control (DRCC) was engaged during the recording until approximately 5.5 seconds prior to the crash event. The vehicle was traveling at approximately 89 MPH prior to the crash event. 
As a result of the crash incident, the subject vehicle was towed away from the scene. Injuries to occupants of the subject vehicle were described by the owner as: Driver: Cerebral fluid leaking from nose, Concussion, whiplash, backpain Front Passenger: No injuries reported.", ,ADAS
13781-3710,1,"Tesla, Inc.",1-Day,,,AUG-2022,5YJ3E1EB4LF, ,,Tesla,Model 3, ,2020.0, ,84fcdf031bdc34a,,Y,Consumer,"[REDACTED, MAY CONTAIN CONFIDENTIAL BUSINESS INFORMATION]", ,Y,No,ADAS,, , ,Y, , , ,Y, ,,AUG-2022, ,AUG-2022,20:30, ,91e8070901c957c,[MAY CONTAIN PERSONALLY IDENTIFIABLE INFORMATION], ,[MAY CONTAIN PERSONALLY IDENTIFIABLE INFORMATION], ,[MAY CONTAIN PERSONALLY IDENTIFIABLE INFORMATION], ,Charleston, ,SC ,[MAY CONTAIN PERSONALLY IDENTIFIABLE INFORMATION], ,Unknown,Unknown,Unknown,,Y,Unknown, , , , , , ,Y, ,,Unknown,Fatality,Yes,Unknown,Unknown,Unknown, , , , , , , , , , ,Y,Unknown,Unknown,Unknown,Unknown,,Y, , , , , , , , , , ,Y, , , , , , , ,Y,Yes,Charleston Police Department Major Accident Investigation Team, ,Unknown,,Y,[MAY CONTAIN PERSONALLY IDENTIFIABLE INFORMATION], ,,Y,"[REDACTED, MAY CONTAIN CONFIDENTIAL BUSINESS INFORMATION]",Y,"[REDACTED, MAY CONTAIN CONFIDENTIAL BUSINESS INFORMATION]",Y,ADAS
13781-3707,1,"Tesla, Inc.",1-Day,,,AUG-2022,5YJ3E1EA5JF, ,,Tesla,Model 3, ,2018.0, ,04fdca00f32779b,56365.0, ,Consumer,"[REDACTED, MAY CONTAIN CONFIDENTIAL BUSINESS INFORMATION]", ,Y,No,ADAS,, , ,Y, , , , , ,,AUG-2022, ,AUG-2022,21:53, ,682f02801a38454,[MAY CONTAIN PERSONALLY IDENTIFIABLE INFORMATION], ,[MAY CONTAIN PERSONALLY IDENTIFIABLE INFORMATION], ,[MAY CONTAIN PERSONALLY IDENTIFIABLE INFORMATION], ,Austin, ,TX ,[MAY CONTAIN PERSONALLY IDENTIFIABLE INFORMATION], ,Unknown,Unknown,Unknown,,Y,Unknown, , , , , , ,Y, ,,Unknown,Unknown,Yes,Unknown,Unknown,Unknown, , , , , , , , , , ,Y,Unknown,Yes,Unknown,Unknown,,Y, , , , , , , , , , ,Y,Y, , , , , , , ,Unknown,,Y,Unknown,,Y,,Y,,Y,"[REDACTED, MAY CONTAIN CONFIDENTIAL BUSINESS INFORMATION]",Y,"[REDACTED, MAY CONTAIN CONFIDENTIAL BUSINESS INFORMATION]",Y,ADAS
13781-3702,1,"Tesla, Inc.",1-Day,,,AUG-2022,5YJYGDED0MF, ,,Tesla,Model Y, ,2021.0, ,58f895257983d3a,19237.0, ,Consumer,"[REDACTED, MAY CONTAIN CONFIDENTIAL BUSINESS INFORMATION]", ,Y,No,ADAS,, , ,Y, , , , , ,,AUG-2022, ,AUG-2022,18:56, ,2006bc3a8ecf8e2,[MAY CONTAIN PERSONALLY IDENTIFIABLE INFORMATION], ,[MAY CONTAIN PERSONALLY IDENTIFIABLE INFORMATION], ,[MAY CONTAIN PERSONALLY IDENTIFIABLE INFORMATION], ,Brecksville, ,OH ,[MAY CONTAIN PERSONALLY IDENTIFIABLE INFORMATION], ,Unknown,Unknown,Unknown,,Y,Unknown, , , , , , ,Y, ,,Unknown,Unknown,Yes,Unknown,Unknown,Unknown, , , , , , , , , , ,Y,Unknown,Yes,Unknown,Unknown,,Y, , , , , , , , , , ,Y,Y, , , , , , , ,Unknown,,Y,Unknown,,Y,,Y,,Y,"[REDACTED, MAY CONTAIN CONFIDENTIAL BUSINESS INFORMATION]",Y,"[REDACTED, MAY CONTAIN CONFIDENTIAL BUSINESS INFORMATION]",Y,ADAS
13781-3701,1,"Tesla, Inc.",1-Day,,,AUG-2022,5YJYGAEEXMF, ,,Tesla,Model Y, ,2021.0, ,309a573d447478b,27750.0, ,Consumer,"[REDACTED, MAY CONTAIN CONFIDENTIAL BUSINESS INFORMATION]", ,Y,No,ADAS,, , ,Y, , , , , ,,AUG-2022, ,AUG-2022,12:06, ,a026f9186ee95a7,[MAY CONTAIN PERSONALLY IDENTIFIABLE INFORMATION], ,[MAY CONTAIN PERSONALLY IDENTIFIABLE INFORMATION], ,[MAY CONTAIN PERSONALLY IDENTIFIABLE INFORMATION], ,Old Saybrook, ,CT ,[MAY CONTAIN PERSONALLY IDENTIFIABLE INFORMATION], ,Unknown,Unknown,Unknown,,Y,Unknown, , , , , , ,Y, ,,Unknown,Unknown,Yes,Unknown,Unknown,Unknown, , , , , , , , , , ,Y,Unknown,Yes,Unknown,Unknown,,Y, , , , , , , , , , ,Y,Y, , , , , , , ,Unknown,,Y,Unknown,,Y,,Y,,Y,"[REDACTED, MAY CONTAIN CONFIDENTIAL BUSINESS INFORMATION]",Y,"[REDACTED, MAY CONTAIN CONFIDENTIAL BUSINESS INFORMATION]",Y,ADAS
13781-3700,1,"Tesla, Inc.",1-Day,,,AUG-2022,5YJYGDEE9MF, ,,Tesla,Model Y, ,2021.0, ,877485ba430e139,19010.0, ,Consumer,"[REDACTED, MAY CONTAIN CONFIDENTIAL BUSINESS INFORMATION]", ,Y,No,ADAS,, , ,Y, , , , , ,,AUG-2022, ,AUG-2022,02:46, ,3125aba52a2f6bc,[MAY CONTAIN PERSONALLY IDENTIFIABLE INFORMATION], ,[MAY CONTAIN PERSONALLY IDENTIFIABLE INFORMATION], ,[MAY CONTAIN PERSONALLY IDENTIFIABLE INFORMATION], ,Miami, ,FL ,[MAY CONTAIN PERSONALLY IDENTIFIABLE INFORMATION], ,Unknown,Unknown,Unknown,,Y,Unknown, , , , , , ,Y, ,,Unknown,Unknown,Yes,Unknown,Unknown,Unknown, , , , , , , , , , ,Y,Unknown,Yes,Unknown,Unknown,,Y, , , , , , , , , , ,Y,Y, , , , , , , ,Unknown,,Y,Unknown,,Y,,Y,,Y,"[REDACTED, MAY CONTAIN CONFIDENTIAL BUSINESS INFORMATION]",Y,"[REDACTED, MAY CONTAIN CONFIDENTIAL BUSINESS INFORMATION]",Y,ADAS
13781-3680,2,"Tesla, Inc.",10-Day Update,,,AUG-2022,5YJ3E1EB0JF, ,,Tesla,Model 3, ,2018.0, ,4cab5b221c17539,56234.0, ,Consumer,"[REDACTED, MAY CONTAIN CONFIDENTIAL BUSINESS INFORMATION]", ,Y,No,ADAS,, , ,Y, , , , , ,,AUG-2022, ,AUG-2022,10:27, ,091ca46afdcdc6b,[MAY CONTAIN PERSONALLY IDENTIFIABLE INFORMATION], ,[MAY CONTAIN PERSONALLY IDENTIFIABLE INFORMATION], ,[MAY CONTAIN PERSONALLY IDENTIFIABLE INFORMATION], ,Cary, ,NC ,[MAY CONTAIN PERSONALLY IDENTIFIABLE INFORMATION], ,Highway / Freeway,Dry,No Unusual Conditions,65.0, ,Dawn / Dusk,Y, , , , , , , ,,Pole / Tree,Unknown,Yes,,,, , , , , , , , , , , ,Lane / Road Departure,Yes,Unknown,Unknown,29.0, , ,Y,Y, , , , , , , , ,Y, ,Y, ,Y,Y, , ,Unknown,,Y,Unknown,,Y,,Y,,Y,"[REDACTED, MAY CONTAIN CONFIDENTIAL BUSINESS INFORMATION]",Y,"[REDACTED, MAY CONTAIN CONFIDENTIAL BUSINESS INFORMATION]",Y,ADAS
13781-3677,2,"Tesla, Inc.",10-Day Update,,,AUG-2022,5YJ3E1EB9NF, ,,Tesla,Model 3, ,2022.0, ,e559b0dda912bfa,23018.0, ,Consumer,"[REDACTED, MAY CONTAIN CONFIDENTIAL BUSINESS INFORMATION]", ,Y,No,ADAS,, , ,Y, , , , , ,,AUG-2022, ,AUG-2022,04:32, ,4d867e1a774191c,[MAY CONTAIN PERSONALLY IDENTIFIABLE INFORMATION], ,[MAY CONTAIN PERSONALLY IDENTIFIABLE INFORMATION], ,[MAY CONTAIN PERSONALLY IDENTIFIABLE INFORMATION], ,Kissimmee, ,FL ,[MAY CONTAIN PERSONALLY IDENTIFIABLE INFORMATION], ,Unknown,Unknown,Unknown,40.0, ,Unknown, , , , , , ,Y, ,,Unknown,Unknown,Yes,Unknown,Unknown,Unknown, , , , , , , , , , ,Y,Proceeding Straight,Yes,Unknown,Unknown,42.0, , , , , , , , , , , ,Y,Y, , , , ,Y, , ,Unknown,,Y,Unknown,,Y,,Y,,Y,"[REDACTED, MAY CONTAIN CONFIDENTIAL BUSINESS INFORMATION]",Y,"[REDACTED, MAY CONTAIN CONFIDENTIAL BUSINESS INFORMATION]",Y,ADAS
13781-3674,2,"Tesla, Inc.",10-Day Update,,,AUG-2022,5YJSA1E50NF, ,,Tesla,Model S, ,2022.0, ,b2e222df12790d4,8663.0, ,Consumer,"[REDACTED, MAY CONTAIN CONFIDENTIAL BUSINESS INFORMATION]", ,Y,No,ADAS,, , ,Y, , , , , ,,AUG-2022, ,AUG-2022,22:33, ,4dab55be740b715,[MAY CONTAIN PERSONALLY IDENTIFIABLE INFORMATION], ,[MAY CONTAIN PERSONALLY IDENTIFIABLE INFORMATION], ,[MAY CONTAIN PERSONALLY IDENTIFIABLE INFORMATION], ,St. Cloud, ,FL ,[MAY CONTAIN PERSONALLY IDENTIFIABLE INFORMATION], ,Unknown,Unknown,Unknown,70.0, ,Unknown, , , , , , ,Y, ,,Unknown,Unknown,Yes,Unknown,Unknown,Unknown, , , , , , , , , , ,Y,Unknown,Yes,Unknown,Unknown,58.0, , , , , , , , , , , ,Y,Y, , , , ,Y, , ,Unknown,,Y,Unknown,,Y,,Y,,Y,"[REDACTED, MAY CONTAIN CONFIDENTIAL BUSINESS INFORMATION]",Y,"[REDACTED, MAY CONTAIN CONFIDENTIAL BUSINESS INFORMATION]",Y,ADAS
13781-3675,2,"Tesla, Inc.",10-Day Update,,,AUG-2022,5YJ3E1EB3LF, ,,Tesla,Model 3, ,2020.0, ,f02f14ff18e65ab,22138.0, ,Consumer,"[REDACTED, MAY CONTAIN CONFIDENTIAL BUSINESS INFORMATION]", ,Y,No,ADAS,, , ,Y, , , , , ,,AUG-2022, ,AUG-2022,19:13, ,6c3c6c07c27a71f,[MAY CONTAIN PERSONALLY IDENTIFIABLE INFORMATION], ,[MAY CONTAIN PERSONALLY IDENTIFIABLE INFORMATION], ,[MAY CONTAIN PERSONALLY IDENTIFIABLE INFORMATION], ,Merrick, ,NY ,[MAY CONTAIN PERSONALLY IDENTIFIABLE INFORMATION], ,Highway / Freeway,Dry,No Unusual Conditions,55.0, ,Daylight,Y, , , , , , , ,,Passenger Car,Unknown,Yes,Lane / Road Departure,Unknown,Unknown,Y,Y,Y, , , , , , , , ,Lane / Road Departure,Yes,Unknown,Unknown,90.0, , , , , , , ,Y,Y,Y, , ,Y, ,Y, ,Y,Y, , ,Unknown,,Y,Unknown,,Y,,Y,,Y,"[REDACTED, MAY CONTAIN CONFIDENTIAL BUSINESS INFORMATION]",Y,"[REDACTED, MAY CONTAIN CONFIDENTIAL BUSINESS INFORMATION]",Y,ADAS
13781-3620,2,"Tesla, Inc.",10-Day Update,,,AUG-2022,7SAYGDEE0NF, ,,Tesla,Model Y, ,2022.0, ,3ae8c601eddfeb9,4285.0, ,Consumer,"[REDACTED, MAY CONTAIN CONFIDENTIAL BUSINESS INFORMATION]", ,Y,No,ADAS,, , ,Y, , , , , ,,AUG-2022, ,AUG-2022,15:02, ,2f233bf85993bdf,[MAY CONTAIN PERSONALLY IDENTIFIABLE INFORMATION], ,[MAY CONTAIN PERSONALLY IDENTIFIABLE INFORMATION], ,[MAY CONTAIN PERSONALLY IDENTIFIABLE INFORMATION], ,North Bethesda, ,MD ,[MAY CONTAIN PERSONALLY IDENTIFIABLE INFORMATION], ,Unknown,Unknown,Unknown,55.0, ,Unknown, , , , , , ,Y, ,,Unknown,Unknown,Yes,Unknown,Unknown,Unknown, , , , , , , , , , ,Y,Unknown,Yes,Unknown,Unknown,85.0, , , , , , , , , , , ,Y,Y, , , , ,Y, , ,Unknown,,Y,Unknown,,Y,,Y,,Y,"[REDACTED, MAY CONTAIN CONFIDENTIAL BUSINESS INFORMATION]",Y,"[REDACTED, MAY CONTAIN CONFIDENTIAL BUSINESS INFORMATION]",Y,ADAS
13781-3621,2,"Tesla, Inc.",10-Day Update,,,AUG-2022,5YJYGDEE0MF, ,,Tesla,Model Y, ,2021.0, ,5305161676824e1,29988.0, ,Consumer,"[REDACTED, MAY CONTAIN CONFIDENTIAL BUSINESS INFORMATION]", ,Y,No,ADAS,, , ,Y, , , , , ,,AUG-2022, ,AUG-2022,21:56, ,98a3094873590e3,[MAY CONTAIN PERSONALLY IDENTIFIABLE INFORMATION], ,[MAY CONTAIN PERSONALLY IDENTIFIABLE INFORMATION], ,[MAY CONTAIN PERSONALLY IDENTIFIABLE INFORMATION], ,North Port, ,FL ,[MAY CONTAIN PERSONALLY IDENTIFIABLE INFORMATION], ,Highway / Freeway,Wet,No Unusual Conditions,70.0, ,Daylight, , ,Y, ,Y, , , ,,Other Fixed Object,Unknown,Yes,,,, , , , , , , , , , , ,Proceeding Straight,Yes,Unknown,Unknown,16.0, , , ,Y, , ,Y, , ,Y, , ,Y, ,Y, ,Y,Y, , ,Unknown,,Y,Unknown,,Y,,Y,,Y,"[REDACTED, MAY CONTAIN CONFIDENTIAL BUSINESS INFORMATION]",Y,"[REDACTED, MAY CONTAIN CONFIDENTIAL BUSINESS INFORMATION]",Y,ADAS
13781-3687,1,"Tesla, Inc.",1-Day,,,AUG-2022,5YJYGDEE0MF, ,,Tesla,Model Y, ,2021.0, ,86606d03fee19c8,20985.0, ,Consumer,"[REDACTED, MAY CONTAIN CONFIDENTIAL BUSINESS INFORMATION]", ,Y,No,ADAS,, , ,Y, , , , , ,,AUG-2022, ,AUG-2022,21:43, ,cc4b8fb6634a6e2,[MAY CONTAIN PERSONALLY IDENTIFIABLE INFORMATION], ,[MAY CONTAIN PERSONALLY IDENTIFIABLE INFORMATION], ,[MAY CONTAIN PERSONALLY IDENTIFIABLE INFORMATION], ,Wadsworth, ,IL ,[MAY CONTAIN PERSONALLY IDENTIFIABLE INFORMATION], ,Highway / Freeway,Unknown,Unknown,,Y,Unknown, , , , , , ,Y, ,,Unknown,Unknown,Yes,Unknown,Unknown,Unknown, , , , , , , , , , ,Y,Unknown,Yes,Unknown,Unknown,,Y, , , , , , , , , , ,Y,Y, , , , , , , ,Unknown,,Y,Unknown,,Y,,Y,,Y,"[REDACTED, MAY CONTAIN CONFIDENTIAL BUSINESS INFORMATION]",Y,"[REDACTED, MAY CONTAIN CONFIDENTIAL BUSINESS INFORMATION]",Y,ADAS
13781-3686,1,"Tesla, Inc.",1-Day,,,AUG-2022,5YJYGAEE1MF, ,,Tesla,Model Y, ,2021.0, ,7c9c96205730da4,28934.0, ,Consumer,"[REDACTED, MAY CONTAIN CONFIDENTIAL BUSINESS INFORMATION]", ,Y,No,ADAS,, , ,Y, , , , , ,,AUG-2022, ,AUG-2022,17:46, ,7e4c19739931a51,[MAY CONTAIN PERSONALLY IDENTIFIABLE INFORMATION], ,[MAY CONTAIN PERSONALLY IDENTIFIABLE INFORMATION], ,[MAY CONTAIN PERSONALLY IDENTIFIABLE INFORMATION], ,Palm Beach Gardens, ,FL ,[MAY CONTAIN PERSONALLY IDENTIFIABLE INFORMATION], ,Highway / Freeway,Unknown,Unknown,,Y,Unknown, , , , , , ,Y, ,,Unknown,Unknown,Yes,Unknown,Unknown,Unknown, , , , , , , , , , ,Y,Unknown,Yes,Unknown,Unknown,,Y, , , , , , , , , , ,Y,Y, , , , , , , ,Unknown,,Y,Unknown,,Y,,Y,,Y,"[REDACTED, MAY CONTAIN CONFIDENTIAL BUSINESS INFORMATION]",Y,"[REDACTED, MAY CONTAIN CONFIDENTIAL BUSINESS INFORMATION]",Y,ADAS