Report ID,Report Version,Reporting Entity,Report Type,Report Month,Report Year,Report Submission Date,VIN,VIN - Unknown,Serial Number,Make,Model,Model - Unknown,Model Year,Model Year - Unknown,Same Vehicle ID,Mileage,Mileage - Unknown,Driver / Operator Type,ADAS/ADS Version,ADAS/ADS Version - Unknown,ADAS/ADS Version CBI,ADS Equipped?,Automation System Engaged?,Operating Entity,Operating Entity - Unknown,Source - Complaint/Claim,Source - Telematics,Source - Law Enforcement,Source - Field Report,Source - Testing,Source - Media,Source - Other,Source - Other Text,Incident Date,Incident Date - Unknown,Notice Received Date,Incident Time (24:00),Incident Time - Unknown,Same Incident ID,Latitude,Latitude  - Unknown,Longitude,Longitude - Unknown,Address,Address - Unknown,City,City - Unknown,State,Zip Code,Zip Code - Unknown,Roadway Type,Roadway Surface,Roadway Description,Posted Speed Limit (MPH),Posted Speed Limit - Unknown,Lighting,Weather - Clear,Weather - Snow,Weather - Cloudy,Weather - Fog/Smoke,Weather - Rain,Weather - Severe Wind,Weather - Unknown,Weather - Other,Weather - Other Text,Crash With,Highest Injury Severity,Property Damage?,CP Pre-Crash Movement,CP Any Air Bags Deployed?,CP Was Vehicle Towed?,CP Contact Area - Rear Left,CP Contact Area - Left,CP Contact Area - Front Left,CP Contact Area - Rear,CP Contact Area - Top,CP Contact Area - Front,CP Contact Area - Rear Right,CP Contact Area - Right,CP Contact Area - Front Right,CP Contact Area - Bottom,CP Contact Area - Unknown,SV Pre-Crash Movement,SV Any Air Bags Deployed?,SV Was Vehicle Towed?,SV Were All Passengers Belted?,SV Precrash Speed (MPH),SV Pre-crash Speed - Unknown,SV Contact Area - Rear Left,SV Contact Area - Left,SV Contact Area - Front Left,SV Contact Area - Rear,SV Contact Area - Top,SV Contact Area - Front,SV Contact Area - Rear Right,SV Contact Area - Right,SV Contact Area - Front Right,SV Contact Area - Bottom,SV Contact Area - Unknown,Data Availability - EDR,Data Availability - Police Rpt,Data Availability - Telematics,Data Availability - Complaints,Data Availability - Video,Data Availability - Other,Data Availability - No Data,Data Availability - Unknown,Law Enforcement Investigating?,Investigating Agency,Investigating Agency - Unknown,Rep Ent Or Mfr Investigating?,Investigating Officer Name,Inv. Officer Name - Unknown,Investigating Officer Phone,Inv. Officer Phone - Unknown,Investigating Officer Email,Inv. Officer Email - Unknown,Within ODD?,Within ODD? - CBI,Narrative,Narrative - CBI?,system_type
13781-3231,2,"Tesla, Inc.",10-Day Update,,,JUN-2022,5YJYGDEFXLF, ,,Tesla,Model Y, ,2020.0, ,9c4fbc910cfad2c,34332.0, ,Consumer,"[REDACTED, MAY CONTAIN CONFIDENTIAL BUSINESS INFORMATION]", ,Y,No,ADAS,, , ,Y, , , , , ,,JUN-2022, ,JUN-2022,22:54, ,a9e57ea29ed1b8a,[MAY CONTAIN PERSONALLY IDENTIFIABLE INFORMATION], ,[MAY CONTAIN PERSONALLY IDENTIFIABLE INFORMATION], ,[MAY CONTAIN PERSONALLY IDENTIFIABLE INFORMATION], ,Sherman, ,TX ,[MAY CONTAIN PERSONALLY IDENTIFIABLE INFORMATION], ,Intersection,Dry,No Unusual Conditions,55.0, ,Daylight,Y, , , , , , , ,,SUV,Unknown,Yes,Proceeding Straight,Yes,Unknown, ,Y,Y, , , , , , , , ,Proceeding Straight,Yes,Unknown,Unknown,26.0, , , , , , ,Y, , ,Y, , ,Y, ,Y, ,Y,Y, , ,Unknown,,Y,Unknown,,Y,,Y,,Y,"[REDACTED, MAY CONTAIN CONFIDENTIAL BUSINESS INFORMATION]",Y,"[REDACTED, MAY CONTAIN CONFIDENTIAL BUSINESS INFORMATION]",Y,ADAS
13781-3250,2,"Tesla, Inc.",10-Day Update,,,JUN-2022,5YJ3E1EB6JF, ,,Tesla,Model 3, ,2018.0, ,fd0ccd7a047ec72,74049.0, ,Consumer,"[REDACTED, MAY CONTAIN CONFIDENTIAL BUSINESS INFORMATION]", ,Y,No,ADAS,, , ,Y, , , , , ,,JUN-2022, ,JUN-2022,06:43, ,79e7b5cec85a31c,[MAY CONTAIN PERSONALLY IDENTIFIABLE INFORMATION], ,[MAY CONTAIN PERSONALLY IDENTIFIABLE INFORMATION], ,[MAY CONTAIN PERSONALLY IDENTIFIABLE INFORMATION], ,Austin, ,TX ,[MAY CONTAIN PERSONALLY IDENTIFIABLE INFORMATION], ,Intersection,Dry,No Unusual Conditions,55.0, ,Dark - Lighted,Y, , , , , , , ,,SUV,Unknown,Yes,Making Left Turn,Unknown,Unknown, , , , , , ,Y,Y, , , ,Proceeding Straight,Yes,Unknown,Unknown,24.0, , , ,Y, , ,Y, , ,Y, , ,Y, ,Y, ,Y,Y, , ,Unknown,,Y,Unknown,,Y,,Y,,Y,"[REDACTED, MAY CONTAIN CONFIDENTIAL BUSINESS INFORMATION]",Y,"[REDACTED, MAY CONTAIN CONFIDENTIAL BUSINESS INFORMATION]",Y,ADAS
13781-3248,2,"Tesla, Inc.",10-Day Update,,,JUN-2022,5YJYGAEE9MF, ,,Tesla,Model Y, ,2021.0, ,2d3019b14f8e349,23333.0, ,Consumer,"[REDACTED, MAY CONTAIN CONFIDENTIAL BUSINESS INFORMATION]", ,Y,No,ADAS,, , ,Y, , , , , ,,JUN-2022, ,JUN-2022,16:34, ,61de01ac8738a82,[MAY CONTAIN PERSONALLY IDENTIFIABLE INFORMATION], ,[MAY CONTAIN PERSONALLY IDENTIFIABLE INFORMATION], ,[MAY CONTAIN PERSONALLY IDENTIFIABLE INFORMATION], ,Rapid City, ,SD ,[MAY CONTAIN PERSONALLY IDENTIFIABLE INFORMATION], ,Intersection,Dry,No Unusual Conditions,50.0, ,Daylight,Y, , , , , , , ,,Pickup Truck,Unknown,Yes,Making Left Turn,Unknown,Unknown, , , ,Y, , ,Y,Y, , , ,Proceeding Straight,Yes,Unknown,Unknown,40.0, , , ,Y, , ,Y, , ,Y, , ,Y, ,Y, ,Y,Y, , ,Unknown,,Y,Unknown,,Y,,Y,,Y,"[REDACTED, MAY CONTAIN CONFIDENTIAL BUSINESS INFORMATION]",Y,"[REDACTED, MAY CONTAIN CONFIDENTIAL BUSINESS INFORMATION]",Y,ADAS
13781-3233,2,"Tesla, Inc.",10-Day Update,,,JUN-2022,5YJYGDEE3MF, ,,Tesla,Model Y, ,2021.0, ,11fb2056d588645,10449.0, ,Consumer,"[REDACTED, MAY CONTAIN CONFIDENTIAL BUSINESS INFORMATION]", ,Y,No,ADAS,, , ,Y, , , , , ,,JUN-2022, ,JUN-2022,10:27, ,7a85c720eca5c18,[MAY CONTAIN PERSONALLY IDENTIFIABLE INFORMATION], ,[MAY CONTAIN PERSONALLY IDENTIFIABLE INFORMATION], ,[MAY CONTAIN PERSONALLY IDENTIFIABLE INFORMATION], ,Lower Saucon Township, ,PA ,[MAY CONTAIN PERSONALLY IDENTIFIABLE INFORMATION], ,Highway / Freeway,Wet,No Unusual Conditions,65.0, ,Dawn / Dusk, , ,Y, ,Y, , , ,,Unknown,Unknown,Yes,Unknown,Unknown,Unknown, , , , , , , , , , ,Y,Unknown,Yes,Unknown,Unknown,52.0, , , , , , , , , , , ,Y,Y, ,Y, ,Y,Y, , ,Unknown,,Y,Unknown,,Y,,Y,,Y,"[REDACTED, MAY CONTAIN CONFIDENTIAL BUSINESS INFORMATION]",Y,"[REDACTED, MAY CONTAIN CONFIDENTIAL BUSINESS INFORMATION]",Y,ADAS
10039-3261,1,"BMW of North America, LLC",1-Day,,,JUN-2022,WBA53BJ08NC, ,,BMW,540i, ,2022.0, ,a7c7ebd42ad7f0a,2273.0, ,Consumer,,Y, ,No,"Unknown, see Narrative",, ,Y, , , , , , ,,JUN-2022, ,JUN-2022,13:27, ,a16e8321a043d3c,,Y,,Y,[MAY CONTAIN PERSONALLY IDENTIFIABLE INFORMATION], ,Watermill, ,NY ,[MAY CONTAIN PERSONALLY IDENTIFIABLE INFORMATION], ,Highway / Freeway,Unknown,Unknown,,Y,Unknown, , , , , , ,Y, ,,Heavy Truck,Minor,No,Unknown,Unknown,Unknown, , , , , , , , , , ,Y,Proceeding Straight,No,Yes,Unknown,,Y, , , , , ,Y, , ,Y, , , , , , , , , ,Y,Unknown,,Y,Yes,,Y,,Y,,Y,"[REDACTED, MAY CONTAIN CONFIDENTIAL BUSINESS INFORMATION]",Y,"Customer narrative:  [REDACTED, MAY CONTAIN CONFIDENTIAL BUSINESS INFORMATION]
BMW comment:  [REDACTED, MAY CONTAIN CONFIDENTIAL BUSINESS INFORMATION]",Y,ADAS
669-3126,2,Hyundai Motor America,10-Day Update,,,JUN-2022,KMUMA4TB1MU, ,,Genesis,GV70, ,2022.0, ,109bde9ae07a0a3,,Y,In-Vehicle (Commercial / Test),,Y, ,No,"Unknown, see Narrative",Hyundai America Technical Center Inc., , , , , ,Y, , ,,JUN-2022, ,JUN-2022,14:20, ,c7be59d34abcd76,,Y,,Y,[MAY CONTAIN PERSONALLY IDENTIFIABLE INFORMATION], ,Chikaming Twp, ,MI ,[MAY CONTAIN PERSONALLY IDENTIFIABLE INFORMATION], ,Street,Wet,No Unusual Conditions,,Y,Daylight, , , , ,Y, , , ,,Passenger Car,Unknown,Unknown,Proceeding Straight,No,Yes, , , , , ,Y, ,Y, , , ,Lane / Road Departure,No,Yes,Yes,,Y,Y, ,Y,Y, ,Y,Y,Y,Y, , , , , , , , , ,Y,Yes,Michigan State Police, ,Yes,[MAY CONTAIN PERSONALLY IDENTIFIABLE INFORMATION], ,,Y,,Y,"Unknown, see Narrative", ,"A HATCI engineer was operating the subject prototype GV70 vehicle evaluating different drive modes (ECO, Comfort, Sport, etc) while driving westbound on [XXX] in the left lane.  The roadway condition was wet due to heavy rain that just subsided to a light drizzle. 
While approaching a Lincoln vehicle with the Highway Drive Assist (""HDA"") engaged:
1) The operator decided to actively brake to disengage the HDA mode.  
2) The operator then switched to the right lane successfully.
3) The vehicle's Lane Keep Assist (""LKA"") applied steering input during the lane change while the operator manually managed the steering completing the lane change.
4) Within a few seconds of the lane change, the vehicle began to rotate counter-clockwise and the front of the vehicle made contact with the rear passenger side of the Lincoln vehicle in the left lane.
5) After making contact, the GV70 rotated clockwise and travelled off the roadway eventually coming to a stop in a wooded area.  The Lincoln vehicle also left the roadway and came to a stop near the GV70 vehicle in the same wooded area.
6) The GV70 vehicle airbags did not deploy during the incident.
7) Police and first responder medical teams arrived at the incident and the GV70 car was towed away.
HMA and HATCI are actively investigating this incident and are planning to inspect the GV70 vehicle.  An EDR download will be attempted.", ,ADAS
13781-3153,2,"Tesla, Inc.",10-Day Update,,,JUN-2022,5YJYGAEE1MF, ,,Tesla,Model Y, ,2021.0, ,e6250ba058b5e0c,25346.0, ,Consumer,"[REDACTED, MAY CONTAIN CONFIDENTIAL BUSINESS INFORMATION]", ,Y,No,ADAS,, , ,Y, , , , , ,,JUN-2022, ,JUN-2022,20:23, ,9fbac3b1ac40199,[MAY CONTAIN PERSONALLY IDENTIFIABLE INFORMATION], ,[MAY CONTAIN PERSONALLY IDENTIFIABLE INFORMATION], ,[MAY CONTAIN PERSONALLY IDENTIFIABLE INFORMATION], ,Le Sueur, ,MN ,[MAY CONTAIN PERSONALLY IDENTIFIABLE INFORMATION], ,Highway / Freeway,Wet,No Unusual Conditions,65.0, ,Dawn / Dusk, , ,Y, ,Y, , , ,,Unknown,Unknown,Yes,Unknown,Unknown,Unknown, , , , , , , , , , ,Y,Proceeding Straight,Yes,Unknown,Unknown,54.0, , , , , , , , , , , ,Y,Y, ,Y, ,Y,Y, , ,Unknown,,Y,Unknown,,Y,,Y,,Y,"[REDACTED, MAY CONTAIN CONFIDENTIAL BUSINESS INFORMATION]",Y,"[REDACTED, MAY CONTAIN CONFIDENTIAL BUSINESS INFORMATION]",Y,ADAS
62-3251,1,Honda (American Honda Motor Co.),1-Day,,,JUN-2022,1HGCV2F34MA, ,,Honda,Accord, ,2021.0, ,088318e2af81206,,Y,Consumer,,Y, ,No,"Unknown, see Narrative",, ,Y, , , , , , ,,JAN-2022, ,JUN-2022,,Y,daacd88110763e5,,Y,,Y,,Y,Columbus, ,OH ,,Y,Intersection,Unknown,Unknown,,Y,Unknown, , , , , , ,Y, ,,Passenger Car,No Injuries Reported,No,Proceeding Straight,Unknown,Unknown, , , ,Y, , , , , , , ,Making Left Turn,No,Yes,Unknown,,Y, , , , , ,Y, , , , , , , , ,Y, , , , ,No,, ,Unknown,, ,, ,, ,"Unknown, see Narrative", ,A vehicle ran a red light and collided with the customer's front fender. The customer alleges that the Lane Keep Assist System and Adaptive Cruise Control were engaged., ,ADAS
13781-3250,1,"Tesla, Inc.",1-Day,,,JUN-2022,5YJ3E1EB6JF, ,,Tesla,Model 3, ,2018.0, ,fd0ccd7a047ec72,74049.0, ,Consumer,"[REDACTED, MAY CONTAIN CONFIDENTIAL BUSINESS INFORMATION]", ,Y,No,ADAS,, , ,Y, , , , , ,,JUN-2022, ,JUN-2022,06:43, ,79e7b5cec85a31c,[MAY CONTAIN PERSONALLY IDENTIFIABLE INFORMATION], ,[MAY CONTAIN PERSONALLY IDENTIFIABLE INFORMATION], ,[MAY CONTAIN PERSONALLY IDENTIFIABLE INFORMATION], ,Austin, ,TX ,[MAY CONTAIN PERSONALLY IDENTIFIABLE INFORMATION], ,Unknown,Unknown,Unknown,,Y,Unknown, , , , , , ,Y, ,,Unknown,Unknown,Yes,Unknown,Unknown,Unknown, , , , , , , , , , ,Y,Unknown,Yes,Unknown,Unknown,,Y, , , , , , , , , , ,Y,Y, , , , , , , ,Unknown,,Y,Unknown,,Y,,Y,,Y,"[REDACTED, MAY CONTAIN CONFIDENTIAL BUSINESS INFORMATION]",Y,"[REDACTED, MAY CONTAIN CONFIDENTIAL BUSINESS INFORMATION]",Y,ADAS
13781-3248,1,"Tesla, Inc.",1-Day,,,JUN-2022,5YJYGAEE9MF, ,,Tesla,Model Y, ,2021.0, ,2d3019b14f8e349,23333.0, ,Consumer,"[REDACTED, MAY CONTAIN CONFIDENTIAL BUSINESS INFORMATION]", ,Y,No,ADAS,, , ,Y, , , , , ,,JUN-2022, ,JUN-2022,16:34, ,61de01ac8738a82,[MAY CONTAIN PERSONALLY IDENTIFIABLE INFORMATION], ,[MAY CONTAIN PERSONALLY IDENTIFIABLE INFORMATION], ,[MAY CONTAIN PERSONALLY IDENTIFIABLE INFORMATION], ,Rapid City, ,SD ,[MAY CONTAIN PERSONALLY IDENTIFIABLE INFORMATION], ,Highway / Freeway,Unknown,Unknown,,Y,Unknown, , , , , , ,Y, ,,Unknown,Unknown,Yes,Unknown,Unknown,Unknown, , , , , , , , , , ,Y,Unknown,Yes,Unknown,Unknown,,Y, , , , , , , , , , ,Y,Y, , , , , , , ,Unknown,,Y,Unknown,,Y,,Y,,Y,"[REDACTED, MAY CONTAIN CONFIDENTIAL BUSINESS INFORMATION]",Y,"[REDACTED, MAY CONTAIN CONFIDENTIAL BUSINESS INFORMATION]",Y,ADAS
13781-3223,2,"Tesla, Inc.",10-Day Update,,,JUN-2022,5YJ3E1EB5LF, ,,Tesla,Model 3, ,2020.0, ,e99f146d9820514,18543.0, ,Consumer,"[REDACTED, MAY CONTAIN CONFIDENTIAL BUSINESS INFORMATION]", ,Y,No,ADAS,, , ,Y, , , , , ,,JUN-2022, ,JUN-2022,05:55, ,24d6239050724be,[MAY CONTAIN PERSONALLY IDENTIFIABLE INFORMATION], ,[MAY CONTAIN PERSONALLY IDENTIFIABLE INFORMATION], ,[MAY CONTAIN PERSONALLY IDENTIFIABLE INFORMATION], ,Duluth, ,GA ,[MAY CONTAIN PERSONALLY IDENTIFIABLE INFORMATION], ,Highway / Freeway,Dry,No Unusual Conditions,70.0, ,Dark - Not Lighted,Y, , , , , , , ,,"Other, see Narrative",Unknown,Yes,Unknown,Unknown,Unknown, , , , , , , , , , ,Y,Lane / Road Departure,Yes,Unknown,Unknown,65.0, ,Y,Y,Y, , ,Y, , ,Y,Y, ,Y, , , , , , , ,Unknown,,Y,Unknown,,Y,,Y,,Y,"[REDACTED, MAY CONTAIN CONFIDENTIAL BUSINESS INFORMATION]",Y,"[REDACTED, MAY CONTAIN CONFIDENTIAL BUSINESS INFORMATION]",Y,ADAS
13781-3154,2,"Tesla, Inc.",10-Day Update,,,JUN-2022,5YJ3E1EB6LF, ,,Tesla,Model 3, ,2020.0, ,6589a724cae517f,12245.0, ,Consumer,"[REDACTED, MAY CONTAIN CONFIDENTIAL BUSINESS INFORMATION]", ,Y,No,ADAS,, , ,Y, , , , , ,,JUN-2022, ,JUN-2022,16:08, ,af73757c8a1cd38,[MAY CONTAIN PERSONALLY IDENTIFIABLE INFORMATION], ,[MAY CONTAIN PERSONALLY IDENTIFIABLE INFORMATION], ,[MAY CONTAIN PERSONALLY IDENTIFIABLE INFORMATION], ,Harrisburg, ,NC ,[MAY CONTAIN PERSONALLY IDENTIFIABLE INFORMATION], ,Street,Dry,No Unusual Conditions,35.0, ,Daylight,Y, , , , , , , ,,Pickup Truck,Unknown,Yes,Parked,Unknown,Unknown, , , ,Y, , ,Y, , , , ,"Other, see Narrative",No,Yes,Unknown,26.0, , , , , , ,Y, , ,Y, , ,Y, ,Y, ,Y,Y, , ,Unknown,,Y,Unknown,,Y,,Y,,Y,"[REDACTED, MAY CONTAIN CONFIDENTIAL BUSINESS INFORMATION]",Y,"[REDACTED, MAY CONTAIN CONFIDENTIAL BUSINESS INFORMATION]",Y,ADAS
13781-3155,2,"Tesla, Inc.",10-Day Update,,,JUN-2022,5YJ3E1EA6MF, ,,Tesla,Model 3, ,2021.0, ,68a96506027b233,18882.0, ,Consumer,"[REDACTED, MAY CONTAIN CONFIDENTIAL BUSINESS INFORMATION]", ,Y,No,ADAS,, , ,Y, , , , , ,,JUN-2022, ,JUN-2022,06:06, ,452c08c25378730,[MAY CONTAIN PERSONALLY IDENTIFIABLE INFORMATION], ,[MAY CONTAIN PERSONALLY IDENTIFIABLE INFORMATION], ,[MAY CONTAIN PERSONALLY IDENTIFIABLE INFORMATION], ,Blue Springs, ,MS ,[MAY CONTAIN PERSONALLY IDENTIFIABLE INFORMATION], ,Highway / Freeway,Dry,"Other, see Narrative",70.0, ,Dark - Lighted,Y, , , , , , , ,,Unknown,Unknown,Yes,Unknown,Unknown,Unknown, , , , , , , , , , ,Y,Proceeding Straight,Yes,Unknown,Unknown,68.0, , , , , , , , , , , ,Y,Y, ,Y, ,Y,Y, , ,Unknown,,Y,Unknown,,Y,,Y,,Y,"[REDACTED, MAY CONTAIN CONFIDENTIAL BUSINESS INFORMATION]",Y,"[REDACTED, MAY CONTAIN CONFIDENTIAL BUSINESS INFORMATION]",Y,ADAS
13781-3145,2,"Tesla, Inc.",10-Day Update,,,JUN-2022,5YJYGDEE6MF, ,,Tesla,Model Y, ,2021.0, ,bf3772387959f75,19187.0, ,Consumer,"[REDACTED, MAY CONTAIN CONFIDENTIAL BUSINESS INFORMATION]", ,Y,No,ADAS,, , ,Y, , , , , ,,JUN-2022, ,JUN-2022,21:01, ,648035b69160aa4,[MAY CONTAIN PERSONALLY IDENTIFIABLE INFORMATION], ,[MAY CONTAIN PERSONALLY IDENTIFIABLE INFORMATION], ,[MAY CONTAIN PERSONALLY IDENTIFIABLE INFORMATION], ,San Antonio, ,TX ,[MAY CONTAIN PERSONALLY IDENTIFIABLE INFORMATION], ,Highway / Freeway,Dry,No Unusual Conditions,65.0, ,Daylight,Y, , , , , , , ,,Pickup Truck,Unknown,Yes,Lane / Road Departure,Unknown,Unknown, ,Y,Y, , , , , , , , ,Proceeding Straight,Yes,Unknown,Unknown,68.0, , , , , , , , , ,Y, , ,Y, ,Y, ,Y,Y, , ,Unknown,,Y,Unknown,,Y,,Y,,Y,"[REDACTED, MAY CONTAIN CONFIDENTIAL BUSINESS INFORMATION]",Y,"[REDACTED, MAY CONTAIN CONFIDENTIAL BUSINESS INFORMATION]",Y,ADAS
13781-3144,2,"Tesla, Inc.",10-Day Update,,,JUN-2022,5YJ3E1EA8JF, ,,Tesla,Model 3, ,2018.0, ,6e6efa5a0f7dba7,50021.0, ,Consumer,"[REDACTED, MAY CONTAIN CONFIDENTIAL BUSINESS INFORMATION]", ,Y,No,ADAS,, , ,Y, , , , , ,,JUN-2022, ,JUN-2022,03:59, ,b88e9bbfda9521e,[MAY CONTAIN PERSONALLY IDENTIFIABLE INFORMATION], ,[MAY CONTAIN PERSONALLY IDENTIFIABLE INFORMATION], ,[MAY CONTAIN PERSONALLY IDENTIFIABLE INFORMATION], ,The Crossings, ,FL ,[MAY CONTAIN PERSONALLY IDENTIFIABLE INFORMATION], ,Intersection,Dry,No Unusual Conditions,40.0, ,Dark - Lighted,Y, , , , , , , ,,Passenger Car,Unknown,Yes,Making Left Turn,Yes,Unknown,Y,Y, , , , , , , , , ,Proceeding Straight,Yes,Unknown,Unknown,43.0, , , ,Y, , ,Y, , , , , ,Y, ,Y, ,Y, , , ,Unknown,,Y,Unknown,,Y,,Y,,Y,"[REDACTED, MAY CONTAIN CONFIDENTIAL BUSINESS INFORMATION]",Y,"[REDACTED, MAY CONTAIN CONFIDENTIAL BUSINESS INFORMATION]",Y,ADAS
13781-3129,2,"Tesla, Inc.",10-Day Update,,,JUN-2022,5YJYGDEE0MF, ,,Tesla,Model Y, ,2021.0, ,53d8ed56ef113c0,11101.0, ,Consumer,"[REDACTED, MAY CONTAIN CONFIDENTIAL BUSINESS INFORMATION]", ,Y,No,ADAS,, , ,Y, , , , , ,,JUN-2022, ,JUN-2022,18:36, ,87dcd50d79773cf,[MAY CONTAIN PERSONALLY IDENTIFIABLE INFORMATION], ,[MAY CONTAIN PERSONALLY IDENTIFIABLE INFORMATION], ,[MAY CONTAIN PERSONALLY IDENTIFIABLE INFORMATION], ,Pentwater, ,MI ,[MAY CONTAIN PERSONALLY IDENTIFIABLE INFORMATION], ,Highway / Freeway,Wet,No Unusual Conditions,75.0, ,Daylight, , ,Y, ,Y, , , ,,Animal,Unknown,Yes,Unknown,,, , , , , , , , , , , ,Proceeding Straight,Yes,Unknown,Unknown,70.0, , , , , , ,Y, , ,Y, , ,Y, ,Y, ,Y,Y, , ,Unknown,,Y,Unknown,,Y,,Y,,Y,"[REDACTED, MAY CONTAIN CONFIDENTIAL BUSINESS INFORMATION]",Y,"[REDACTED, MAY CONTAIN CONFIDENTIAL BUSINESS INFORMATION]",Y,ADAS
13781-3130,2,"Tesla, Inc.",10-Day Update,,,JUN-2022,5YJ3E1EA3MF, ,,Tesla,Model 3, ,2021.0, ,ad8b2f664e72c34,22546.0, ,Consumer,"[REDACTED, MAY CONTAIN CONFIDENTIAL BUSINESS INFORMATION]", ,Y,No,ADAS,, , ,Y, , , , , ,,JUN-2022, ,JUN-2022,17:00, ,b37672922132111,[MAY CONTAIN PERSONALLY IDENTIFIABLE INFORMATION], ,[MAY CONTAIN PERSONALLY IDENTIFIABLE INFORMATION], ,[MAY CONTAIN PERSONALLY IDENTIFIABLE INFORMATION], ,Monsey, ,NY ,[MAY CONTAIN PERSONALLY IDENTIFIABLE INFORMATION], ,Street,Dry,No Unusual Conditions,40.0, ,Daylight,Y, , , , , , , ,,Unknown,Unknown,Yes,Unknown,Unknown,Unknown, , , , , , , , , , ,Y,Proceeding Straight,Yes,Unknown,Unknown,33.0, , , , , , , , , , , ,Y,Y, ,Y, ,Y,Y, , ,Unknown,,Y,Unknown,,Y,,Y,,Y,"[REDACTED, MAY CONTAIN CONFIDENTIAL BUSINESS INFORMATION]",Y,"[REDACTED, MAY CONTAIN CONFIDENTIAL BUSINESS INFORMATION]",Y,ADAS
62-3235,1,Honda (American Honda Motor Co.),1-Day,,,JUN-2022,19UDE2F77KA, ,,Acura,ILX, ,2019.0, ,d56704201b78ad7,,Y,Consumer,,Y, ,No,"Unknown, see Narrative",, ,Y, , , , , , ,,JAN-2022, ,JUN-2022,,Y,42d05fde5aebf65,,Y,,Y,,Y,Leesburg, ,VA ,,Y,Unknown,Unknown,Unknown,,Y,Unknown, , , , , , ,Y, ,,Passenger Car,Unknown,Yes,Stopped,Unknown,No, , , ,Y, , , , , , , ,Proceeding Straight,Yes,No,Unknown,,Y, , , , , ,Y, , , , , , , , ,Y, , , , ,No,, ,No,, ,, ,, ,"Unknown, see Narrative", ,The customer rear-ended the vehicle in front of him after that vehicle stopped due to traffic conditions. The customer alleges that the Lane Keep Assist System and Adaptive Cruise Control were engaged., ,ADAS
753-3117,2,Kia Motors America,10-Day Update,,,JUN-2022,5XYP6DHC3NG, ,[MAY CONTAIN PERSONALLY IDENTIFIABLE INFORMATION],Kia,Telluride, ,2022.0, ,03ba2778542b7c5,4091.0, ,Consumer,,Y, ,No,ADAS,, ,Y, , , , , , ,,MAR-2022, ,JUN-2022,18:00, ,b6b2fb8eb56b835,[MAY CONTAIN PERSONALLY IDENTIFIABLE INFORMATION], ,[MAY CONTAIN PERSONALLY IDENTIFIABLE INFORMATION], ,[MAY CONTAIN PERSONALLY IDENTIFIABLE INFORMATION], ,Forked River, ,NJ ,[MAY CONTAIN PERSONALLY IDENTIFIABLE INFORMATION], ,Highway / Freeway,Dry,No Unusual Conditions,65.0, ,Dawn / Dusk,Y, , , , , , , ,,Other Fixed Object,Minor,Yes,,,, , , , , , , , , , , ,Proceeding Straight,No,Yes,Yes,65.0, , , , , , , ,Y,Y,Y, , , ,Y, ,Y, , , , ,Unknown,New Jersey State Police, ,No,,Y,,Y,,Y,Yes, ,"Customer contacted Kia's Consumer Affairs (CA) Department on June [XXX], 2022 indicating that her husband was involved in an accident and the airbags in their 2022 Kia Telluride did not deploy.  Customer reported her husband was driving the subject Telluride at 65mph through a toll southbound on [XXX] when a second vehicle behind the Telluride went through the toll and attempted to squeeze in between the Telluride and a third vehicle on the highway. Customer's husband moved the Telluride to the right to evade the second vehicle and made contact with the right shoulder guardrail.  No other vehicles were involved in the incident.  The vehicle was towed.  When asked by CA, the customer reported that HDA and cruise control were engaged at the time of the incident but customer did not allege that either of those systems caused the accident.
The subject Kia Telluride is equipped with the ADAS Level 2 feature Highway Driving Assist (HDA).  HDA is a supplemental system that helps maintain a set distance and speed from the vehicle ahead when driving on a highway and helps keep the vehicle between lanes while driving.  HDA may not be able to recognize all traffic situations and may not detect possible collisions due to limitations of the system.  Obstacles such as vehicles, motorcycles, bicycles, pedestrians, unspecified objects and structures that may collide with the vehicle may not be detected.
Based on the description of provided by the customer, the accident was not caused by a failure and/or disengagement of HDA.  Kia has no further information at this time. 
***6/[xxx]/15 10-Day Update Incident Report***
On 6/[XXX]/22, Kia spoke with customer's husband regarding the incident. Customer's husband reiterated that his concern was that he believed the airbags should have deployed when he side-swiped the guardrails after he was ""cut-off"" by another vehicle.", ,ADAS
13781-3233,1,"Tesla, Inc.",1-Day,,,JUN-2022,5YJYGDEE3MF, ,,Tesla,Model Y, ,2021.0, ,11fb2056d588645,10449.0, ,Consumer,"[REDACTED, MAY CONTAIN CONFIDENTIAL BUSINESS INFORMATION]", ,Y,No,ADAS,, , ,Y, , , , , ,,JUN-2022, ,JUN-2022,10:27, ,7a85c720eca5c18,[MAY CONTAIN PERSONALLY IDENTIFIABLE INFORMATION], ,[MAY CONTAIN PERSONALLY IDENTIFIABLE INFORMATION], ,[MAY CONTAIN PERSONALLY IDENTIFIABLE INFORMATION], ,Lower Saucon Township, ,PA ,[MAY CONTAIN PERSONALLY IDENTIFIABLE INFORMATION], ,Unknown,Unknown,Unknown,,Y,Unknown, , , , , , ,Y, ,,Unknown,Unknown,Yes,Unknown,Unknown,Unknown, , , , , , , , , , ,Y,Unknown,Yes,Unknown,Unknown,,Y, , , , , , , , , , ,Y,Y, , , , , , , ,Unknown,,Y,Unknown,,Y,,Y,,Y,"[REDACTED, MAY CONTAIN CONFIDENTIAL BUSINESS INFORMATION]",Y,"[REDACTED, MAY CONTAIN CONFIDENTIAL BUSINESS INFORMATION]",Y,ADAS