Report ID,Report Version,Reporting Entity,Report Type,Report Month,Report Year,Report Submission Date,VIN,VIN - Unknown,Serial Number,Make,Model,Model - Unknown,Model Year,Model Year - Unknown,Same Vehicle ID,Mileage,Mileage - Unknown,Driver / Operator Type,ADAS/ADS Version,ADAS/ADS Version - Unknown,ADAS/ADS Version CBI,ADS Equipped?,Automation System Engaged?,Operating Entity,Operating Entity - Unknown,Source - Complaint/Claim,Source - Telematics,Source - Law Enforcement,Source - Field Report,Source - Testing,Source - Media,Source - Other,Source - Other Text,Incident Date,Incident Date - Unknown,Notice Received Date,Incident Time (24:00),Incident Time - Unknown,Same Incident ID,Latitude,Latitude  - Unknown,Longitude,Longitude - Unknown,Address,Address - Unknown,City,City - Unknown,State,Zip Code,Zip Code - Unknown,Roadway Type,Roadway Surface,Roadway Description,Posted Speed Limit (MPH),Posted Speed Limit - Unknown,Lighting,Weather - Clear,Weather - Snow,Weather - Cloudy,Weather - Fog/Smoke,Weather - Rain,Weather - Severe Wind,Weather - Unknown,Weather - Other,Weather - Other Text,Crash With,Highest Injury Severity,Property Damage?,CP Pre-Crash Movement,CP Any Air Bags Deployed?,CP Was Vehicle Towed?,CP Contact Area - Rear Left,CP Contact Area - Left,CP Contact Area - Front Left,CP Contact Area - Rear,CP Contact Area - Top,CP Contact Area - Front,CP Contact Area - Rear Right,CP Contact Area - Right,CP Contact Area - Front Right,CP Contact Area - Bottom,CP Contact Area - Unknown,SV Pre-Crash Movement,SV Any Air Bags Deployed?,SV Was Vehicle Towed?,SV Were All Passengers Belted?,SV Precrash Speed (MPH),SV Pre-crash Speed - Unknown,SV Contact Area - Rear Left,SV Contact Area - Left,SV Contact Area - Front Left,SV Contact Area - Rear,SV Contact Area - Top,SV Contact Area - Front,SV Contact Area - Rear Right,SV Contact Area - Right,SV Contact Area - Front Right,SV Contact Area - Bottom,SV Contact Area - Unknown,Data Availability - EDR,Data Availability - Police Rpt,Data Availability - Telematics,Data Availability - Complaints,Data Availability - Video,Data Availability - Other,Data Availability - No Data,Data Availability - Unknown,Law Enforcement Investigating?,Investigating Agency,Investigating Agency - Unknown,Rep Ent Or Mfr Investigating?,Investigating Officer Name,Inv. Officer Name - Unknown,Investigating Officer Phone,Inv. Officer Phone - Unknown,Investigating Officer Email,Inv. Officer Email - Unknown,Within ODD?,Within ODD? - CBI,Narrative,Narrative - CBI?,system_type
669-3126,1,Hyundai Motor America,1-Day,,,JUN-2022,KMUMA4TB1MU, ,,Genesis,GV70, ,2022.0, ,109bde9ae07a0a3,,Y,In-Vehicle (Commercial / Test),Highway Drive Assist (L2), , ,No,ADAS,Hyundai America Technical Center Inc., , , , , ,Y, , ,,JUN-2022, ,JUN-2022,14:20, ,c7be59d34abcd76,,Y,,Y,[MAY CONTAIN PERSONALLY IDENTIFIABLE INFORMATION], ,Chikaming Twp, ,MI ,[MAY CONTAIN PERSONALLY IDENTIFIABLE INFORMATION], ,Street,Wet,No Unusual Conditions,,Y,Daylight, , , , ,Y, , , ,,Passenger Car,Unknown,Unknown,Proceeding Straight,No,Yes, , , , , ,Y, ,Y, , , ,Lane / Road Departure,No,Yes,Yes,,Y,Y, ,Y,Y, ,Y,Y,Y,Y, , , , , , , , , ,Y,Yes,Michigan State Police, ,Yes,[MAY CONTAIN PERSONALLY IDENTIFIABLE INFORMATION], ,,Y,,Y,"Unknown, see Narrative", ,"A HATCI engineer was operating the subject prototype GV70 vehicle evaluating different drive modes (ECO, Comfort, Sport, etc) while driving westbound on [XXX] in the left lane.  The roadway condition was wet due to heavy rain that just subsided to a light drizzle.
While approaching a Lincoln vehicle with the Highway Drive Assist (""HDA"") engaged:
1) The operator decided to actively brake to disengage the HDA mode.  
2) The operator then switched to the right lane successfully.
3) The vehicle's Lane Keep Assist (""LKA"") applied steering input during the lane change while the operator manually managed the steering completing the lane change.
4) Within a few seconds of the lane change, the vehicle began to rotate counter-clockwise and the front of the vehicle made contact with the rear passenger side of the Lincoln vehicle in the left lane.
5) After making contact, the GV70 rotated clockwise and travelled off the roadway eventually coming to a stop in a wooded area.  The Lincoln vehicle also left the roadway and came to a stop near the GV70 vehicle in the same wooded area.
6) The GV70 vehicle airbags did not deploy during the incident.
7) Police and first responder medical teams arrived at the incident and the GV70 car was towed away.
HMA and HATCI are actively investigating this incident and are planning to inspect the GV70 vehicle.  An EDR download will be attempted.", ,ADAS
62-3128,1,Honda (American Honda Motor Co.),1-Day,,,JUN-2022,3CZRU6H78MM, ,,Honda,HRV, ,2021.0, ,374c377ca7b4170,,Y,Consumer,,Y, ,No,"Unknown, see Narrative",, ,Y, , , , , , ,,MAY-2022, ,JUN-2022,,Y,87eefe0c6ee8e03,,Y,,Y,,Y,New York, ,NY ,,Y,Unknown,Unknown,Unknown,,Y,Unknown, , , , , , ,Y, ,,Passenger Car,No Injuries Reported,Unknown,Unknown,Unknown,Unknown, , , ,Y, , , , , , , ,Unknown,No,Yes,Unknown,,Y, , , , , ,Y, , , , , , , , ,Y, , , , ,No,, ,No,, ,, ,, ,"Unknown, see Narrative", ,The customer rear ended another vehicle causing her windshield break. The customer alleges that the Lane Keep Assist System and Adaptive Cruise Control were engaged., ,ADAS
62-3127,1,Honda (American Honda Motor Co.),1-Day,,,JUN-2022,1HGCV3F92MA, ,,Honda,Accord Hybrid, ,2021.0, ,7b76efcfa54a688,,Y,Consumer,,Y, ,No,"Unknown, see Narrative",, ,Y, , , , , , ,,MAY-2022, ,JUN-2022,,Y,e5e48c43e15e12c,,Y,,Y,,Y,,Y,NJ ,,Y,Unknown,Unknown,Unknown,,Y,Unknown, , , , , , ,Y, ,,Other Fixed Object,No Injuries Reported,Unknown,,,, , , , , , , , , , , ,Unknown,Yes,Yes,Unknown,,Y, , , , , , , , , , ,Y, , , ,Y, , , , ,No,, ,No,, ,, ,, ,"Unknown, see Narrative", ,"The customer's boyfriend was making a turn when the steering wheel would not turn and the brakes malfunctioned. As a result, the customer's vehicle hit a curb. The customer alleges that the Lane Keep Assist System and Adaptive Cruise Control were engaged. ", ,ADAS
753-3117,1,Kia Motors America,1-Day,,,JUN-2022,5XYP6DHC3NG, ,[MAY CONTAIN PERSONALLY IDENTIFIABLE INFORMATION],Kia,Telluride, ,2022.0, ,03ba2778542b7c5,4091.0, ,Consumer,,Y, ,No,ADAS,, ,Y, , , , , , ,,MAR-2022, ,JUN-2022,18:00, ,b6b2fb8eb56b835,[MAY CONTAIN PERSONALLY IDENTIFIABLE INFORMATION], ,[MAY CONTAIN PERSONALLY IDENTIFIABLE INFORMATION], ,[MAY CONTAIN PERSONALLY IDENTIFIABLE INFORMATION], ,Forked River, ,NJ ,[MAY CONTAIN PERSONALLY IDENTIFIABLE INFORMATION], ,Highway / Freeway,Dry,No Unusual Conditions,65.0, ,Dawn / Dusk,Y, , , , , , , ,,Other Fixed Object,Minor,Yes,,,, , , , , , , , , , , ,Proceeding Straight,No,Yes,Yes,65.0, , , , , , , , , , , ,Y, , , , , , , ,Y,Unknown,New Jersey State Police, ,No,,Y,,Y,,Y,Yes, ,"Customer contacted Kia's Consumer Affairs (CA) Department on June [XXX], 2022 indicating that her husband was involved in an accident and the airbags in their 2022 Kia Telluride did not deploy.  Customer reported her husband was driving the subject Telluride at 65mph through a toll southbound on [XXX] when a second vehicle behind the Telluride went through the toll and attempted to squeeze in between the Telluride and a third vehicle on the highway. Customer's husband moved the Telluride to the right to evade the second vehicle and made contact with the right shoulder guardrail.  No other vehicles were involved in the incident.  The vehicle was towed.  When asked by CA, the customer reported that HDA and cruise control were engaged at the time of the incident but customer did not allege that either of those systems caused the accident.
The subject Kia Telluride is equipped with the ADAS Level 2 feature Highway Driving Assist (HDA).  HDA is a supplemental system that helps maintain a set distance and speed from the vehicle ahead when driving on a highway and helps keep the vehicle between lanes while driving.  HDA may not be able to recognize all traffic situations and may not detect possible collisions due to limitations of the system.  Obstacles such as vehicles, motorcycles, bicycles, pedestrians, unspecified objects and structures that may collide with the vehicle may not be detected.
Based on the description of provided by the customer, the accident was not caused by a failure and/or disengagement of HDA.  Kia has no further information at this time.""", ,ADAS
13781-3069,2,"Tesla, Inc.",10-Day Update,,,JUN-2022,5YJ3E1EB4JF, ,,Tesla,Model 3, ,2018.0, ,a59406748f571f8,37991.0, ,Consumer,"[REDACTED, MAY CONTAIN CONFIDENTIAL BUSINESS INFORMATION]", ,Y,No,ADAS,, , ,Y, , , , , ,,MAY-2022, ,JUN-2022,22:50, ,c1f065d1985e666,[MAY CONTAIN PERSONALLY IDENTIFIABLE INFORMATION], ,[MAY CONTAIN PERSONALLY IDENTIFIABLE INFORMATION], ,[MAY CONTAIN PERSONALLY IDENTIFIABLE INFORMATION], ,Saint Petersburg, ,FL ,[MAY CONTAIN PERSONALLY IDENTIFIABLE INFORMATION], ,Highway / Freeway,Wet,No Unusual Conditions,65.0, ,Daylight, , , , ,Y, , , ,,Passenger Car,Unknown,Yes,Proceeding Straight,Unknown,Unknown, ,Y,Y, , , , , , , , ,Lane / Road Departure,Yes,Unknown,Unknown,38.0, , , ,Y, , ,Y, ,Y,Y, , ,Y, ,Y, ,Y,Y, , ,Unknown,,Y,Unknown,,Y,,Y,,Y,"[REDACTED, MAY CONTAIN CONFIDENTIAL BUSINESS INFORMATION]",Y,"[REDACTED, MAY CONTAIN CONFIDENTIAL BUSINESS INFORMATION]",Y,ADAS
13781-3060,2,"Tesla, Inc.",10-Day Update,,,JUN-2022,5YJYGDEE4MF, ,,Tesla,Model Y, ,2021.0, ,6e348bd4ce4b3ed,17960.0, ,Consumer,"[REDACTED, MAY CONTAIN CONFIDENTIAL BUSINESS INFORMATION]", ,Y,No,ADAS,, , ,Y, , , , , ,,MAY-2022, ,MAY-2022,01:22, ,acf2348719773d7,[MAY CONTAIN PERSONALLY IDENTIFIABLE INFORMATION], ,[MAY CONTAIN PERSONALLY IDENTIFIABLE INFORMATION], ,[MAY CONTAIN PERSONALLY IDENTIFIABLE INFORMATION], ,Phoenix, ,AZ ,[MAY CONTAIN PERSONALLY IDENTIFIABLE INFORMATION], ,Highway / Freeway,"Other, see Narrative",Missing / Degraded Markings,65.0, ,"Other, see Narrative",Y, , , , , , , ,,"Other, see Narrative",Unknown,Yes,Unknown,Unknown,Unknown, , , , , , , , , , ,Y,Lane / Road Departure,Yes,Unknown,Unknown,,Y, , ,Y, , ,Y, , ,Y, , ,Y, ,Y, ,Y, , , ,Unknown,,Y,Unknown,,Y,,Y,,Y,"[REDACTED, MAY CONTAIN CONFIDENTIAL BUSINESS INFORMATION]",Y,"[REDACTED, MAY CONTAIN CONFIDENTIAL BUSINESS INFORMATION]",Y,ADAS
13781-3059,2,"Tesla, Inc.",10-Day Update,,,JUN-2022,5YJSA1E29JF, ,,Tesla,Model S, ,2018.0, ,c3502724528279e,57525.0, ,Consumer,"[REDACTED, MAY CONTAIN CONFIDENTIAL BUSINESS INFORMATION]", ,Y,No,ADAS,, , ,Y, , , , , ,,MAY-2022, ,MAY-2022,23:34, ,15f428b3880dfaf,[MAY CONTAIN PERSONALLY IDENTIFIABLE INFORMATION], ,[MAY CONTAIN PERSONALLY IDENTIFIABLE INFORMATION], ,[MAY CONTAIN PERSONALLY IDENTIFIABLE INFORMATION], ,Jackson, ,MI ,[MAY CONTAIN PERSONALLY IDENTIFIABLE INFORMATION], ,Street,Unknown,Unknown,50.0, ,Unknown, , , , , , ,Y, ,,Unknown,Unknown,Yes,Unknown,Unknown,Unknown, , , , , , , , , , ,Y,Proceeding Straight,Yes,Unknown,Unknown,40.0, , , , , , , , , , , ,Y,Y, , , , ,Y, , ,Unknown,,Y,Unknown,,Y,,Y,,Y,"[REDACTED, MAY CONTAIN CONFIDENTIAL BUSINESS INFORMATION]",Y,"[REDACTED, MAY CONTAIN CONFIDENTIAL BUSINESS INFORMATION]",Y,ADAS
13781-3058,2,"Tesla, Inc.",10-Day Update,,,JUN-2022,5YJYGDEE6MF, ,,Tesla,Model Y, ,2021.0, ,9acbd4ba556285f,38699.0, ,Consumer,"[REDACTED, MAY CONTAIN CONFIDENTIAL BUSINESS INFORMATION]", ,Y,No,ADAS,, , ,Y, , , , , ,,MAY-2022, ,MAY-2022,18:24, ,8399967e17eb30c,[MAY CONTAIN PERSONALLY IDENTIFIABLE INFORMATION], ,[MAY CONTAIN PERSONALLY IDENTIFIABLE INFORMATION], ,[MAY CONTAIN PERSONALLY IDENTIFIABLE INFORMATION], ,Renfro Valley, ,KY ,[MAY CONTAIN PERSONALLY IDENTIFIABLE INFORMATION], ,Highway / Freeway,Wet,No Unusual Conditions,70.0, ,Daylight, , ,Y, ,Y, , , ,,Other Fixed Object,Unknown,Yes,,,, , , , , , , , , , , ,Proceeding Straight,Yes,Unknown,Unknown,60.0, , , ,Y, , ,Y, , ,Y, , ,Y, ,Y, ,Y,Y, , ,Unknown,,Y,Unknown,,Y,,Y,,Y,"[REDACTED, MAY CONTAIN CONFIDENTIAL BUSINESS INFORMATION]",Y,"[REDACTED, MAY CONTAIN CONFIDENTIAL BUSINESS INFORMATION]",Y,ADAS
13781-3061,2,"Tesla, Inc.",10-Day Update,,,JUN-2022,5YJ3E1EB2JF, ,,Tesla,Model 3, ,2018.0, ,6ab25da74e492fb,49415.0, ,Consumer,"[REDACTED, MAY CONTAIN CONFIDENTIAL BUSINESS INFORMATION]", ,Y,No,ADAS,, , ,Y, , , , , ,,MAY-2022, ,MAY-2022,04:06, ,fda3ff4121e0be7,[MAY CONTAIN PERSONALLY IDENTIFIABLE INFORMATION], ,[MAY CONTAIN PERSONALLY IDENTIFIABLE INFORMATION], ,[MAY CONTAIN PERSONALLY IDENTIFIABLE INFORMATION], ,Maysville, ,NC ,[MAY CONTAIN PERSONALLY IDENTIFIABLE INFORMATION], ,Highway / Freeway,Dry,No Unusual Conditions,70.0, ,Dark - Not Lighted,Y, , , , , , , ,,Animal,Unknown,Yes,Unknown,,, , , , , , , , , , , ,Proceeding Straight,Yes,Unknown,Unknown,68.0, , , ,Y, , ,Y, , ,Y, , ,Y, ,Y, ,Y,Y, , ,Unknown,,Y,Unknown,,Y,,Y,,Y,"[REDACTED, MAY CONTAIN CONFIDENTIAL BUSINESS INFORMATION]",Y,"[REDACTED, MAY CONTAIN CONFIDENTIAL BUSINESS INFORMATION]",Y,ADAS
13781-3062,2,"Tesla, Inc.",10-Day Update,,,JUN-2022,5YJ3E1EA9JF, ,,Tesla,Model 3, ,2018.0, ,0ff745f8b54c781,57610.0, ,Consumer,"[REDACTED, MAY CONTAIN CONFIDENTIAL BUSINESS INFORMATION]", ,Y,No,ADAS,, , ,Y, , , , , ,,MAY-2022, ,MAY-2022,20:46, ,adf4880ff328a27,[MAY CONTAIN PERSONALLY IDENTIFIABLE INFORMATION], ,[MAY CONTAIN PERSONALLY IDENTIFIABLE INFORMATION], ,[MAY CONTAIN PERSONALLY IDENTIFIABLE INFORMATION], ,Greenacres, ,FL ,[MAY CONTAIN PERSONALLY IDENTIFIABLE INFORMATION], ,Street,Dry,No Unusual Conditions,45.0, ,Unknown,Y, , , , , , , ,,Van,Unknown,Yes,Making Right Turn,Unknown,Unknown,Y, , ,Y, , ,Y, , , , ,Proceeding Straight,Yes,Unknown,Unknown,48.0, , , ,Y, , ,Y, , ,Y, , ,Y, ,Y, ,Y, , , ,Unknown,,Y,Unknown,,Y,,Y,,Y,"[REDACTED, MAY CONTAIN CONFIDENTIAL BUSINESS INFORMATION]",Y,"[REDACTED, MAY CONTAIN CONFIDENTIAL BUSINESS INFORMATION]",Y,ADAS
13781-3071,2,"Tesla, Inc.",10-Day Update,,,JUN-2022,7SAYGDEF2NF, ,,Tesla,Model Y, ,2022.0, ,3797ae828048c09,6985.0, ,Consumer,"[REDACTED, MAY CONTAIN CONFIDENTIAL BUSINESS INFORMATION]", ,Y,No,ADAS,, , ,Y, , , , , ,,MAY-2022, ,JUN-2022,16:39, ,5fe7d36f4a15f81,[MAY CONTAIN PERSONALLY IDENTIFIABLE INFORMATION], ,[MAY CONTAIN PERSONALLY IDENTIFIABLE INFORMATION], ,[MAY CONTAIN PERSONALLY IDENTIFIABLE INFORMATION], ,Gladeview, ,FL ,[MAY CONTAIN PERSONALLY IDENTIFIABLE INFORMATION], ,Street,Wet,No Unusual Conditions,40.0, ,Daylight, , ,Y, ,Y, , , ,,Van,Unknown,Yes,Proceeding Straight,Unknown,Unknown, , , , , , ,Y,Y,Y, , ,Proceeding Straight,Unknown,Yes,Unknown,25.0, , , ,Y, , ,Y, , ,Y, , ,Y, ,Y, ,Y,Y, , ,Unknown,,Y,Unknown,,Y,,Y,,Y,"[REDACTED, MAY CONTAIN CONFIDENTIAL BUSINESS INFORMATION]",Y,"[REDACTED, MAY CONTAIN CONFIDENTIAL BUSINESS INFORMATION]",Y,ADAS
13781-3074,2,"Tesla, Inc.",10-Day Update,,,JUN-2022,5YJ3E1EB0MF, ,,Tesla,Model 3, ,2021.0, ,b5bcaa6324337fb,9391.0, ,Consumer,"[REDACTED, MAY CONTAIN CONFIDENTIAL BUSINESS INFORMATION]", ,Y,No,ADAS,, ,Y, ,Y, , , , ,,MAY-2022, ,JUN-2022,,Y,2e417fe11f10eeb,,Y,,Y,,Y,Evergreen, ,CO ,,Y,Unknown,Unknown,Unknown,,Y,Unknown, , , , , , ,Y, ,,Pole / Tree,Fatality,Yes,,,, , , , , , , , , , , ,Unknown,Unknown,Yes,Unknown,,Y, , , , , , , , , , ,Y, , , ,Y, , , , ,Yes,Colorado State Patrol, ,Unknown,[MAY CONTAIN PERSONALLY IDENTIFIABLE INFORMATION], ,[MAY CONTAIN PERSONALLY IDENTIFIABLE INFORMATION], ,[MAY CONTAIN PERSONALLY IDENTIFIABLE INFORMATION], ,"[REDACTED, MAY CONTAIN CONFIDENTIAL BUSINESS INFORMATION]",Y,"[REDACTED, MAY CONTAIN CONFIDENTIAL BUSINESS INFORMATION]",Y,ADAS
62-3082,1,Honda (American Honda Motor Co.),1-Day,,,JUN-2022,1HGCV3F92MA, ,,Honda,Accord Hybrid, ,2021.0, ,0cd3fe005d89cd2,,Y,Consumer,,Y, ,No,"Unknown, see Narrative",, ,Y, , , , , , ,,MAY-2022, ,JUN-2022,,Y,ae34e00fbf7434f,,Y,,Y,,Y,Dallas, ,TX ,,Y,Unknown,Unknown,Unknown,,Y,Unknown, , , , , , ,Y, ,,Unknown,No Injuries Reported,Unknown,Unknown,Unknown,Unknown, , , , , , , , , , ,Y,Unknown,Yes,Yes,Unknown,,Y, ,Y, , , , , , , , , , , , ,Y, , , , ,No,, ,No,, ,, ,, ,"Unknown, see Narrative", ,"The customer reported that while driving, another vehicle crashed into the customer's on the driver's side door, totaling the vehicle. The customer alleges that the Lane Keep Assist System and Adaptive Cruise Control were engaged.", ,ADAS
13781-3079,1,"Tesla, Inc.",1-Day,,,JUN-2022,5YJ3E1EB8LF, ,,Tesla,Model 3, ,2020.0, ,722a0cb2895f042,31589.0, ,Consumer,"[REDACTED, MAY CONTAIN CONFIDENTIAL BUSINESS INFORMATION]", ,Y,No,ADAS,, , ,Y, , , , , ,,JUN-2022, ,JUN-2022,02:47, ,ad01dedb1ec70e8,[MAY CONTAIN PERSONALLY IDENTIFIABLE INFORMATION], ,[MAY CONTAIN PERSONALLY IDENTIFIABLE INFORMATION], ,[MAY CONTAIN PERSONALLY IDENTIFIABLE INFORMATION], ,University City, ,MO ,[MAY CONTAIN PERSONALLY IDENTIFIABLE INFORMATION], ,Unknown,Unknown,Unknown,,Y,Unknown, , , , , , ,Y, ,,Unknown,Unknown,Yes,Unknown,Unknown,Unknown, , , , , , , , , , ,Y,Unknown,Yes,Unknown,Unknown,,Y, , , , , , , , , , ,Y,Y, , , , , , , ,Unknown,,Y,Unknown,,Y,,Y,,Y,"[REDACTED, MAY CONTAIN CONFIDENTIAL BUSINESS INFORMATION]",Y,"[REDACTED, MAY CONTAIN CONFIDENTIAL BUSINESS INFORMATION]",Y,ADAS
13781-3077,1,"Tesla, Inc.",1-Day,,,JUN-2022,5YJSA1E2XFF, ,,Tesla,Model S, ,2015.0, ,f0580268f148bfc,93903.0, ,Consumer,"[REDACTED, MAY CONTAIN CONFIDENTIAL BUSINESS INFORMATION]", ,Y,No,ADAS,, , ,Y, , , , , ,,JUN-2022, ,JUN-2022,13:56, ,e0375902ad574c0,[MAY CONTAIN PERSONALLY IDENTIFIABLE INFORMATION], ,[MAY CONTAIN PERSONALLY IDENTIFIABLE INFORMATION], ,[MAY CONTAIN PERSONALLY IDENTIFIABLE INFORMATION], ,Carrboro, ,NC ,[MAY CONTAIN PERSONALLY IDENTIFIABLE INFORMATION], ,Unknown,Unknown,Unknown,,Y,Unknown, , , , , , ,Y, ,,Unknown,Unknown,Yes,Unknown,Unknown,Unknown, , , , , , , , , , ,Y,Unknown,Yes,Unknown,Unknown,,Y, , , , , , , , , , ,Y,Y, , , , , , , ,Unknown,,Y,Unknown,,Y,,Y,,Y,"[REDACTED, MAY CONTAIN CONFIDENTIAL BUSINESS INFORMATION]",Y,"[REDACTED, MAY CONTAIN CONFIDENTIAL BUSINESS INFORMATION]",Y,ADAS
13781-3075,1,"Tesla, Inc.",1-Day,,,JUN-2022,5YJ3E1EB3NF, ,,Tesla,Model 3, ,2022.0, ,a160105129c02fc,1814.0, ,Consumer,"[REDACTED, MAY CONTAIN CONFIDENTIAL BUSINESS INFORMATION]", ,Y,No,ADAS,, ,Y, , , , , , ,,MAY-2022, ,JUN-2022,21:36, ,c190d88b3d708df,,Y,,Y,,Y,,Y,OR ,,Y,Unknown,Unknown,Unknown,,Y,Unknown, , , , , , ,Y, ,,Unknown,Unknown,Yes,Unknown,Unknown,Unknown, , , , , , , , , , ,Y,Unknown,Yes,Yes,Unknown,,Y, , , , , , , , , , ,Y, , , , , , , ,Y,Unknown,,Y,Unknown,,Y,,Y,,Y,"[REDACTED, MAY CONTAIN CONFIDENTIAL BUSINESS INFORMATION]",Y,"[REDACTED, MAY CONTAIN CONFIDENTIAL BUSINESS INFORMATION]",Y,ADAS
13781-3074,1,"Tesla, Inc.",1-Day,,,JUN-2022,5YJ3E1EB0MF, ,,Tesla,Model 3, ,2021.0, ,b5bcaa6324337fb,9391.0, ,Consumer,"[REDACTED, MAY CONTAIN CONFIDENTIAL BUSINESS INFORMATION]", ,Y,No,ADAS,, ,Y, ,Y, , , , ,,MAY-2022, ,JUN-2022,,Y,2e417fe11f10eeb,,Y,,Y,,Y,Evergreen, ,CO ,,Y,Unknown,Unknown,Unknown,,Y,Unknown, , , , , , ,Y, ,,Pole / Tree,Fatality,Yes,,,, , , , , , , , , , , ,Unknown,Unknown,Yes,Unknown,,Y, , , , , , , , , , ,Y, , , , , , , ,Y,Yes,Colorado State Patrol, ,Unknown,[MAY CONTAIN PERSONALLY IDENTIFIABLE INFORMATION], ,[MAY CONTAIN PERSONALLY IDENTIFIABLE INFORMATION], ,[MAY CONTAIN PERSONALLY IDENTIFIABLE INFORMATION], ,"[REDACTED, MAY CONTAIN CONFIDENTIAL BUSINESS INFORMATION]",Y,"[REDACTED, MAY CONTAIN CONFIDENTIAL BUSINESS INFORMATION]",Y,ADAS
13781-3071,1,"Tesla, Inc.",1-Day,,,JUN-2022,7SAYGDEF2NF, ,,Tesla,Model Y, ,2022.0, ,3797ae828048c09,6985.0, ,Consumer,"[REDACTED, MAY CONTAIN CONFIDENTIAL BUSINESS INFORMATION]", ,Y,No,ADAS,, , ,Y, , , , , ,,MAY-2022, ,JUN-2022,16:39, ,5fe7d36f4a15f81,[MAY CONTAIN PERSONALLY IDENTIFIABLE INFORMATION], ,[MAY CONTAIN PERSONALLY IDENTIFIABLE INFORMATION], ,[MAY CONTAIN PERSONALLY IDENTIFIABLE INFORMATION], ,Gladeview, ,FL ,[MAY CONTAIN PERSONALLY IDENTIFIABLE INFORMATION], ,Unknown,Unknown,Unknown,,Y,Unknown, , , , , , ,Y, ,,Unknown,Unknown,Unknown,Unknown,Unknown,Unknown, , , , , , , , , , ,Y,Unknown,Unknown,Yes,Unknown,,Y, , , , , , , , , , ,Y, , , , , , , ,Y,Unknown,,Y,Unknown,,Y,,Y,,Y,"[REDACTED, MAY CONTAIN CONFIDENTIAL BUSINESS INFORMATION]",Y,"[REDACTED, MAY CONTAIN CONFIDENTIAL BUSINESS INFORMATION]",Y,ADAS
13781-3069,1,"Tesla, Inc.",1-Day,,,JUN-2022,5YJ3E1EB4JF, ,,Tesla,Model 3, ,2018.0, ,a59406748f571f8,37991.0, ,Consumer,"[REDACTED, MAY CONTAIN CONFIDENTIAL BUSINESS INFORMATION]", ,Y,No,ADAS,, , ,Y, , , , , ,,MAY-2022, ,JUN-2022,22:50, ,c1f065d1985e666,[MAY CONTAIN PERSONALLY IDENTIFIABLE INFORMATION], ,[MAY CONTAIN PERSONALLY IDENTIFIABLE INFORMATION], ,[MAY CONTAIN PERSONALLY IDENTIFIABLE INFORMATION], ,Saint Petersburg, ,FL ,[MAY CONTAIN PERSONALLY IDENTIFIABLE INFORMATION], ,Highway / Freeway,Unknown,Unknown,,Y,Unknown, , , , , , ,Y, ,,Unknown,Unknown,Yes,Unknown,Unknown,Unknown, , , , , , , , , , ,Y,Unknown,Yes,Unknown,Unknown,,Y, , , , , , , , , , ,Y,Y, , , , , , , ,Unknown,,Y,Unknown,,Y,,Y,,Y,"[REDACTED, MAY CONTAIN CONFIDENTIAL BUSINESS INFORMATION]",Y,"[REDACTED, MAY CONTAIN CONFIDENTIAL BUSINESS INFORMATION]",Y,ADAS
62-3066,1,Honda (American Honda Motor Co.),1-Day,,,MAY-2022,5FRYD3H41GB, ,,Acura,MDX, ,2016.0, ,4c6a60fe31dede6,,Y,Consumer,,Y, ,No,"Unknown, see Narrative",, ,Y, , , , , , ,,FEB-2022, ,MAY-2022,,Y,ec79e1ab6b41a8f,,Y,,Y,,Y,Treewood, ,LA ,,Y,Unknown,Unknown,Unknown,,Y,Unknown, , , , , , ,Y, ,,Unknown,No Injuries Reported,Unknown,Unknown,Unknown,Unknown, , , , , , , , , , ,Y,Making U-Turn,No,Yes,Unknown,,Y, ,Y, , , , , , , , , , , , ,Y, , , , ,No,, ,No,, ,, ,, ,"Unknown, see Narrative", ,The customer was making a U-turn when another vehicle crashed into the customer. The customer alleges that the Lane Keep Assist System and Adaptive Cruise Control were engaged., ,ADAS
13781-3062,1,"Tesla, Inc.",1-Day,,,MAY-2022,5YJ3E1EA9JF, ,,Tesla,Model 3, ,2018.0, ,0ff745f8b54c781,57610.0, ,Consumer,"[REDACTED, MAY CONTAIN CONFIDENTIAL BUSINESS INFORMATION]", ,Y,No,ADAS,, , ,Y, , , , , ,,MAY-2022, ,MAY-2022,20:46, ,adf4880ff328a27,[MAY CONTAIN PERSONALLY IDENTIFIABLE INFORMATION], ,[MAY CONTAIN PERSONALLY IDENTIFIABLE INFORMATION], ,[MAY CONTAIN PERSONALLY IDENTIFIABLE INFORMATION], ,Greenacres, ,FL ,[MAY CONTAIN PERSONALLY IDENTIFIABLE INFORMATION], ,Unknown,Unknown,Unknown,,Y,Unknown, , , , , , ,Y, ,,Unknown,Unknown,Yes,Unknown,Unknown,Unknown, , , , , , , , , , ,Y,Unknown,Yes,Unknown,Unknown,,Y, , , , , , , , , , ,Y,Y, , , , , , , ,Unknown,,Y,Unknown,,Y,,Y,,Y,"[REDACTED, MAY CONTAIN CONFIDENTIAL BUSINESS INFORMATION]",Y,"[REDACTED, MAY CONTAIN CONFIDENTIAL BUSINESS INFORMATION]",Y,ADAS
13781-3061,1,"Tesla, Inc.",1-Day,,,MAY-2022,5YJ3E1EB2JF, ,,Tesla,Model 3, ,2018.0, ,6ab25da74e492fb,49415.0, ,Consumer,"[REDACTED, MAY CONTAIN CONFIDENTIAL BUSINESS INFORMATION]", ,Y,No,ADAS,, , ,Y, , , , , ,,MAY-2022, ,MAY-2022,04:06, ,fda3ff4121e0be7,[MAY CONTAIN PERSONALLY IDENTIFIABLE INFORMATION], ,[MAY CONTAIN PERSONALLY IDENTIFIABLE INFORMATION], ,[MAY CONTAIN PERSONALLY IDENTIFIABLE INFORMATION], ,Maysville, ,NC ,[MAY CONTAIN PERSONALLY IDENTIFIABLE INFORMATION], ,Unknown,Unknown,Unknown,,Y,Unknown, , , , , , ,Y, ,,Unknown,Unknown,Yes,Unknown,Unknown,Unknown, , , , , , , , , , ,Y,Unknown,Yes,Unknown,Unknown,,Y, , , , , , , , , , ,Y,Y, , , , , , , ,Unknown,,Y,Unknown,,Y,,Y,,Y,"[REDACTED, MAY CONTAIN CONFIDENTIAL BUSINESS INFORMATION]",Y,"[REDACTED, MAY CONTAIN CONFIDENTIAL BUSINESS INFORMATION]",Y,ADAS
13781-3060,1,"Tesla, Inc.",1-Day,,,MAY-2022,5YJYGDEE4MF, ,,Tesla,Model Y, ,2021.0, ,6e348bd4ce4b3ed,17960.0, ,Consumer,"[REDACTED, MAY CONTAIN CONFIDENTIAL BUSINESS INFORMATION]", ,Y,No,ADAS,, , ,Y, , , , , ,,MAY-2022, ,MAY-2022,01:22, ,acf2348719773d7,[MAY CONTAIN PERSONALLY IDENTIFIABLE INFORMATION], ,[MAY CONTAIN PERSONALLY IDENTIFIABLE INFORMATION], ,[MAY CONTAIN PERSONALLY IDENTIFIABLE INFORMATION], ,Phoenix, ,AZ ,[MAY CONTAIN PERSONALLY IDENTIFIABLE INFORMATION], ,Unknown,Unknown,Unknown,,Y,Unknown, , , , , , ,Y, ,,Unknown,Unknown,Yes,Unknown,Unknown,Unknown, , , , , , , , , , ,Y,Unknown,Yes,Unknown,Unknown,,Y, , , , , , , , , , ,Y,Y, , , , , , , ,Unknown,,Y,Unknown,,Y,,Y,,Y,"[REDACTED, MAY CONTAIN CONFIDENTIAL BUSINESS INFORMATION]",Y,"[REDACTED, MAY CONTAIN CONFIDENTIAL BUSINESS INFORMATION]",Y,ADAS