Report ID,Report Version,Reporting Entity,Report Type,Report Month,Report Year,Report Submission Date,VIN,VIN - Unknown,Serial Number,Make,Model,Model - Unknown,Model Year,Model Year - Unknown,Same Vehicle ID,Mileage,Mileage - Unknown,Driver / Operator Type,ADAS/ADS Version,ADAS/ADS Version - Unknown,ADAS/ADS Version CBI,ADS Equipped?,Automation System Engaged?,Operating Entity,Operating Entity - Unknown,Source - Complaint/Claim,Source - Telematics,Source - Law Enforcement,Source - Field Report,Source - Testing,Source - Media,Source - Other,Source - Other Text,Incident Date,Incident Date - Unknown,Notice Received Date,Incident Time (24:00),Incident Time - Unknown,Same Incident ID,Latitude,Latitude  - Unknown,Longitude,Longitude - Unknown,Address,Address - Unknown,City,City - Unknown,State,Zip Code,Zip Code - Unknown,Roadway Type,Roadway Surface,Roadway Description,Posted Speed Limit (MPH),Posted Speed Limit - Unknown,Lighting,Weather - Clear,Weather - Snow,Weather - Cloudy,Weather - Fog/Smoke,Weather - Rain,Weather - Severe Wind,Weather - Unknown,Weather - Other,Weather - Other Text,Crash With,Highest Injury Severity,Property Damage?,CP Pre-Crash Movement,CP Any Air Bags Deployed?,CP Was Vehicle Towed?,CP Contact Area - Rear Left,CP Contact Area - Left,CP Contact Area - Front Left,CP Contact Area - Rear,CP Contact Area - Top,CP Contact Area - Front,CP Contact Area - Rear Right,CP Contact Area - Right,CP Contact Area - Front Right,CP Contact Area - Bottom,CP Contact Area - Unknown,SV Pre-Crash Movement,SV Any Air Bags Deployed?,SV Was Vehicle Towed?,SV Were All Passengers Belted?,SV Precrash Speed (MPH),SV Pre-crash Speed - Unknown,SV Contact Area - Rear Left,SV Contact Area - Left,SV Contact Area - Front Left,SV Contact Area - Rear,SV Contact Area - Top,SV Contact Area - Front,SV Contact Area - Rear Right,SV Contact Area - Right,SV Contact Area - Front Right,SV Contact Area - Bottom,SV Contact Area - Unknown,Data Availability - EDR,Data Availability - Police Rpt,Data Availability - Telematics,Data Availability - Complaints,Data Availability - Video,Data Availability - Other,Data Availability - No Data,Data Availability - Unknown,Law Enforcement Investigating?,Investigating Agency,Investigating Agency - Unknown,Rep Ent Or Mfr Investigating?,Investigating Officer Name,Inv. Officer Name - Unknown,Investigating Officer Phone,Inv. Officer Phone - Unknown,Investigating Officer Email,Inv. Officer Email - Unknown,Within ODD?,Within ODD? - CBI,Narrative,Narrative - CBI?,system_type
13781-2882,2,"Tesla, Inc.",10-Day Update,,,MAY-2022,5YJSA1E48JF, ,,Tesla,Model S, ,2018.0, ,34bfe7eca656a98,115584.0, ,Consumer,"[REDACTED, MAY CONTAIN CONFIDENTIAL BUSINESS INFORMATION]", ,Y,No,ADAS,, , ,Y, , , , , ,,MAY-2022, ,MAY-2022,22:27, ,44cf945ca985b59,[MAY CONTAIN PERSONALLY IDENTIFIABLE INFORMATION], ,[MAY CONTAIN PERSONALLY IDENTIFIABLE INFORMATION], ,[MAY CONTAIN PERSONALLY IDENTIFIABLE INFORMATION], ,Lawnside, ,NJ ,[MAY CONTAIN PERSONALLY IDENTIFIABLE INFORMATION], ,Highway / Freeway,Dry,Work Zone,45.0, ,Daylight,Y, , , , , , , ,,"Other, see Narrative",Unknown,Yes,Unknown,Unknown,Unknown, , , , , , , , , , ,Y,Proceeding Straight,Yes,Unknown,Unknown,34.0, , , ,Y, , ,Y, , ,Y, , ,Y, ,Y, ,Y,Y, , ,Yes,New Jersey State Police, ,Unknown,[MAY CONTAIN PERSONALLY IDENTIFIABLE INFORMATION], ,[MAY CONTAIN PERSONALLY IDENTIFIABLE INFORMATION], ,[MAY CONTAIN PERSONALLY IDENTIFIABLE INFORMATION], ,"[REDACTED, MAY CONTAIN CONFIDENTIAL BUSINESS INFORMATION]",Y,"[REDACTED, MAY CONTAIN CONFIDENTIAL BUSINESS INFORMATION]",Y,ADAS
62-2876,2,Honda (American Honda Motor Co.),Other Update,,,MAY-2022,5FNRL6H74JB, ,,Honda,Odyssey, ,2018.0, ,44fc8d414e90b95,,Y,Consumer,,Y, ,No,"Unknown, see Narrative",, ,Y, , , , , , ,,MAY-2022, ,MAY-2022,00:30, ,d85643698bf7ec2,,Y,,Y,,Y,Hopkinton, ,MA ,,Y,Unknown,Unknown,Unknown,,Y,Unknown,Y, , , , , , , ,,"Other, see Narrative",Minor,Unknown,"Other, see Narrative",Not Applicable,Not Applicable, , , , , , , , , , ,Y,Unknown,Yes,Yes,Unknown,,Y, , , , , , , , , , ,Y, , , ,Y, , , , ,Unknown,,Y,No,,Y,,Y,,Y,"Unknown, see Narrative", ,"The customer was driving with the Lane Keep Assist System (LKAS) and cruise control on when she drove into a ravine. The customer alleges that the LKAS did not vibrate or warn her before the crash.
5/[XXX] - Additional Information gathered from customer:
Confirmed both the LKAS and ACC were engaged at the time of the incident. The customer's wife stated her husband let go of the wheel to see if it was going to work after he activated the controls. 
Location of Incident: On Interstate [XXX] north in Hopkinton, MA, right before exit [XXX]
Time of Incident: May [XXX], 2020, 12:30 AM
Road Conditions at the time of the incident: Clear night
Injuries sustained in the incident: A nick on husband's right palm by his wrist, minor laceration and bruising  
Police Report:  Accident report is available and has been requested 
Retrieval of EDR Data:  The vehicle has been declared a total loss by Allstate Insurance. It is currently at [XXX] Inc,  [XXX], Milford, MA 01757.
Insurance name: Allstate Insurance
Agent name: [XXX] 
Claim number: [XXX]
Policy #: [XXX]
Insurance phone number:  (774) 200-1698", ,ADAS
13781-2991,1,"Tesla, Inc.",1-Day,,,MAY-2022,5YJYGDEE9MF, ,,Tesla,Model Y, ,2021.0, ,3654d38f12f1177,16926.0, ,Consumer,"[REDACTED, MAY CONTAIN CONFIDENTIAL BUSINESS INFORMATION]", ,Y,No,ADAS,, , ,Y, , , , , ,,MAY-2022, ,MAY-2022,23:23, ,d005635bb5159a0,[MAY CONTAIN PERSONALLY IDENTIFIABLE INFORMATION], ,[MAY CONTAIN PERSONALLY IDENTIFIABLE INFORMATION], ,[MAY CONTAIN PERSONALLY IDENTIFIABLE INFORMATION], ,Darien, ,CT ,[MAY CONTAIN PERSONALLY IDENTIFIABLE INFORMATION], ,Unknown,Unknown,Unknown,,Y,Unknown, , , , , , ,Y, ,,Unknown,Unknown,Yes,Unknown,Unknown,Unknown, , , , , , , , , , ,Y,Unknown,Yes,Unknown,Unknown,,Y, , , , , , , , , , ,Y,Y, , , , , , , ,Unknown,,Y,Unknown,,Y,,Y,,Y,"[REDACTED, MAY CONTAIN CONFIDENTIAL BUSINESS INFORMATION]",Y,"[REDACTED, MAY CONTAIN CONFIDENTIAL BUSINESS INFORMATION]",Y,ADAS
13781-2990,1,"Tesla, Inc.",1-Day,,,MAY-2022,5YJSA1E25KF, ,,Tesla,Model S, ,2019.0, ,9f073eca474ff1e,27145.0, ,Consumer,"[REDACTED, MAY CONTAIN CONFIDENTIAL BUSINESS INFORMATION]", ,Y,No,ADAS,, , ,Y, , , , , ,,MAY-2022, ,MAY-2022,18:55, ,7c43ee4bd199abb,[MAY CONTAIN PERSONALLY IDENTIFIABLE INFORMATION], ,[MAY CONTAIN PERSONALLY IDENTIFIABLE INFORMATION], ,[MAY CONTAIN PERSONALLY IDENTIFIABLE INFORMATION], ,Framingham, ,MA ,[MAY CONTAIN PERSONALLY IDENTIFIABLE INFORMATION], ,Unknown,Unknown,Unknown,,Y,Unknown, , , , , , ,Y, ,,Unknown,Unknown,Yes,Unknown,Unknown,Unknown, , , , , , , , , , ,Y,Unknown,Yes,Unknown,Unknown,,Y, , , , , , , , , , ,Y,Y, , , , , , , ,Unknown,,Y,Unknown,,Y,,Y,,Y,"[REDACTED, MAY CONTAIN CONFIDENTIAL BUSINESS INFORMATION]",Y,"[REDACTED, MAY CONTAIN CONFIDENTIAL BUSINESS INFORMATION]",Y,ADAS
13781-2989,1,"Tesla, Inc.",1-Day,,,MAY-2022,5YJSA1E28GF, ,,Tesla,Model S, ,2016.0, ,cab214b08333a8b,150601.0, ,Consumer,"[REDACTED, MAY CONTAIN CONFIDENTIAL BUSINESS INFORMATION]", ,Y,No,ADAS,, , ,Y, , , , , ,,MAY-2022, ,MAY-2022,06:14, ,d9d71baf6b968ae,[MAY CONTAIN PERSONALLY IDENTIFIABLE INFORMATION], ,[MAY CONTAIN PERSONALLY IDENTIFIABLE INFORMATION], ,[MAY CONTAIN PERSONALLY IDENTIFIABLE INFORMATION], ,Milwaukee, ,WI ,[MAY CONTAIN PERSONALLY IDENTIFIABLE INFORMATION], ,Highway / Freeway,Unknown,Unknown,,Y,Unknown, , , , , , ,Y, ,,Unknown,Unknown,Yes,Unknown,Unknown,Unknown, , , , , , , , , , ,Y,Unknown,Yes,Unknown,Unknown,,Y, , , , , , , , , , ,Y,Y, , , , , , , ,Unknown,,Y,Unknown,,Y,,Y,,Y,"[REDACTED, MAY CONTAIN CONFIDENTIAL BUSINESS INFORMATION]",Y,"[REDACTED, MAY CONTAIN CONFIDENTIAL BUSINESS INFORMATION]",Y,ADAS
13781-2924,2,"Tesla, Inc.",10-Day Update,,,MAY-2022,5YJYGDEE0MF, ,,Tesla,Model Y, ,2021.0, ,f5e8e0a815a0c86,10446.0, ,Consumer,"[REDACTED, MAY CONTAIN CONFIDENTIAL BUSINESS INFORMATION]", ,Y,No,ADAS,, ,Y, , , , , , ,,MAY-2022, ,MAY-2022,04:00, ,11e581134e866ce,[MAY CONTAIN PERSONALLY IDENTIFIABLE INFORMATION], ,[MAY CONTAIN PERSONALLY IDENTIFIABLE INFORMATION], ,[MAY CONTAIN PERSONALLY IDENTIFIABLE INFORMATION], ,Medford, ,NY ,[MAY CONTAIN PERSONALLY IDENTIFIABLE INFORMATION], ,Highway / Freeway,Unknown,Unknown,55.0, ,Dark - Not Lighted,Y, , , , , , , ,,"Other, see Narrative",No Injuries Reported,Yes,Unknown,Unknown,Unknown, , , , , , , , , , ,Y,Unknown,No,Yes,Unknown,,Y, , , , , , , , , , ,Y, , , ,Y, , , , ,Unknown,,Y,Unknown,,Y,,Y,,Y,"[REDACTED, MAY CONTAIN CONFIDENTIAL BUSINESS INFORMATION]",Y,"[REDACTED, MAY CONTAIN CONFIDENTIAL BUSINESS INFORMATION]",Y,ADAS
13781-2905,2,"Tesla, Inc.",10-Day Update,,,MAY-2022,5YJ3E1EB2JF, ,,Tesla,Model 3, ,2018.0, ,db52ec67e98fe53,55436.0, ,Consumer,"[REDACTED, MAY CONTAIN CONFIDENTIAL BUSINESS INFORMATION]", ,Y,No,ADAS,, , ,Y, , , , , ,,MAY-2022, ,MAY-2022,16:46, ,75dc823e0069657,[MAY CONTAIN PERSONALLY IDENTIFIABLE INFORMATION], ,[MAY CONTAIN PERSONALLY IDENTIFIABLE INFORMATION], ,[MAY CONTAIN PERSONALLY IDENTIFIABLE INFORMATION], ,New Salisbury, ,IN ,[MAY CONTAIN PERSONALLY IDENTIFIABLE INFORMATION], ,Rural Road,Dry,No Unusual Conditions,55.0, ,Daylight,Y, , , , , , , ,,SUV,Unknown,Yes,Stopped,Unknown,Unknown,Y, , , , , , , , , , ,Proceeding Straight,Yes,Unknown,Unknown,26.0, , , ,Y, , , , , , , , ,Y, ,Y, ,Y,Y, , ,Unknown,,Y,Unknown,,Y,,Y,,Y,"[REDACTED, MAY CONTAIN CONFIDENTIAL BUSINESS INFORMATION]",Y,"[REDACTED, MAY CONTAIN CONFIDENTIAL BUSINESS INFORMATION]",Y,ADAS
13781-2917,2,"Tesla, Inc.",10-Day Update,,,MAY-2022,5YJSA1H2XFF, ,,Tesla,Model S, ,2015.0, ,d6163dfe3a6b389,,Y,Unknown,"[REDACTED, MAY CONTAIN CONFIDENTIAL BUSINESS INFORMATION]", ,Y,No,ADAS,,Y, , ,Y, , , , ,,MAY-2022, ,MAY-2022,05:10, ,682ace05c478304,,Y,,Y,,Y,Naples, ,FL ,,Y,Unknown,Unknown,Unknown,,Y,Unknown, , , , , , ,Y, ,,Unknown,Unknown,Yes,Unknown,Unknown,Unknown, , , , , , , , , , ,Y,Proceeding Straight,Yes,Unknown,Unknown,,Y, , , , , , , , , , ,Y,Y, , , , ,Y, , ,Yes,Florida Highway Patrol, ,Unknown,,Y,,Y,,Y,"[REDACTED, MAY CONTAIN CONFIDENTIAL BUSINESS INFORMATION]",Y,"[REDACTED, MAY CONTAIN CONFIDENTIAL BUSINESS INFORMATION]",Y,ADAS
13781-2883,2,"Tesla, Inc.",10-Day Update,,,MAY-2022,5YJ3E1EB5JF, ,,Tesla,Model 3, ,2018.0, ,ee79bb479cee68d,80662.0, ,Consumer,"[REDACTED, MAY CONTAIN CONFIDENTIAL BUSINESS INFORMATION]", ,Y,No,ADAS,, , ,Y, , , , , ,,MAY-2022, ,MAY-2022,21:20, ,c72ce6a7a0b9747,[MAY CONTAIN PERSONALLY IDENTIFIABLE INFORMATION], ,[MAY CONTAIN PERSONALLY IDENTIFIABLE INFORMATION], ,[MAY CONTAIN PERSONALLY IDENTIFIABLE INFORMATION], ,Panama City Beach, ,FL ,[MAY CONTAIN PERSONALLY IDENTIFIABLE INFORMATION], ,Highway / Freeway,Dry,No Unusual Conditions,55.0, ,Daylight,Y, , , , , , , ,,SUV,Unknown,Yes,Entering Traffic,Unknown,Unknown, , , , , ,Y, , ,Y, , ,Proceeding Straight,Yes,Unknown,Unknown,46.0, , , ,Y, , ,Y, , , , , ,Y, ,Y, ,Y,Y, , ,Unknown,,Y,Unknown,,Y,,Y,,Y,"[REDACTED, MAY CONTAIN CONFIDENTIAL BUSINESS INFORMATION]",Y,"[REDACTED, MAY CONTAIN CONFIDENTIAL BUSINESS INFORMATION]",Y,ADAS
13781-2877,2,"Tesla, Inc.",10-Day Update,,,MAY-2022,5YJYGDEE0LF, ,,Tesla,Model Y, ,2020.0, ,d45e073c7d07490,52462.0, ,Consumer,"[REDACTED, MAY CONTAIN CONFIDENTIAL BUSINESS INFORMATION]", ,Y,No,ADAS,, , ,Y, , , , , ,,MAY-2022, ,MAY-2022,12:23, ,8f441cad746bc6b,[MAY CONTAIN PERSONALLY IDENTIFIABLE INFORMATION], ,[MAY CONTAIN PERSONALLY IDENTIFIABLE INFORMATION], ,[MAY CONTAIN PERSONALLY IDENTIFIABLE INFORMATION], ,Waukegan, ,IL ,[MAY CONTAIN PERSONALLY IDENTIFIABLE INFORMATION], ,Highway / Freeway,Unknown,Unknown,70.0, ,Unknown, , , , , , ,Y, ,,Unknown,Unknown,Yes,Unknown,Unknown,Unknown, , , , , , , , , , ,Y,Proceeding Straight,Yes,Unknown,Unknown,62.0, , , , , , , , , , , ,Y,Y, , , , ,Y, , ,Unknown,,Y,Unknown,,Y,,Y,,Y,"[REDACTED, MAY CONTAIN CONFIDENTIAL BUSINESS INFORMATION]",Y,"[REDACTED, MAY CONTAIN CONFIDENTIAL BUSINESS INFORMATION]",Y,ADAS
13781-2873,2,"Tesla, Inc.",10-Day Update,,,MAY-2022,5YJYGAEE4MF, ,,Tesla,Model Y, ,2021.0, ,f1fc1b33b9364d3,22027.0, ,Consumer,"[REDACTED, MAY CONTAIN CONFIDENTIAL BUSINESS INFORMATION]", ,Y,No,ADAS,, , ,Y, , , , , ,,MAY-2022, ,MAY-2022,18:44, ,f5f3a134e670e0d,[MAY CONTAIN PERSONALLY IDENTIFIABLE INFORMATION], ,[MAY CONTAIN PERSONALLY IDENTIFIABLE INFORMATION], ,[MAY CONTAIN PERSONALLY IDENTIFIABLE INFORMATION], ,Columbus, ,OH ,[MAY CONTAIN PERSONALLY IDENTIFIABLE INFORMATION], ,Highway / Freeway,Dry,No Unusual Conditions,65.0, ,Daylight,Y, , , , , , , ,,Other Fixed Object,Unknown,Yes,,,, , , , , , , , , , , ,Proceeding Straight,Yes,Unknown,Unknown,49.0, , , ,Y, , , , , , , , ,Y, ,Y, ,Y,Y, , ,Unknown,,Y,Unknown,,Y,,Y,,Y,"[REDACTED, MAY CONTAIN CONFIDENTIAL BUSINESS INFORMATION]",Y,"[REDACTED, MAY CONTAIN CONFIDENTIAL BUSINESS INFORMATION]",Y,ADAS
13781-2879,2,"Tesla, Inc.",10-Day Update,,,MAY-2022,5YJYGDEEXMF, ,,Tesla,Model Y, ,2021.0, ,dc46b5f84dca866,33291.0, ,Consumer,"[REDACTED, MAY CONTAIN CONFIDENTIAL BUSINESS INFORMATION]", ,Y,No,ADAS,, , ,Y, , , , , ,,MAY-2022, ,MAY-2022,13:55, ,3dbbf1c6fa9ce8d,[MAY CONTAIN PERSONALLY IDENTIFIABLE INFORMATION], ,[MAY CONTAIN PERSONALLY IDENTIFIABLE INFORMATION], ,[MAY CONTAIN PERSONALLY IDENTIFIABLE INFORMATION], ,Huber Heights, ,OH ,[MAY CONTAIN PERSONALLY IDENTIFIABLE INFORMATION], ,Highway / Freeway,Dry,No Unusual Conditions,65.0, ,Daylight,Y, , , , , , , ,,Other Fixed Object,Unknown,Yes,,,, , , , , , , , , , , ,Changing Lanes,Yes,Unknown,Unknown,62.0, , , ,Y, , , , , , , , ,Y, ,Y, ,Y,Y, , ,Unknown,,Y,Unknown,,Y,,Y,,Y,"[REDACTED, MAY CONTAIN CONFIDENTIAL BUSINESS INFORMATION]",Y,"[REDACTED, MAY CONTAIN CONFIDENTIAL BUSINESS INFORMATION]",Y,ADAS
13781-2868,2,"Tesla, Inc.",10-Day Update,,,MAY-2022,5YJ3E1EA3LF, ,,Tesla,Model 3, ,2020.0, ,99802c3f71bfe88,52677.0, ,Consumer,"[REDACTED, MAY CONTAIN CONFIDENTIAL BUSINESS INFORMATION]", ,Y,No,"Unknown, see Narrative",, , , , , , ,Y,Y,NTSB,MAY-2022, ,MAY-2022,12:20, ,3f0a22b23bf4bdf,[MAY CONTAIN PERSONALLY IDENTIFIABLE INFORMATION], ,[MAY CONTAIN PERSONALLY IDENTIFIABLE INFORMATION], ,[MAY CONTAIN PERSONALLY IDENTIFIABLE INFORMATION], ,Columbus, ,OH ,[MAY CONTAIN PERSONALLY IDENTIFIABLE INFORMATION], ,Unknown,Unknown,Unknown,,Y,Unknown, , , , , , ,Y, ,,Other Fixed Object,Unknown,Yes,,,, , , , , , , , , , , ,Unknown,Yes,Yes,Unknown,,Y, , , , , , , , , , ,Y, , , , , ,Y, , ,Unknown,,Y,Unknown,,Y,,Y,,Y,"[REDACTED, MAY CONTAIN CONFIDENTIAL BUSINESS INFORMATION]",Y,"[REDACTED, MAY CONTAIN CONFIDENTIAL BUSINESS INFORMATION]",Y,ADAS
1420-2863,2,"Volkswagen Group of America, Inc.",10-Day Update,,,MAY-2022,WAUZZZF84PN, ,,Audi,S8L, ,2023.0, ,f6ed2b9c00819b7,28915.0, ,In-Vehicle (Commercial / Test),,Y, ,No,"Unknown, see Narrative",Volkswagen Group of America, , , , ,Y,Y, , ,,MAY-2022, ,MAY-2022,18:00, ,c22466ef43a2751,,Y,,Y,[MAY CONTAIN PERSONALLY IDENTIFIABLE INFORMATION], ,Phoenix, ,AZ ,[MAY CONTAIN PERSONALLY IDENTIFIABLE INFORMATION], ,Highway / Freeway,Dry,Traffic Incident,55.0, ,Daylight,Y, , , , , , , ,,Passenger Car,No Injuries Reported,No,Unknown,Unknown,Unknown, , , , , , , , , , ,Y,"Other, see Narrative",No,Yes,Yes,7.0, ,Y, ,Y,Y, , , , , , , , , , , , , , ,Y,Unknown,Arizona Department of Public Safety, ,Yes,[MAY CONTAIN PERSONALLY IDENTIFIABLE INFORMATION], ,,Y,,Y,"No, see Narrative", ,"The pre-series MY 2023 Audi S8L was undergoing road testing at the time of the incident.  The vehicle was decelerating in heavy traffic on northbound [XXX] in Phoenix, AZ, and, while traveling at approximately 7mph, was rear-ended by a Chevrolet Malibu that was traveling at a high rate of speed.  The impact caused front end damage to the Malibu, and rear end damage to the Audi, and also pushed the Audi into a BMW Z4, causing minor front end damage to the Audi, and minor rear end damage to the BMW.  EDR data retrieved from the Audi indicate that ADAS systems were not active at the time that it was rear-ended by the Chevrolet.  The driver of the Audi was belted, and the airbag did not deploy.  There were no injuries, but the damage to the Audi was severe enough that towaway was necessary.  This incident was part of a multi-car collision, involving five vehicles in total the Audi came into contact with two of those vehicles (Chevrolet and BMW).  Because the EDR data indicates that ADAS systems were not active at the time of the incident and the Audi vehicle appears to have performed as designed, VWGoA has no plans for further investigation and considers this matter closed.", ,ADAS
62-2940,1,Honda (American Honda Motor Co.),1-Day,,,MAY-2022,2HKRW2H83MH, ,,Honda,CRV, ,2021.0, ,5b5b94b59a06053,,Y,Consumer,,Y, ,No,"Unknown, see Narrative",, ,Y, , , , , , ,,,Y,MAY-2022,,Y, ,,Y,,Y,,Y,,Y,VA ,,Y,Unknown,Unknown,Unknown,,Y,Unknown, , , , , , ,Y, ,,Unknown,No Injuries Reported,Unknown,Unknown,Unknown,Unknown, , , , , , , , , , ,Y,Unknown,Yes,Unknown,Unknown,,Y, , , ,Y, ,Y, , , , , , , , ,Y, , , , ,No,, ,No,, ,, ,, ,"Unknown, see Narrative", ,"The customer was rear-ended by another vehicle, causing the customer to crash into the car in front of him. The customer alleges that the Lane Keep Assist System and Adaptive Cruise Control were engaged.", ,ADAS
13781-2924,1,"Tesla, Inc.",1-Day,,,MAY-2022,5YJYGDEE0MF, ,,Tesla,Model Y, ,2021.0, ,f5e8e0a815a0c86,,Y,Consumer,"[REDACTED, MAY CONTAIN CONFIDENTIAL BUSINESS INFORMATION]", ,Y,No,ADAS,, ,Y, , , , , , ,,MAY-2022, ,MAY-2022,04:00, ,11e581134e866ce,,Y,,Y,,Y,,Y,NY ,,Y,Highway / Freeway,Unknown,Unknown,,Y,Unknown, , , , , , ,Y, ,,Unknown,Unknown,Yes,Unknown,Unknown,Unknown, , , , , , , , , , ,Y,Unknown,Unknown,Yes,Unknown,,Y, , , , , , , , , , ,Y, , , ,Y, , , , ,Unknown,,Y,Unknown,,Y,,Y,,Y,"[REDACTED, MAY CONTAIN CONFIDENTIAL BUSINESS INFORMATION]",Y,"[REDACTED, MAY CONTAIN CONFIDENTIAL BUSINESS INFORMATION]",Y,ADAS
1306-2911,1,Toyota Motor Engineering & Manufacturing,1-Day,,,MAY-2022,JTMP1RFV5KD, ,,Toyota,RAV4, ,2019.0, ,2f5d811a3871276,95814.0, ,Consumer,ADAS L2, , ,No,"Unknown, see Narrative",, ,Y, , , , , , ,,APR-2022, ,MAY-2022,22:30, ,a518da42668ab25,,Y,,Y,[MAY CONTAIN PERSONALLY IDENTIFIABLE INFORMATION], ,Fife, ,WA ,[MAY CONTAIN PERSONALLY IDENTIFIABLE INFORMATION], ,Highway / Freeway,Wet,Unknown,,Y,Unknown, , , , , , ,Y, ,,Other Fixed Object,Unknown,Unknown,,,, , , , , , , , , , , ,Unknown,Yes,Yes,Yes,65.0, , , ,Y, , ,Y, , , , , , , , , , , , ,Y,Unknown,,Y,Yes,,Y,,Y,,Y,"Unknown, see Narrative", ,"In this report, the entries above are based on unconfirmed allegations received from the customer through Toyota Consumer Relations Department.
The customer alleged they were driving in the carpool lane on [XXX] near exit [XXX], near Fife, WA. Customer states cruise control was set at 70 and lane departure was on. Customer states the vehicle drifted him into the embankment and he hit a dept of safety (construction) plastic barrier. Customer states he received small abrasions near his left leg from the airbag deployment.", ,ADAS
13781-2917,1,"Tesla, Inc.",1-Day,,,MAY-2022,5YJSA1H2XFF, ,,Tesla,Model S, ,2015.0, ,d6163dfe3a6b389,,Y,Unknown,"[REDACTED, MAY CONTAIN CONFIDENTIAL BUSINESS INFORMATION]", ,Y,No,ADAS,,Y, , ,Y, , , , ,,MAY-2022, ,MAY-2022,05:10, ,682ace05c478304,,Y,,Y,,Y,Naples, ,FL ,,Y,Unknown,Unknown,Unknown,,Y,Unknown, , , , , , ,Y, ,,Unknown,Unknown,Yes,Unknown,Unknown,Unknown, , , , , , , , , , ,Y,Unknown,Yes,Unknown,Unknown,,Y, , , , , , , , , , ,Y,Y, , , , ,Y, , ,Yes,Florida Highway Patrol, ,Unknown,,Y,,Y,,Y,"[REDACTED, MAY CONTAIN CONFIDENTIAL BUSINESS INFORMATION]",Y,"[REDACTED, MAY CONTAIN CONFIDENTIAL BUSINESS INFORMATION]",Y,ADAS
13781-2841,2,"Tesla, Inc.",10-Day Update,,,MAY-2022,5YJ3E1EB9MF, ,,Tesla,Model 3, ,2021.0, ,e8a2ea579395b8a,22489.0, ,Consumer,"[REDACTED, MAY CONTAIN CONFIDENTIAL BUSINESS INFORMATION]", ,Y,No,ADAS,, , ,Y, , , , , ,,APR-2022, ,MAY-2022,06:44, ,217342f5bfaa914,[MAY CONTAIN PERSONALLY IDENTIFIABLE INFORMATION], ,[MAY CONTAIN PERSONALLY IDENTIFIABLE INFORMATION], ,[MAY CONTAIN PERSONALLY IDENTIFIABLE INFORMATION], ,Palm Bay, ,FL ,[MAY CONTAIN PERSONALLY IDENTIFIABLE INFORMATION], ,Rural Road,Dry,No Unusual Conditions,45.0, ,Dark - Not Lighted,Y, , , , , , , ,,Other Fixed Object,Unknown,Yes,,,, , , , , , , , , , , ,Proceeding Straight,Yes,Unknown,Unknown,33.0, , , , , , ,Y, , , , , ,Y, ,Y, ,Y,Y, , ,Unknown,,Y,Unknown,,Y,,Y,,Y,"[REDACTED, MAY CONTAIN CONFIDENTIAL BUSINESS INFORMATION]",Y,"[REDACTED, MAY CONTAIN CONFIDENTIAL BUSINESS INFORMATION]",Y,ADAS
13781-2869,2,"Tesla, Inc.",10-Day Update,,,MAY-2022,5YJ3E1EC1LF, ,,Tesla,Model 3, ,2020.0, ,34d9564ec721cbd,1157.0, ,Consumer,"[REDACTED, MAY CONTAIN CONFIDENTIAL BUSINESS INFORMATION]", ,Y,No,ADAS,, ,Y, , , , , , ,,JUL-2020, ,MAY-2022,22:17, ,768f6bc11dc15b8,[MAY CONTAIN PERSONALLY IDENTIFIABLE INFORMATION], ,[MAY CONTAIN PERSONALLY IDENTIFIABLE INFORMATION], ,[MAY CONTAIN PERSONALLY IDENTIFIABLE INFORMATION], ,Cherry Hill, ,NJ ,[MAY CONTAIN PERSONALLY IDENTIFIABLE INFORMATION], ,Highway / Freeway,Dry,No Unusual Conditions,45.0, ,Daylight,Y, , , , , , , ,,Passenger Car,Unknown,Yes,Parked,Unknown,Unknown, , , , , , , , , , ,Y,Making Right Turn,Unknown,Yes,Unknown,41.0, , , ,Y, , ,Y, , ,Y, , ,Y, ,Y,Y,Y,Y, , ,Unknown,,Y,Unknown,,Y,,Y,,Y,"[REDACTED, MAY CONTAIN CONFIDENTIAL BUSINESS INFORMATION]",Y,"[REDACTED, MAY CONTAIN CONFIDENTIAL BUSINESS INFORMATION]",Y,ADAS
62-2912,1,Honda (American Honda Motor Co.),1-Day,,,MAY-2022,2HKRW2H50MH, ,,Honda,CRV, ,2021.0, ,e8b579262e491ed,,Y,Consumer,,Y, ,No,"Unknown, see Narrative",, ,Y, , , , , , ,,FEB-2022, ,MAY-2022,,Y,6b7599d7a57d36f,,Y,,Y,,Y,Ford, ,NJ ,,Y,Unknown,Unknown,Unknown,,Y,Unknown, , , , , , ,Y, ,,Unknown,No Injuries Reported,Unknown,Unknown,Unknown,Unknown, , , ,Y, , , , , , , ,"Other, see Narrative",Yes,No,Unknown,,Y, , , , , ,Y, , , , , , , , ,Y, , , , ,No,, ,No,, ,, ,, ,"Unknown, see Narrative", ,"The customer reported that he was yielding to make a turn when his son threw at water bottle at him, causing him to look away from the street. As a result, he rear-ended the vehicle in front on him. The customer alleges that the Lane Keep Assist System and Adaptive Cruise Control were engaged.", ,ADAS
13781-2905,1,"Tesla, Inc.",1-Day,,,MAY-2022,5YJ3E1EB2JF, ,,Tesla,Model 3, ,2018.0, ,db52ec67e98fe53,55436.0, ,Consumer,"[REDACTED, MAY CONTAIN CONFIDENTIAL BUSINESS INFORMATION]", ,Y,No,ADAS,, , ,Y, , , , , ,,MAY-2022, ,MAY-2022,16:46, ,75dc823e0069657,[MAY CONTAIN PERSONALLY IDENTIFIABLE INFORMATION], ,[MAY CONTAIN PERSONALLY IDENTIFIABLE INFORMATION], ,[MAY CONTAIN PERSONALLY IDENTIFIABLE INFORMATION], ,New Salisbury, ,IN ,[MAY CONTAIN PERSONALLY IDENTIFIABLE INFORMATION], ,Unknown,Unknown,Unknown,,Y,Unknown, , , , , , ,Y, ,,Unknown,Unknown,Yes,Unknown,Unknown,Unknown, , , , , , , , , , ,Y,Unknown,Yes,Unknown,Unknown,,Y, , , , , , , , , , ,Y,Y, , , , , , , ,Unknown,,Y,Unknown,,Y,,Y,,Y,"[REDACTED, MAY CONTAIN CONFIDENTIAL BUSINESS INFORMATION]",Y,"[REDACTED, MAY CONTAIN CONFIDENTIAL BUSINESS INFORMATION]",Y,ADAS