Report ID,Report Version,Reporting Entity,Report Type,Report Month,Report Year,Report Submission Date,VIN,VIN - Unknown,Serial Number,Make,Model,Model - Unknown,Model Year,Model Year - Unknown,Same Vehicle ID,Mileage,Mileage - Unknown,Driver / Operator Type,ADAS/ADS Version,ADAS/ADS Version - Unknown,ADAS/ADS Version CBI,ADS Equipped?,Automation System Engaged?,Operating Entity,Operating Entity - Unknown,Source - Complaint/Claim,Source - Telematics,Source - Law Enforcement,Source - Field Report,Source - Testing,Source - Media,Source - Other,Source - Other Text,Incident Date,Incident Date - Unknown,Notice Received Date,Incident Time (24:00),Incident Time - Unknown,Same Incident ID,Latitude,Latitude  - Unknown,Longitude,Longitude - Unknown,Address,Address - Unknown,City,City - Unknown,State,Zip Code,Zip Code - Unknown,Roadway Type,Roadway Surface,Roadway Description,Posted Speed Limit (MPH),Posted Speed Limit - Unknown,Lighting,Weather - Clear,Weather - Snow,Weather - Cloudy,Weather - Fog/Smoke,Weather - Rain,Weather - Severe Wind,Weather - Unknown,Weather - Other,Weather - Other Text,Crash With,Highest Injury Severity,Property Damage?,CP Pre-Crash Movement,CP Any Air Bags Deployed?,CP Was Vehicle Towed?,CP Contact Area - Rear Left,CP Contact Area - Left,CP Contact Area - Front Left,CP Contact Area - Rear,CP Contact Area - Top,CP Contact Area - Front,CP Contact Area - Rear Right,CP Contact Area - Right,CP Contact Area - Front Right,CP Contact Area - Bottom,CP Contact Area - Unknown,SV Pre-Crash Movement,SV Any Air Bags Deployed?,SV Was Vehicle Towed?,SV Were All Passengers Belted?,SV Precrash Speed (MPH),SV Pre-crash Speed - Unknown,SV Contact Area - Rear Left,SV Contact Area - Left,SV Contact Area - Front Left,SV Contact Area - Rear,SV Contact Area - Top,SV Contact Area - Front,SV Contact Area - Rear Right,SV Contact Area - Right,SV Contact Area - Front Right,SV Contact Area - Bottom,SV Contact Area - Unknown,Data Availability - EDR,Data Availability - Police Rpt,Data Availability - Telematics,Data Availability - Complaints,Data Availability - Video,Data Availability - Other,Data Availability - No Data,Data Availability - Unknown,Law Enforcement Investigating?,Investigating Agency,Investigating Agency - Unknown,Rep Ent Or Mfr Investigating?,Investigating Officer Name,Inv. Officer Name - Unknown,Investigating Officer Phone,Inv. Officer Phone - Unknown,Investigating Officer Email,Inv. Officer Email - Unknown,Within ODD?,Within ODD? - CBI,Narrative,Narrative - CBI?,system_type
1306-1376,4,Toyota Motor Engineering & Manufacturing,Monthly Update,12.0,2021.0,DEC-2021,4T1G11AK3MU, ,,Toyota,Camry, ,2021.0, ,e631d5e01d7073b,17283.0, ,Consumer,TSS 2.5+, , ,No,"Unknown, see Narrative",, ,Y, , ,Y, , , ,,SEP-2021, ,OCT-2021,08:29, ,4a57ce4beb4f505,[MAY CONTAIN PERSONALLY IDENTIFIABLE INFORMATION], ,[MAY CONTAIN PERSONALLY IDENTIFIABLE INFORMATION], ,[MAY CONTAIN PERSONALLY IDENTIFIABLE INFORMATION], ,Orange Grove, ,TX ,[MAY CONTAIN PERSONALLY IDENTIFIABLE INFORMATION], ,Rural Road,Dry,Unknown,70.0, ,Daylight,Y, , , , , , , ,,Other Fixed Object,Unknown,Yes,,,, , , , , , , , , , , ,Proceeding Straight,Yes,Yes,Yes,78.0, , , ,Y, , ,Y, , ,Y, , ,Y,Y, , , ,Y, , ,Yes,Dept of Public Safety of Texas, ,No,[MAY CONTAIN PERSONALLY IDENTIFIABLE INFORMATION], ,,Y,,Y,Unknown, ,"10/[XXX]/2021: In this report, the entries above are based on unconfirmed allegations.  Toyota was contacted by Enterprise Rental Car claims regarding this case. According to communications between Toyota and the Enterprise Rental Car claims handler, the rental driver alleged that they were driving 5570mph with the cruise control engaged when the ""Lane assist jerked him off the road and he lost control of veh causing him to hit a guard rail"". The driver alleges they suffered burns on both shins from airbag deployment.
11/[XXX]/2021: The Event Data Recorder (EDR) data was collected from the vehicle, which included vehicle operation data recorded 4.6 seconds prior and up to the airbag deployment trigger timing. This EDR event recorded that the cruise control was OFF at the time of, and during the 4.6 seconds leading up to the airbag deployment trigger.
This update report is being submitted under SGO 2021-01 - Request 3 based on the EDR data and police report that have been received since the original report.  The original report ID is 1306-1376-1.
12/[XXX]/2021: Based on the collected Vehicle Control History (VCH) and EDR data, this vehicle was traveling straight (steering angle of approximately 0 degrees) from approximately 4.6 seconds until 1.1 seconds before the crash event. At 0.1 seconds prior to the crash event, the steering wheel was turned -37.5 degrees. This steering angle resulted in a vehicle lateral acceleration of approximately 1.79G, [REDACTED, MAY CONTAIN CONFIDENTIAL BUSINESS INFORMATION]. The cruise control was OFF in the recorded VCH and EDR records leading up to the crash, which indicates that Lane Tracing Assist was not engaged. There is no further investigation of this incident planned by Toyota at this time.",Y,ADAS
13781-1858,1,"Tesla, Inc.",1-Day,,,DEC-2021,5YJ3E1EA5JF, ,,Tesla,Model 3, ,2018.0, ,6daea3845038502,37872.0, ,Consumer,"[REDACTED, MAY CONTAIN CONFIDENTIAL BUSINESS INFORMATION]", ,Y,No,ADAS,, , ,Y, , , , , ,,DEC-2021, ,DEC-2021,11:23, ,5a13d8791eee1c9,[MAY CONTAIN PERSONALLY IDENTIFIABLE INFORMATION], ,[MAY CONTAIN PERSONALLY IDENTIFIABLE INFORMATION], ,[MAY CONTAIN PERSONALLY IDENTIFIABLE INFORMATION], ,Hopewell Junction, ,NY ,[MAY CONTAIN PERSONALLY IDENTIFIABLE INFORMATION], ,Unknown,Unknown,Unknown,,Y,Unknown, , , , , , ,Y, ,,Unknown,Unknown,Unknown,Unknown,Unknown,Unknown, , , , , , , , , , ,Y,Unknown,Yes,Unknown,Unknown,,Y, , , , , , , , , , ,Y,Y, , , , , , , ,Unknown,,Y,Unknown,,Y,,Y,,Y,"[REDACTED, MAY CONTAIN CONFIDENTIAL BUSINESS INFORMATION]",Y,"[REDACTED, MAY CONTAIN CONFIDENTIAL BUSINESS INFORMATION]",Y,ADAS
13781-1857,1,"Tesla, Inc.",1-Day,,,DEC-2021,5YJSA1E24GF, ,,Tesla,Model S, ,2016.0, ,5c743dd4efc1a2f,84480.0, ,Consumer,"[REDACTED, MAY CONTAIN CONFIDENTIAL BUSINESS INFORMATION]", ,Y,No,ADAS,, , ,Y, , , , , ,,DEC-2021, ,DEC-2021,08:32, ,77140c75de64928,[MAY CONTAIN PERSONALLY IDENTIFIABLE INFORMATION], ,[MAY CONTAIN PERSONALLY IDENTIFIABLE INFORMATION], ,[MAY CONTAIN PERSONALLY IDENTIFIABLE INFORMATION], ,Mt. Gilead, ,OH ,[MAY CONTAIN PERSONALLY IDENTIFIABLE INFORMATION], ,Unknown,Unknown,Unknown,,Y,Unknown, , , , , , ,Y, ,,Unknown,Unknown,Unknown,Unknown,Unknown,Unknown, , , , , , , , , , ,Y,Unknown,Yes,Unknown,Unknown,,Y, , , , , , , , , , ,Y,Y, , , , , , , ,Unknown,,Y,Unknown,,Y,,Y,,Y,"[REDACTED, MAY CONTAIN CONFIDENTIAL BUSINESS INFORMATION]",Y,"[REDACTED, MAY CONTAIN CONFIDENTIAL BUSINESS INFORMATION]",Y,ADAS
13781-1856,1,"Tesla, Inc.",1-Day,,,DEC-2021,5YJXCBE46GF, ,,Tesla,Model X, ,2016.0, ,c7d1c9f4156f3d5,47883.0, ,Consumer,"[REDACTED, MAY CONTAIN CONFIDENTIAL BUSINESS INFORMATION]", ,Y,No,ADAS,, , ,Y, , , , , ,,DEC-2021, ,DEC-2021,06:13, ,7dd9ad4fc8b8b9a,[MAY CONTAIN PERSONALLY IDENTIFIABLE INFORMATION], ,[MAY CONTAIN PERSONALLY IDENTIFIABLE INFORMATION], ,[MAY CONTAIN PERSONALLY IDENTIFIABLE INFORMATION], ,Williamston, ,SC ,[MAY CONTAIN PERSONALLY IDENTIFIABLE INFORMATION], ,Unknown,Unknown,Unknown,,Y,Unknown, , , , , , ,Y, ,,Unknown,Unknown,Unknown,Unknown,Unknown,Unknown, , , , , , , , , , ,Y,Unknown,Yes,Unknown,Unknown,,Y, , , , , , , , , , ,Y,Y, , , , , , , ,Unknown,,Y,Unknown,,Y,,Y,,Y,"[REDACTED, MAY CONTAIN CONFIDENTIAL BUSINESS INFORMATION]",Y,"[REDACTED, MAY CONTAIN CONFIDENTIAL BUSINESS INFORMATION]",Y,ADAS
13781-1855,1,"Tesla, Inc.",1-Day,,,DEC-2021,5YJ3E1EA0KF, ,,Tesla,Model 3, ,2019.0, ,53b3ac23bc5fe8f,50762.0, ,Consumer,"[REDACTED, MAY CONTAIN CONFIDENTIAL BUSINESS INFORMATION]", ,Y,No,ADAS,, , ,Y, , , , , ,,DEC-2021, ,DEC-2021,05:16, ,563fb4d3e23f0ef,[MAY CONTAIN PERSONALLY IDENTIFIABLE INFORMATION], ,[MAY CONTAIN PERSONALLY IDENTIFIABLE INFORMATION], ,[MAY CONTAIN PERSONALLY IDENTIFIABLE INFORMATION], ,Miramar, ,FL ,[MAY CONTAIN PERSONALLY IDENTIFIABLE INFORMATION], ,Unknown,Unknown,Unknown,,Y,Unknown, , , , , , ,Y, ,,Unknown,Unknown,Unknown,Unknown,Unknown,Unknown, , , , , , , , , , ,Y,Unknown,Yes,Unknown,Unknown,,Y, , , , , , , , , , ,Y,Y, , , , , , , ,Unknown,,Y,Unknown,,Y,,Y,,Y,"[REDACTED, MAY CONTAIN CONFIDENTIAL BUSINESS INFORMATION]",Y,"[REDACTED, MAY CONTAIN CONFIDENTIAL BUSINESS INFORMATION]",Y,ADAS
13781-1826,2,"Tesla, Inc.",10-Day Update,,,DEC-2021,5YJ3E1EC7LF, ,,Tesla,Model 3, ,2020.0, ,96b8c68634faf89,30345.0, ,Consumer,"[REDACTED, MAY CONTAIN CONFIDENTIAL BUSINESS INFORMATION]", ,Y,No,ADAS,, , ,Y, , , , , ,,DEC-2021, ,DEC-2021,04:46, ,9c40aafd6de9f7f,[MAY CONTAIN PERSONALLY IDENTIFIABLE INFORMATION], ,[MAY CONTAIN PERSONALLY IDENTIFIABLE INFORMATION], ,[MAY CONTAIN PERSONALLY IDENTIFIABLE INFORMATION], ,Jacksonville, ,FL ,[MAY CONTAIN PERSONALLY IDENTIFIABLE INFORMATION], ,Highway / Freeway,Dry,No Unusual Conditions,70.0, ,Dark - Lighted,Y, , , , , , , ,,Other Fixed Object,Unknown,Unknown,,,, , , , , , , , , , , ,Lane / Road Departure,Yes,Unknown,"No, see Narrative",60.0, , ,Y,Y, , , , , , , , ,Y, ,Y, ,Y, , , ,Unknown,,Y,Unknown,,Y,,Y,,Y,"[REDACTED, MAY CONTAIN CONFIDENTIAL BUSINESS INFORMATION]",Y,"[REDACTED, MAY CONTAIN CONFIDENTIAL BUSINESS INFORMATION]",Y,ADAS
13781-1826,1,"Tesla, Inc.",1-Day,,,DEC-2021,5YJ3E1EC7LF, ,,Tesla,Model 3, ,2020.0, ,96b8c68634faf89,30345.0, ,Consumer,"[REDACTED, MAY CONTAIN CONFIDENTIAL BUSINESS INFORMATION]", ,Y,No,ADAS,, , ,Y, , , , , ,,DEC-2021, ,DEC-2021,04:46, ,9c40aafd6de9f7f,[MAY CONTAIN PERSONALLY IDENTIFIABLE INFORMATION], ,[MAY CONTAIN PERSONALLY IDENTIFIABLE INFORMATION], ,[MAY CONTAIN PERSONALLY IDENTIFIABLE INFORMATION], ,Jacksonville, ,FL ,[MAY CONTAIN PERSONALLY IDENTIFIABLE INFORMATION], ,Unknown,Unknown,Unknown,,Y,Unknown, , , , , , ,Y, ,,Unknown,Unknown,Unknown,Unknown,Unknown,Unknown, , , , , , , , , , ,Y,Unknown,Yes,Unknown,Unknown,,Y, , , , , , , , , , ,Y,Y, , , , , , , ,Unknown,,Y,Unknown,,Y,,Y,,Y,"[REDACTED, MAY CONTAIN CONFIDENTIAL BUSINESS INFORMATION]",Y,"[REDACTED, MAY CONTAIN CONFIDENTIAL BUSINESS INFORMATION]",Y,ADAS
62-1823,1,Honda (American Honda Motor Co.),1-Day,,,DEC-2021,5FNYF6H35MB, ,,Honda,Pilot, ,2021.0, ,7d1545d78d2b846,,Y,Consumer,,Y, ,No,ADAS,, ,Y, , , , , , ,,DEC-2021, ,DEC-2021,,Y,6a5dbe7198ba31d,,Y,,Y,,Y,Westbury, ,NY ,,Y,Street,Unknown,Unknown,,Y,Unknown, , , , , , ,Y, ,,Passenger Car,Moderate,Unknown,Proceeding Straight,Unknown,Unknown, , , , , , , , , , ,Y,Changing Lanes,Yes,Yes,Unknown,,Y, , , ,Y, , , , , , , , , , ,Y, , , , ,No,, ,No,, ,, ,, ,Unknown, ,The customer was driving in a lane and began to merge into the left turn lane. Another vehicle was driving fast and rear-ended the customer as he was merging into the left turn lane. The customer alleges that the Lane Keep Assist System and Adaptive Cruise Control were engaged., ,ADAS
62-1814,1,Honda (American Honda Motor Co.),1-Day,,,DEC-2021,1HGCV3F55KA, ,,Honda,Accord Hybrid, ,2019.0, ,4a8d55f30f9136d,,Y,Consumer,,Y, ,No,ADAS,, ,Y, , , , , , ,,NOV-2021, ,DEC-2021,,Y,11ca65630051868,,Y,,Y,,Y,Scottsdale, ,AR ,,Y,Unknown,Unknown,Unknown,,Y,Unknown, , , , , , ,Y, ,,Passenger Car,No Injuries Reported,Unknown,Proceeding Straight,Unknown,Unknown, , , , , , , , , , ,Y,"Other, see Narrative",Yes,Yes,Unknown,,Y, , , , , ,Y, , , , , , , , ,Y, , , , ,No,, ,No,, ,, ,, ,Unknown, ,Customer was pulling out of an apartment complex and onto a street when another driver hit the customer's vehicle. The customer alleges that both the Lane Keep Assist System and Adaptive Cruise Control were engaged., ,ADAS
13781-1793,2,"Tesla, Inc.",10-Day Update,,,DEC-2021,5YJSA1E26GF, ,,Tesla,Model S, ,2016.0, ,1ce49b60b46932f,81365.0, ,Consumer,"[REDACTED, MAY CONTAIN CONFIDENTIAL BUSINESS INFORMATION]", ,Y,No,ADAS,, , ,Y, , , , , ,,NOV-2021, ,NOV-2021,12:07, ,a888fba15843acb,[MAY CONTAIN PERSONALLY IDENTIFIABLE INFORMATION], ,[MAY CONTAIN PERSONALLY IDENTIFIABLE INFORMATION], ,[MAY CONTAIN PERSONALLY IDENTIFIABLE INFORMATION], ,North Miami Beach, ,FL ,[MAY CONTAIN PERSONALLY IDENTIFIABLE INFORMATION], ,Unknown,Unknown,Unknown,,Y,Unknown, , , , , , ,Y, ,,Unknown,Unknown,Unknown,Unknown,Unknown,Unknown, , , , , , , , , , ,Y,Unknown,Yes,Unknown,Unknown,,Y, , , , , , , , , , ,Y,Y, , , , , , , ,Unknown,,Y,Unknown,,Y,,Y,,Y,"[REDACTED, MAY CONTAIN CONFIDENTIAL BUSINESS INFORMATION]",Y,"[REDACTED, MAY CONTAIN CONFIDENTIAL BUSINESS INFORMATION]",Y,ADAS
13781-1784,2,"Tesla, Inc.",10-Day Update,,,DEC-2021,5YJ3E1EB2JF, ,,Tesla,Model 3, ,2018.0, ,580db6e98667367,29349.0, ,Consumer,"[REDACTED, MAY CONTAIN CONFIDENTIAL BUSINESS INFORMATION]", ,Y,No,ADAS,, , ,Y, , , , , ,,NOV-2021, ,NOV-2021,20:10, ,35d5bd97c16350f,[MAY CONTAIN PERSONALLY IDENTIFIABLE INFORMATION], ,[MAY CONTAIN PERSONALLY IDENTIFIABLE INFORMATION], ,[MAY CONTAIN PERSONALLY IDENTIFIABLE INFORMATION], ,Las Vegas, ,NV ,[MAY CONTAIN PERSONALLY IDENTIFIABLE INFORMATION], ,Street,Dry,No Unusual Conditions,35.0, ,Daylight, , ,Y, , , , , ,,Pickup Truck,Unknown,Unknown,Crossing into Opposing Lane,Yes,Unknown, ,Y, , , , , , , , , ,Proceeding Straight,Yes,Unknown,Unknown,30.0, , , , , , ,Y, , , , , ,Y, ,Y, ,Y, , , ,Unknown,,Y,Unknown,,Y,,Y,,Y,"[REDACTED, MAY CONTAIN CONFIDENTIAL BUSINESS INFORMATION]",Y,"[REDACTED, MAY CONTAIN CONFIDENTIAL BUSINESS INFORMATION]",Y,ADAS
13781-1785,2,"Tesla, Inc.",10-Day Update,,,DEC-2021,5YJXCAE28HF, ,,Tesla,Model X, ,2017.0, ,f39bef165c82032,15923.0, ,Consumer,"[REDACTED, MAY CONTAIN CONFIDENTIAL BUSINESS INFORMATION]", ,Y,No,ADAS,, ,Y, , , , , , ,,AUG-2019, ,NOV-2021,,Y,78f06bf09979eb7,,Y,,Y,[MAY CONTAIN PERSONALLY IDENTIFIABLE INFORMATION], ,Mount Pleasant, ,NY ,,Y,Unknown,Unknown,Unknown,,Y,Unknown, , , , , , ,Y, ,,Passenger Car,Fatality,Unknown,Unknown,Unknown,Unknown, , , , , , , , , , ,Y,Unknown,Unknown,Unknown,Unknown,,Y, , , , , , , , , , ,Y,Y, , , , , , , ,Unknown,,Y,Unknown,,Y,,Y,,Y,"[REDACTED, MAY CONTAIN CONFIDENTIAL BUSINESS INFORMATION]",Y,"[REDACTED, MAY CONTAIN CONFIDENTIAL BUSINESS INFORMATION]",Y,ADAS
62-1804,1,Honda (American Honda Motor Co.),1-Day,,,DEC-2021,5J8YD4H38LL, ,,Acura,MDX, ,2020.0, ,4977743e379da3e,,Y,Consumer,,Y, ,No,ADAS,, ,Y, , , , , , ,,SEP-2021, ,DEC-2021,,Y,e73fc98909dc9c9,,Y,,Y,,Y,Glen Cove, ,NY ,,Y,Unknown,Unknown,Unknown,,Y,Unknown, , , , , , ,Y, ,,Pickup Truck,No Injuries Reported,Unknown,Proceeding Straight,Unknown,Unknown, , , , , , , , , , ,Y,Stopped,No,Yes,Unknown,0.0, , , , , , , , , , , ,Y, , , ,Y, , , , ,Unknown,,Y,No,,Y,,Y,,Y,Unknown, ,Customer was stopped at an intersection when a pickup truck tried to drive between the customer and another vehicle. The pickup truck swiped both vehicles as a result. The customer alleges that both the Lane Keep Assist System and Adaptive Cruise Control were engaged., ,ADAS
13781-1793,1,"Tesla, Inc.",1-Day,,,NOV-2021,5YJSA1E26GF, ,,Tesla,Model S, ,2016.0, ,1ce49b60b46932f,81365.0, ,Consumer,"[REDACTED, MAY CONTAIN CONFIDENTIAL BUSINESS INFORMATION]", ,Y,No,ADAS,, , ,Y, , , , , ,,NOV-2021, ,NOV-2021,12:07, ,a888fba15843acb,[MAY CONTAIN PERSONALLY IDENTIFIABLE INFORMATION], ,[MAY CONTAIN PERSONALLY IDENTIFIABLE INFORMATION], ,[MAY CONTAIN PERSONALLY IDENTIFIABLE INFORMATION], ,North Miami Beach, ,FL ,[MAY CONTAIN PERSONALLY IDENTIFIABLE INFORMATION], ,Unknown,Unknown,Unknown,,Y,Unknown, , , , , , ,Y, ,,Unknown,Unknown,Unknown,Unknown,Unknown,Unknown, , , , , , , , , , ,Y,Unknown,Yes,Unknown,Unknown,,Y, , , , , , , , , , ,Y,Y, , , , , , , ,Unknown,,Y,Unknown,,Y,,Y,,Y,"[REDACTED, MAY CONTAIN CONFIDENTIAL BUSINESS INFORMATION]",Y,"[REDACTED, MAY CONTAIN CONFIDENTIAL BUSINESS INFORMATION]",Y,ADAS
13781-1776,2,"Tesla, Inc.",10-Day Update,,,NOV-2021,5YJSA1E27HF, ,,Tesla,Model S, ,2017.0, ,8120a4454d55dc1,53287.0, ,Consumer,"[REDACTED, MAY CONTAIN CONFIDENTIAL BUSINESS INFORMATION]", ,Y,No,ADAS,, , ,Y, , , , , ,,NOV-2021, ,NOV-2021,03:45, ,2fd146367bac5d8,[MAY CONTAIN PERSONALLY IDENTIFIABLE INFORMATION], ,[MAY CONTAIN PERSONALLY IDENTIFIABLE INFORMATION], ,[MAY CONTAIN PERSONALLY IDENTIFIABLE INFORMATION], ,Fairview Township, ,PA ,[MAY CONTAIN PERSONALLY IDENTIFIABLE INFORMATION], ,Unknown,Unknown,Unknown,,Y,Unknown, , , , , , ,Y, ,,Unknown,Unknown,Unknown,Unknown,Unknown,Unknown, , , , , , , , , , ,Y,Unknown,Yes,Unknown,Unknown,,Y, , , , , , , , , , ,Y,Y, , , , , , , ,Unknown,,Y,Unknown,,Y,,Y,,Y,"[REDACTED, MAY CONTAIN CONFIDENTIAL BUSINESS INFORMATION]",Y,"[REDACTED, MAY CONTAIN CONFIDENTIAL BUSINESS INFORMATION]",Y,ADAS
13781-1775,2,"Tesla, Inc.",10-Day Update,,,NOV-2021,5YJSA1E25HF, ,,Tesla,Model S, ,2017.0, ,05b8fe2a8f9b690,51268.0, ,Consumer,"[REDACTED, MAY CONTAIN CONFIDENTIAL BUSINESS INFORMATION]", ,Y,No,ADAS,, , ,Y, , , , , ,,NOV-2021, ,NOV-2021,16:30, ,b6334b22f614ca5,[MAY CONTAIN PERSONALLY IDENTIFIABLE INFORMATION], ,[MAY CONTAIN PERSONALLY IDENTIFIABLE INFORMATION], ,[MAY CONTAIN PERSONALLY IDENTIFIABLE INFORMATION], ,Southborough, ,MA ,[MAY CONTAIN PERSONALLY IDENTIFIABLE INFORMATION], ,Unknown,Unknown,Unknown,,Y,Unknown, , , , , , ,Y, ,,Unknown,Unknown,Unknown,Unknown,Unknown,Unknown, , , , , , , , , , ,Y,Unknown,Yes,Unknown,Unknown,,Y, , , , , , , , , , ,Y,Y, , , , , , , ,Unknown,,Y,Unknown,,Y,,Y,,Y,"[REDACTED, MAY CONTAIN CONFIDENTIAL BUSINESS INFORMATION]",Y,"[REDACTED, MAY CONTAIN CONFIDENTIAL BUSINESS INFORMATION]",Y,ADAS
13781-1771,2,"Tesla, Inc.",10-Day Update,,,NOV-2021,5YJ3E1EB2LF, ,,Tesla,Model 3, ,2020.0, ,c0e350bf2e60d68,48624.0, ,Consumer,"[REDACTED, MAY CONTAIN CONFIDENTIAL BUSINESS INFORMATION]", ,Y,No,ADAS,, , ,Y, , , , , ,,NOV-2021, ,NOV-2021,09:55, ,c76d6795391ffe0,[MAY CONTAIN PERSONALLY IDENTIFIABLE INFORMATION], ,[MAY CONTAIN PERSONALLY IDENTIFIABLE INFORMATION], ,[MAY CONTAIN PERSONALLY IDENTIFIABLE INFORMATION], ,Fairland, ,MD ,[MAY CONTAIN PERSONALLY IDENTIFIABLE INFORMATION], ,Intersection,Dry,No Unusual Conditions,50.0, ,Dark - Lighted,Y, , , , , , , ,,Passenger Car,Unknown,Unknown,Proceeding Straight,Unknown,Unknown, , , , , , , ,Y, , , ,Proceeding Straight,Yes,Unknown,Unknown,66.0, , , , , , ,Y, , , , , ,Y, ,Y, ,Y, , , ,Unknown,,Y,Unknown,,Y,,Y,,Y,"[REDACTED, MAY CONTAIN CONFIDENTIAL BUSINESS INFORMATION]",Y,"[REDACTED, MAY CONTAIN CONFIDENTIAL BUSINESS INFORMATION]",Y,ADAS
13781-1785,1,"Tesla, Inc.",1-Day,,,NOV-2021,5YJXCAE28HF, ,,Tesla,Model X, ,2017.0, ,f39bef165c82032,15923.0, ,Consumer,"[REDACTED, MAY CONTAIN CONFIDENTIAL BUSINESS INFORMATION]", ,Y,No,ADAS,, ,Y, , , , , , ,,AUG-2019, ,NOV-2021,,Y,78f06bf09979eb7,,Y,,Y,[MAY CONTAIN PERSONALLY IDENTIFIABLE INFORMATION], ,Mount Pleasant, ,NY ,,Y,Unknown,Unknown,Unknown,,Y,Unknown, , , , , , ,Y, ,,Passenger Car,Fatality,Unknown,Unknown,Unknown,Unknown, , , , , , , , , , ,Y,Unknown,Unknown,Unknown,Unknown,,Y, , , , , , , , , , ,Y,Y, , , , , , , ,Unknown,,Y,Unknown,,Y,,Y,,Y,"[REDACTED, MAY CONTAIN CONFIDENTIAL BUSINESS INFORMATION]",Y,"[REDACTED, MAY CONTAIN CONFIDENTIAL BUSINESS INFORMATION]",Y,ADAS
13781-1784,1,"Tesla, Inc.",1-Day,,,NOV-2021,5YJ3E1EB2JF, ,,Tesla,Model 3, ,2018.0, ,580db6e98667367,29349.0, ,Consumer,"[REDACTED, MAY CONTAIN CONFIDENTIAL BUSINESS INFORMATION]", ,Y,No,ADAS,, , ,Y, , , , , ,,NOV-2021, ,NOV-2021,20:10, ,35d5bd97c16350f,[MAY CONTAIN PERSONALLY IDENTIFIABLE INFORMATION], ,[MAY CONTAIN PERSONALLY IDENTIFIABLE INFORMATION], ,[MAY CONTAIN PERSONALLY IDENTIFIABLE INFORMATION], ,Las Vegas, ,NV ,[MAY CONTAIN PERSONALLY IDENTIFIABLE INFORMATION], ,Unknown,Unknown,Unknown,,Y,Unknown, , , , , , ,Y, ,,Unknown,Unknown,Unknown,Unknown,Unknown,Unknown, , , , , , , , , , ,Y,Unknown,Yes,Unknown,Unknown,,Y, , , , , , , , , , ,Y,Y, , , , , , , ,Unknown,,Y,Unknown,,Y,,Y,,Y,"[REDACTED, MAY CONTAIN CONFIDENTIAL BUSINESS INFORMATION]",Y,"[REDACTED, MAY CONTAIN CONFIDENTIAL BUSINESS INFORMATION]",Y,ADAS
502-1763,2,Ford Motor Company,10-Day Update,,,NOV-2021,3FMCR9C61MR, ,,Ford,Bronco Sport, ,2021.0, ,4ea38415b4690ca,,Y,Consumer,"[REDACTED, MAY CONTAIN CONFIDENTIAL BUSINESS INFORMATION]", ,Y,No,"Unknown, see Narrative",, ,Y, , , , , , ,,NOV-2021, ,NOV-2021,19:00, ,e145596dfc65b0d,[MAY CONTAIN PERSONALLY IDENTIFIABLE INFORMATION], ,[MAY CONTAIN PERSONALLY IDENTIFIABLE INFORMATION], ,[MAY CONTAIN PERSONALLY IDENTIFIABLE INFORMATION], ,Memphis, ,MI ,[MAY CONTAIN PERSONALLY IDENTIFIABLE INFORMATION], ,Rural Road,Dry,No Unusual Conditions,,Y,Dark - Not Lighted,Y, , , , , , , ,,Pole / Tree,No Injuries Reported,Yes,,,, , , , , , , , , , , ,Proceeding Straight,No,Yes,Yes,,Y, , ,Y, , ,Y, , ,Y, , , ,Y, , , , , , ,No,, ,Yes,, ,, ,, ,"[REDACTED, MAY CONTAIN CONFIDENTIAL BUSINESS INFORMATION]",Y,"[REDACTED, MAY CONTAIN CONFIDENTIAL BUSINESS INFORMATION]",Y,ADAS
13781-1776,1,"Tesla, Inc.",1-Day,,,NOV-2021,5YJSA1E27HF, ,,Tesla,Model S, ,2017.0, ,8120a4454d55dc1,53287.0, ,Consumer,"[REDACTED, MAY CONTAIN CONFIDENTIAL BUSINESS INFORMATION]", ,Y,No,ADAS,, , ,Y, , , , , ,,NOV-2021, ,NOV-2021,03:45, ,2fd146367bac5d8,[MAY CONTAIN PERSONALLY IDENTIFIABLE INFORMATION], ,[MAY CONTAIN PERSONALLY IDENTIFIABLE INFORMATION], ,[MAY CONTAIN PERSONALLY IDENTIFIABLE INFORMATION], ,Fairview Township, ,PA ,[MAY CONTAIN PERSONALLY IDENTIFIABLE INFORMATION], ,Unknown,Unknown,Unknown,,Y,Unknown, , , , , , ,Y, ,,Unknown,Unknown,Unknown,Unknown,Unknown,Unknown, , , , , , , , , , ,Y,Unknown,Yes,Unknown,Unknown,,Y, , , , , , , , , , ,Y,Y, , , , , , , ,Unknown,,Y,Unknown,,Y,,Y,,Y,"[REDACTED, MAY CONTAIN CONFIDENTIAL BUSINESS INFORMATION]",Y,"[REDACTED, MAY CONTAIN CONFIDENTIAL BUSINESS INFORMATION]",Y,ADAS
13781-1775,1,"Tesla, Inc.",1-Day,,,NOV-2021,5YJSA1E25HF, ,,Tesla,Model S, ,2017.0, ,05b8fe2a8f9b690,51268.0, ,Consumer,"[REDACTED, MAY CONTAIN CONFIDENTIAL BUSINESS INFORMATION]", ,Y,No,ADAS,, , ,Y, , , , , ,,NOV-2021, ,NOV-2021,16:30, ,b6334b22f614ca5,[MAY CONTAIN PERSONALLY IDENTIFIABLE INFORMATION], ,[MAY CONTAIN PERSONALLY IDENTIFIABLE INFORMATION], ,[MAY CONTAIN PERSONALLY IDENTIFIABLE INFORMATION], ,Southborough, ,MA ,[MAY CONTAIN PERSONALLY IDENTIFIABLE INFORMATION], ,Unknown,Unknown,Unknown,,Y,Unknown, , , , , , ,Y, ,,Unknown,Unknown,Unknown,Unknown,Unknown,Unknown, , , , , , , , , , ,Y,Unknown,Yes,Unknown,Unknown,,Y, , , , , , , , , , ,Y,Y, , , , , , , ,Unknown,,Y,Unknown,,Y,,Y,,Y,"[REDACTED, MAY CONTAIN CONFIDENTIAL BUSINESS INFORMATION]",Y,"[REDACTED, MAY CONTAIN CONFIDENTIAL BUSINESS INFORMATION]",Y,ADAS
13781-1734,2,"Tesla, Inc.",10-Day Update,,,NOV-2021,5YJ3E1EB5LF, ,,Tesla,Model 3, ,2020.0, ,a7b62302ac237df,16129.0, ,Consumer,"[REDACTED, MAY CONTAIN CONFIDENTIAL BUSINESS INFORMATION]", ,Y,No,ADAS,, ,Y,Y, , , , , ,,SEP-2021, ,NOV-2021,23:01, ,c6b8a8e596a099a,[MAY CONTAIN PERSONALLY IDENTIFIABLE INFORMATION], ,[MAY CONTAIN PERSONALLY IDENTIFIABLE INFORMATION], ,[MAY CONTAIN PERSONALLY IDENTIFIABLE INFORMATION], ,Bothell, ,WA ,[MAY CONTAIN PERSONALLY IDENTIFIABLE INFORMATION], ,Highway / Freeway,Wet,No Unusual Conditions,,Y,Daylight, , ,Y, , , , , ,,Pole / Tree,Unknown,Unknown,,,, , , , , , , , , , , ,Lane / Road Departure,Yes,Yes,Unknown,27.0, , , , , , , , , ,Y, , ,Y, ,Y,Y,Y, , , ,Unknown,,Y,Unknown,,Y,,Y,,Y,"[REDACTED, MAY CONTAIN CONFIDENTIAL BUSINESS INFORMATION]",Y,"[REDACTED, MAY CONTAIN CONFIDENTIAL BUSINESS INFORMATION]",Y,ADAS
13781-1771,1,"Tesla, Inc.",1-Day,,,NOV-2021,5YJ3E1EB2LF, ,,Tesla,Model 3, ,2020.0, ,c0e350bf2e60d68,48624.0, ,Consumer,"[REDACTED, MAY CONTAIN CONFIDENTIAL BUSINESS INFORMATION]", ,Y,No,ADAS,, , ,Y, , , , , ,,NOV-2021, ,NOV-2021,09:55, ,c76d6795391ffe0,[MAY CONTAIN PERSONALLY IDENTIFIABLE INFORMATION], ,[MAY CONTAIN PERSONALLY IDENTIFIABLE INFORMATION], ,[MAY CONTAIN PERSONALLY IDENTIFIABLE INFORMATION], ,Fairland, ,MD ,[MAY CONTAIN PERSONALLY IDENTIFIABLE INFORMATION], ,Unknown,Unknown,Unknown,,Y,Unknown, , , , , , ,Y, ,,Unknown,Unknown,Unknown,Unknown,Unknown,Unknown, , , , , , , , , , ,Y,Unknown,Yes,Unknown,Unknown,,Y, , , , , , , , , , ,Y,Y, , , , , , , ,Unknown,,Y,Unknown,,Y,,Y,,Y,"[REDACTED, MAY CONTAIN CONFIDENTIAL BUSINESS INFORMATION]",Y,"[REDACTED, MAY CONTAIN CONFIDENTIAL BUSINESS INFORMATION]",Y,ADAS