Report ID,Report Version,Reporting Entity,Report Type,Report Month,Report Year,Report Submission Date,VIN,VIN - Unknown,Serial Number,Make,Model,Model - Unknown,Model Year,Model Year - Unknown,Same Vehicle ID,Mileage,Mileage - Unknown,Driver / Operator Type,ADAS/ADS Version,ADAS/ADS Version - Unknown,ADAS/ADS Version CBI,ADS Equipped?,Automation System Engaged?,Operating Entity,Operating Entity - Unknown,Source - Complaint/Claim,Source - Telematics,Source - Law Enforcement,Source - Field Report,Source - Testing,Source - Media,Source - Other,Source - Other Text,Incident Date,Incident Date - Unknown,Notice Received Date,Incident Time (24:00),Incident Time - Unknown,Same Incident ID,Latitude,Latitude  - Unknown,Longitude,Longitude - Unknown,Address,Address - Unknown,City,City - Unknown,State,Zip Code,Zip Code - Unknown,Roadway Type,Roadway Surface,Roadway Description,Posted Speed Limit (MPH),Posted Speed Limit - Unknown,Lighting,Weather - Clear,Weather - Snow,Weather - Cloudy,Weather - Fog/Smoke,Weather - Rain,Weather - Severe Wind,Weather - Unknown,Weather - Other,Weather - Other Text,Crash With,Highest Injury Severity,Property Damage?,CP Pre-Crash Movement,CP Any Air Bags Deployed?,CP Was Vehicle Towed?,CP Contact Area - Rear Left,CP Contact Area - Left,CP Contact Area - Front Left,CP Contact Area - Rear,CP Contact Area - Top,CP Contact Area - Front,CP Contact Area - Rear Right,CP Contact Area - Right,CP Contact Area - Front Right,CP Contact Area - Bottom,CP Contact Area - Unknown,SV Pre-Crash Movement,SV Any Air Bags Deployed?,SV Was Vehicle Towed?,SV Were All Passengers Belted?,SV Precrash Speed (MPH),SV Pre-crash Speed - Unknown,SV Contact Area - Rear Left,SV Contact Area - Left,SV Contact Area - Front Left,SV Contact Area - Rear,SV Contact Area - Top,SV Contact Area - Front,SV Contact Area - Rear Right,SV Contact Area - Right,SV Contact Area - Front Right,SV Contact Area - Bottom,SV Contact Area - Unknown,Data Availability - EDR,Data Availability - Police Rpt,Data Availability - Telematics,Data Availability - Complaints,Data Availability - Video,Data Availability - Other,Data Availability - No Data,Data Availability - Unknown,Law Enforcement Investigating?,Investigating Agency,Investigating Agency - Unknown,Rep Ent Or Mfr Investigating?,Investigating Officer Name,Inv. Officer Name - Unknown,Investigating Officer Phone,Inv. Officer Phone - Unknown,Investigating Officer Email,Inv. Officer Email - Unknown,Within ODD?,Within ODD? - CBI,Narrative,Narrative - CBI?,system_type
13781-1631,2,"Tesla, Inc.",10-Day Update,,,NOV-2021,5YJ3E1EB6LF, ,,Tesla,Model 3, ,2020.0, ,ebc8ae56c1ac569,35100.0, ,Consumer,"[REDACTED, MAY CONTAIN CONFIDENTIAL BUSINESS INFORMATION]", ,Y,No,ADAS,, , ,Y, , , , , ,,NOV-2021, ,NOV-2021,21:22, ,ef3eb63e2167b65,[MAY CONTAIN PERSONALLY IDENTIFIABLE INFORMATION], ,[MAY CONTAIN PERSONALLY IDENTIFIABLE INFORMATION], ,[MAY CONTAIN PERSONALLY IDENTIFIABLE INFORMATION], ,Clayton, ,NC ,[MAY CONTAIN PERSONALLY IDENTIFIABLE INFORMATION], ,Intersection,Dry,No Unusual Conditions,55.0, ,Daylight, , ,Y, , , , , ,,Van,Unknown,Unknown,Making Left Turn,Yes,Unknown, , ,Y, , , , , , , , ,Unknown,Yes,Unknown,Unknown,45.0, , , , , , , , , ,Y, , ,Y, ,Y, ,Y, , , ,Unknown,,Y,Unknown,,Y,,Y,,Y,"[REDACTED, MAY CONTAIN CONFIDENTIAL BUSINESS INFORMATION]",Y,"[REDACTED, MAY CONTAIN CONFIDENTIAL BUSINESS INFORMATION]",Y,ADAS
13781-1663,1,"Tesla, Inc.",1-Day,,,NOV-2021,5YJSA1E21JF, ,,Tesla,Model S, ,2018.0, ,44de4de3b5d610f,52537.0, ,Consumer,"[REDACTED, MAY CONTAIN CONFIDENTIAL BUSINESS INFORMATION]", ,Y,No,ADAS,, , ,Y, , , , , ,,NOV-2021, ,NOV-2021,07:04, ,159c49a535753c7,[MAY CONTAIN PERSONALLY IDENTIFIABLE INFORMATION], ,[MAY CONTAIN PERSONALLY IDENTIFIABLE INFORMATION], ,[MAY CONTAIN PERSONALLY IDENTIFIABLE INFORMATION], ,Rolla, ,MO ,[MAY CONTAIN PERSONALLY IDENTIFIABLE INFORMATION], ,Unknown,Unknown,Unknown,,Y,Unknown, , , , , , ,Y, ,,Unknown,Unknown,Unknown,Unknown,Unknown,Unknown, , , , , , , , , , ,Y,Unknown,Yes,Unknown,Unknown,,Y, , , , , , , , , , ,Y,Y, , , , , , , ,Unknown,,Y,Unknown,,Y,,Y,,Y,"[REDACTED, MAY CONTAIN CONFIDENTIAL BUSINESS INFORMATION]",Y,"[REDACTED, MAY CONTAIN CONFIDENTIAL BUSINESS INFORMATION]",Y,ADAS
13781-1662,1,"Tesla, Inc.",1-Day,,,NOV-2021,5YJ3E1EA5KF, ,,Tesla,Model 3, ,2019.0, ,01f7ca03c3f4510,28699.0, ,Consumer,"[REDACTED, MAY CONTAIN CONFIDENTIAL BUSINESS INFORMATION]", ,Y,No,ADAS,, , ,Y, , , , , ,,NOV-2021, ,NOV-2021,03:29, ,c09789fe2ed9581,[MAY CONTAIN PERSONALLY IDENTIFIABLE INFORMATION], ,[MAY CONTAIN PERSONALLY IDENTIFIABLE INFORMATION], ,[MAY CONTAIN PERSONALLY IDENTIFIABLE INFORMATION], ,Carrollton, ,TX ,[MAY CONTAIN PERSONALLY IDENTIFIABLE INFORMATION], ,Unknown,Unknown,Unknown,,Y,Unknown, , , , , , ,Y, ,,Unknown,Unknown,Unknown,Unknown,Unknown,Unknown, , , , , , , , , , ,Y,Unknown,Yes,Unknown,Unknown,,Y, , , , , , , , , , ,Y,Y, , , , , , , ,Unknown,,Y,Unknown,,Y,,Y,,Y,"[REDACTED, MAY CONTAIN CONFIDENTIAL BUSINESS INFORMATION]",Y,"[REDACTED, MAY CONTAIN CONFIDENTIAL BUSINESS INFORMATION]",Y,ADAS
13781-1647,1,"Tesla, Inc.",1-Day,,,NOV-2021,5YJXCBE28HF, ,,Tesla,Model X, ,2017.0, ,978d4586067d439,42548.0, ,Consumer,"[REDACTED, MAY CONTAIN CONFIDENTIAL BUSINESS INFORMATION]", ,Y,No,ADAS,, , ,Y, , , , , ,,NOV-2021, ,NOV-2021,19:47, ,bd8b67e5227ce4b,[MAY CONTAIN PERSONALLY IDENTIFIABLE INFORMATION], ,[MAY CONTAIN PERSONALLY IDENTIFIABLE INFORMATION], ,[MAY CONTAIN PERSONALLY IDENTIFIABLE INFORMATION], ,Spokane Valley, ,WA ,[MAY CONTAIN PERSONALLY IDENTIFIABLE INFORMATION], ,Unknown,Unknown,Unknown,,Y,Unknown, , , , , , ,Y, ,,Unknown,Unknown,Unknown,Unknown,Unknown,Unknown, , , , , , , , , , ,Y,Unknown,Yes,Unknown,Unknown,,Y, , , , , , , , , , ,Y,Y, , , , , , , ,Unknown,,Y,Unknown,,Y,,Y,,Y,"[REDACTED, MAY CONTAIN CONFIDENTIAL BUSINESS INFORMATION]",Y,"[REDACTED, MAY CONTAIN CONFIDENTIAL BUSINESS INFORMATION]",Y,ADAS
13781-1646,1,"Tesla, Inc.",1-Day,,,NOV-2021,5YJ3E1EC7LF, ,,Tesla,Model 3, ,2020.0, ,2404b7f85a138d0,25951.0, ,Consumer,"[REDACTED, MAY CONTAIN CONFIDENTIAL BUSINESS INFORMATION]", ,Y,No,ADAS,, , ,Y, , , , , ,,NOV-2021, ,NOV-2021,18:42, ,268cdace7bd426b,[MAY CONTAIN PERSONALLY IDENTIFIABLE INFORMATION], ,[MAY CONTAIN PERSONALLY IDENTIFIABLE INFORMATION], ,[MAY CONTAIN PERSONALLY IDENTIFIABLE INFORMATION], ,Prairieville, ,LA ,[MAY CONTAIN PERSONALLY IDENTIFIABLE INFORMATION], ,Unknown,Unknown,Unknown,,Y,Unknown, , , , , , ,Y, ,,Unknown,Unknown,Unknown,Unknown,Unknown,Unknown, , , , , , , , , , ,Y,Unknown,No,Yes,Unknown,,Y, , , , , , , , , , ,Y,Y, , , , , , , ,Unknown,,Y,Unknown,,Y,,Y,,Y,"[REDACTED, MAY CONTAIN CONFIDENTIAL BUSINESS INFORMATION]",Y,"[REDACTED, MAY CONTAIN CONFIDENTIAL BUSINESS INFORMATION]",Y,ADAS
62-1636,1,Honda (American Honda Motor Co.),1-Day,,,NOV-2021,5J8TC2H75LL, ,,Acura,RDX, ,2020.0, ,1fc9caaaf6a2dd1,,Y,Consumer,,Y, ,No,ADAS,, ,Y, , , , , , ,,JUL-2021, ,NOV-2021,,Y,a8fc8fda3dfeaf8,,Y,,Y,,Y,Asheville, ,NC ,,Y,Intersection,Unknown,Unknown,,Y,Unknown,Y, , , , , , , ,,Unknown,Moderate,Unknown,Unknown,Unknown,Unknown, , , , , , , , , , ,Y,Making Right Turn,Yes,Yes,Unknown,,Y, , , , , , , , , , ,Y, , , ,Y, , , , ,No,, ,No,, ,, ,, ,Unknown, ,"The customer was turning right at an intersection when another driver ran a red light and hit the customer, causing her to spin several times. The customer alleges that the Lane Keep Assist System and Adaptive Cruise Control were engaged.", ,ADAS
62-1635,1,Honda (American Honda Motor Co.),1-Day,,,NOV-2021,5FNYF6H34MB, ,,Honda,Pilot, ,2021.0, ,88cb390116754a4,,Y,Consumer,,Y, ,No,ADAS,, ,Y, , , , , , ,,NOV-2021, ,NOV-2021,,Y,4efe171aca7e516,,Y,,Y,,Y,,Y,TN ,,Y,Unknown,Unknown,Unknown,,Y,Unknown, , , , , , ,Y, ,,Unknown,No Injuries Reported,Unknown,Unknown,Unknown,Unknown, , , , , , , , , , ,Y,Proceeding Straight,Yes,Yes,Unknown,,Y, ,Y, , , , , , , , , , , , ,Y, , , , ,No,, ,No,, ,, ,, ,Unknown, ,Customer was driving when another vehicle drove past him and hit the whole driver's side of his vehicle. Customer alleges that both Lane Keep Assist System and Adaptive Cruise Control were engaged., ,ADAS
13781-1631,1,"Tesla, Inc.",1-Day,,,NOV-2021,5YJ3E1EB6LF, ,,Tesla,Model 3, ,2020.0, ,ebc8ae56c1ac569,35100.0, ,Consumer,"[REDACTED, MAY CONTAIN CONFIDENTIAL BUSINESS INFORMATION]", ,Y,No,ADAS,, , ,Y, , , , , ,,NOV-2021, ,NOV-2021,21:22, ,ef3eb63e2167b65,[MAY CONTAIN PERSONALLY IDENTIFIABLE INFORMATION], ,[MAY CONTAIN PERSONALLY IDENTIFIABLE INFORMATION], ,[MAY CONTAIN PERSONALLY IDENTIFIABLE INFORMATION], ,Clayton, ,NC ,[MAY CONTAIN PERSONALLY IDENTIFIABLE INFORMATION], ,Unknown,Unknown,Unknown,,Y,Unknown, , , , , , ,Y, ,,Unknown,Unknown,Unknown,Unknown,Unknown,Unknown, , , , , , , , , , ,Y,Unknown,Yes,Unknown,Unknown,,Y, , , , , , , , , , ,Y,Y, , , , , , , ,Unknown,,Y,Unknown,,Y,,Y,,Y,"[REDACTED, MAY CONTAIN CONFIDENTIAL BUSINESS INFORMATION]",Y,"[REDACTED, MAY CONTAIN CONFIDENTIAL BUSINESS INFORMATION]",Y,ADAS
10039-1548,5,"BMW of North America, LLC",Other Update,,,NOV-2021,WBA53BH03MC, ,,BMW,530i, ,2021.0, ,b04a9a933304ad0,,Y,Consumer,,Y, ,No,ADAS,, ,Y, , , , , , ,,,Y,OCT-2021,,Y, ,,Y,,Y,,Y,Houston, ,TX ,,Y,Highway / Freeway,"Other, see Narrative","Other, see Narrative",,Y,"Other, see Narrative", , , , , , , ,Y,Hurricane Ida,Other Fixed Object,No Injuries Reported,Unknown,,,, , , , , , , , , , , ,"Other, see Narrative",Unknown,Yes,Yes,,Y, , , , , , , , , , ,Y, , , , , , , ,Y,No,, ,Unknown,, ,, ,, ,"[REDACTED, MAY CONTAIN CONFIDENTIAL BUSINESS INFORMATION]",Y,"Final Update November [XXX], 2021: [REDACTED CONFIDENTIAL BUSINESS INFORMATION]
As of November [XXX], 2021, there is no update. 
According to the customer, [REDACTED CONFIDENTIAL BUSINESS INFORMATION]",Y,ADAS
62-1623,1,Honda (American Honda Motor Co.),1-Day,,,NOV-2021,1HGCV1F15MA, ,,Honda,Accord, ,2021.0, ,bd8ef67f5c483ce,,Y,Consumer,,Y, ,No,ADAS,, ,Y, , , , , , ,,DEC-2020, ,NOV-2021,,Y,2c1c6e38e9cf0ff,,Y,,Y,,Y,North Montgomery, ,AL ,,Y,Highway / Freeway,Unknown,Unknown,,Y,Unknown, , , , , , ,Y, ,,Unknown,No Injuries Reported,Unknown,Unknown,Unknown,Unknown, , , , , , , , , , ,Y,Proceeding Straight,No,Yes,Unknown,,Y, , , ,Y, , , , , , , , , , ,Y, , , , ,No,, ,No,, ,, ,, ,Unknown, ,The customer was driving on a highway when another vehicle rear-ended the customer's vehicle. The customer alleges that both the Lane Keep Assist System and Adaptive Cruise Control were engaged., ,ADAS
10561-1595,2,APTIV,Other Update,,,NOV-2021,1C4RJKEGXM8, ,,Jeep,Grand Cherokee, ,2021.0, ,b1622ef286d26bf,23168.0, ,In-Vehicle (Commercial / Test),"[REDACTED, MAY CONTAIN CONFIDENTIAL BUSINESS INFORMATION]", ,Y,No,ADAS,Aptiv, , , ,Y,Y, , , ,,NOV-2021, ,NOV-2021,16:00, ,d3825fdba7cadca,,Y,,Y,[MAY CONTAIN PERSONALLY IDENTIFIABLE INFORMATION], ,Lincolnwood, ,IL ,[MAY CONTAIN PERSONALLY IDENTIFIABLE INFORMATION], ,Highway / Freeway,Dry,No Unusual Conditions,,Y,Daylight,Y, , , , , , , ,,Pickup Truck,Unknown,No,Lane / Road Departure,Yes,Yes, ,Y,Y, , , , , , , , ,Stopped,No,Yes,Yes,,Y, , , , , , ,Y,Y,Y, , , ,Y, , , , , , ,Unknown,Illinois State Police, ,Unknown,[MAY CONTAIN PERSONALLY IDENTIFIABLE INFORMATION], ,,Y,,Y,"[REDACTED, MAY CONTAIN CONFIDENTIAL BUSINESS INFORMATION]",Y,"[REDACTED, MAY CONTAIN CONFIDENTIAL BUSINESS INFORMATION]",Y,ADAS
13781-1599,2,"Tesla, Inc.",10-Day Update,,,NOV-2021,5YJYGDEE4MF, ,,Tesla,Model Y, ,2021.0, ,582d39a9033d38a,7771.0, ,Consumer,"[REDACTED, MAY CONTAIN CONFIDENTIAL BUSINESS INFORMATION]", ,Y,No,ADAS,, , ,Y, , , , , ,,NOV-2021, ,NOV-2021,01:20, ,85cfc80a21463a2,[MAY CONTAIN PERSONALLY IDENTIFIABLE INFORMATION], ,[MAY CONTAIN PERSONALLY IDENTIFIABLE INFORMATION], ,[MAY CONTAIN PERSONALLY IDENTIFIABLE INFORMATION], ,Portsmouth, ,NH ,[MAY CONTAIN PERSONALLY IDENTIFIABLE INFORMATION], ,Highway / Freeway,Dry,No Unusual Conditions,65.0, ,Dark - Not Lighted,Y, , , , , , , ,,Animal,Unknown,Unknown,"Other, see Narrative",,, , , , , , , , , , , ,Proceeding Straight,Yes,Unknown,Unknown,66.0, , , ,Y, , , , , , , , ,Y, ,Y, ,Y, , , ,Unknown,,Y,Unknown,,Y,,Y,,Y,"[REDACTED, MAY CONTAIN CONFIDENTIAL BUSINESS INFORMATION]",Y,"[REDACTED, MAY CONTAIN CONFIDENTIAL BUSINESS INFORMATION]",Y,ADAS
13781-1584,2,"Tesla, Inc.",10-Day Update,,,NOV-2021,5YJSA1E2XGF, ,,Tesla,Model S, ,2016.0, ,a00905cd720949d,117685.0, ,Consumer,"[REDACTED, MAY CONTAIN CONFIDENTIAL BUSINESS INFORMATION]", ,Y,No,ADAS,, , ,Y, , , , , ,,NOV-2021, ,NOV-2021,18:45, ,c5de22c22ec7353,[MAY CONTAIN PERSONALLY IDENTIFIABLE INFORMATION], ,[MAY CONTAIN PERSONALLY IDENTIFIABLE INFORMATION], ,[MAY CONTAIN PERSONALLY IDENTIFIABLE INFORMATION], ,Ottawa, ,IL ,[MAY CONTAIN PERSONALLY IDENTIFIABLE INFORMATION], ,Unknown,Unknown,Unknown,,Y,Unknown, , , , , , ,Y, ,,Unknown,Unknown,Unknown,Unknown,Unknown,Unknown, , , , , , , , , , ,Y,Unknown,Yes,Unknown,Unknown,,Y, , , , , , , , , , ,Y,Y, , , , , , , ,Unknown,,Y,Unknown,,Y,,Y,,Y,"[REDACTED, MAY CONTAIN CONFIDENTIAL BUSINESS INFORMATION]",Y,"[REDACTED, MAY CONTAIN CONFIDENTIAL BUSINESS INFORMATION]",Y,ADAS
13781-1585,2,"Tesla, Inc.",10-Day Update,,,NOV-2021,5YJ3E1EA7JF, ,,Tesla,Model 3, ,2018.0, ,408cfb841a62199,51009.0, ,Consumer,"[REDACTED, MAY CONTAIN CONFIDENTIAL BUSINESS INFORMATION]", ,Y,No,ADAS,, , ,Y, , , , , ,,NOV-2021, ,NOV-2021,02:58, ,a68ec6b56e6f607,[MAY CONTAIN PERSONALLY IDENTIFIABLE INFORMATION], ,[MAY CONTAIN PERSONALLY IDENTIFIABLE INFORMATION], ,[MAY CONTAIN PERSONALLY IDENTIFIABLE INFORMATION], ,Sierra Vista, ,AZ ,[MAY CONTAIN PERSONALLY IDENTIFIABLE INFORMATION], ,Intersection,Dry,No Unusual Conditions,45.0, ,Dark - Lighted,Y, , , , , , , ,,Pickup Truck,Unknown,Unknown,Making Left Turn,Unknown,Unknown,Y, , , , , , , , , , ,Proceeding Straight,Yes,Unknown,Unknown,30.0, , , , , , , , , ,Y, , ,Y, ,Y, ,Y, , , ,Unknown,,Y,Unknown,,Y,,Y,,Y,"[REDACTED, MAY CONTAIN CONFIDENTIAL BUSINESS INFORMATION]",Y,"[REDACTED, MAY CONTAIN CONFIDENTIAL BUSINESS INFORMATION]",Y,ADAS
13781-1589,2,"Tesla, Inc.",10-Day Update,,,NOV-2021,5YJ3E1EB2MF, ,,Tesla,Model 3, ,2021.0, ,9fdeaaafe2fee5d,24021.0, ,Consumer,"[REDACTED, MAY CONTAIN CONFIDENTIAL BUSINESS INFORMATION]", ,Y,No,ADAS,, , ,Y, , , , , ,,OCT-2021, ,NOV-2021,17:18, ,6029b5a02bd1508,[MAY CONTAIN PERSONALLY IDENTIFIABLE INFORMATION], ,[MAY CONTAIN PERSONALLY IDENTIFIABLE INFORMATION], ,[MAY CONTAIN PERSONALLY IDENTIFIABLE INFORMATION], ,Culpeper, ,VA ,[MAY CONTAIN PERSONALLY IDENTIFIABLE INFORMATION], ,Street,Dry,No Unusual Conditions,45.0, ,Daylight, , ,Y, , , , , ,,Pickup Truck,Unknown,Unknown,Proceeding Straight,Unknown,Unknown, ,Y, , , , , , , , , ,Proceeding Straight,Yes,Unknown,Unknown,20.0, , , ,Y, , , , , , , , ,Y, ,Y, ,Y, , , ,Unknown,,Y,Unknown,,Y,,Y,,Y,"[REDACTED, MAY CONTAIN CONFIDENTIAL BUSINESS INFORMATION]",Y,"[REDACTED, MAY CONTAIN CONFIDENTIAL BUSINESS INFORMATION]",Y,ADAS
13781-1574,2,"Tesla, Inc.",10-Day Update,,,NOV-2021,5YJSA1E41JF, ,,Tesla,Model S, ,2018.0, ,c13d86ce9e150fd,30677.0, ,Consumer,"[REDACTED, MAY CONTAIN CONFIDENTIAL BUSINESS INFORMATION]", ,Y,No,ADAS,, , ,Y, , , , , ,,OCT-2021, ,NOV-2021,05:18, ,620c3225ccc3217,[MAY CONTAIN PERSONALLY IDENTIFIABLE INFORMATION], ,[MAY CONTAIN PERSONALLY IDENTIFIABLE INFORMATION], ,[MAY CONTAIN PERSONALLY IDENTIFIABLE INFORMATION], ,Golden, ,CO ,[MAY CONTAIN PERSONALLY IDENTIFIABLE INFORMATION], ,Unknown,Unknown,Unknown,,Y,Unknown, , , , , , ,Y, ,,Unknown,Unknown,Unknown,Unknown,Unknown,Unknown, , , , , , , , , , ,Y,Unknown,Yes,Unknown,Unknown,,Y, , , , , , , , , , ,Y,Y, , , , , , , ,Unknown,,Y,Unknown,,Y,,Y,,Y,"[REDACTED, MAY CONTAIN CONFIDENTIAL BUSINESS INFORMATION]",Y,"[REDACTED, MAY CONTAIN CONFIDENTIAL BUSINESS INFORMATION]",Y,ADAS
13781-1573,2,"Tesla, Inc.",10-Day Update,,,NOV-2021,5YJ3E1EB7JF, ,,Tesla,Model 3, ,2018.0, ,623666a7680c376,57617.0, ,Consumer,"[REDACTED, MAY CONTAIN CONFIDENTIAL BUSINESS INFORMATION]", ,Y,No,ADAS,, , ,Y, , , , , ,,OCT-2021, ,NOV-2021,20:41, ,65ea7e1a0b52b1f,[MAY CONTAIN PERSONALLY IDENTIFIABLE INFORMATION], ,[MAY CONTAIN PERSONALLY IDENTIFIABLE INFORMATION], ,[MAY CONTAIN PERSONALLY IDENTIFIABLE INFORMATION], ,Oklahoma City, ,OK ,[MAY CONTAIN PERSONALLY IDENTIFIABLE INFORMATION], ,Highway / Freeway,Dry,No Unusual Conditions,65.0, ,Daylight,Y, , , , , , , ,,Heavy Truck,Unknown,Unknown,Changing Lanes,Unknown,Unknown, , , , , , , , ,Y, , ,Proceeding Straight,Yes,Unknown,Unknown,67.0, ,Y, , , , , , , , , , ,Y, ,Y, ,Y, , , ,Unknown,,Y,Unknown,,Y,,Y,,Y,"[REDACTED, MAY CONTAIN CONFIDENTIAL BUSINESS INFORMATION]",Y,"[REDACTED, MAY CONTAIN CONFIDENTIAL BUSINESS INFORMATION]",Y,ADAS
13781-1555,2,"Tesla, Inc.",10-Day Update,,,NOV-2021,5YJSA1E66MF, ,,Tesla,Model S, ,2021.0, ,625977e563c2d59,2217.0, ,Consumer,"[REDACTED, MAY CONTAIN CONFIDENTIAL BUSINESS INFORMATION]", ,Y,No,ADAS,, , ,Y, , , , , ,,OCT-2021, ,OCT-2021,16:49, ,a8d3da56642d434,[MAY CONTAIN PERSONALLY IDENTIFIABLE INFORMATION], ,[MAY CONTAIN PERSONALLY IDENTIFIABLE INFORMATION], ,[MAY CONTAIN PERSONALLY IDENTIFIABLE INFORMATION], ,Turnersville, ,NJ ,[MAY CONTAIN PERSONALLY IDENTIFIABLE INFORMATION], ,Unknown,Unknown,Unknown,,Y,Unknown, , , , , , ,Y, ,,Unknown,Unknown,Unknown,Unknown,Unknown,Unknown, , , , , , , , , , ,Y,Unknown,Yes,Unknown,Unknown,,Y, , , , , , , , , , ,Y,Y, , , , , , , ,Unknown,,Y,Unknown,,Y,,Y,,Y,"[REDACTED, MAY CONTAIN CONFIDENTIAL BUSINESS INFORMATION]",Y,"[REDACTED, MAY CONTAIN CONFIDENTIAL BUSINESS INFORMATION]",Y,ADAS
13781-1553,2,"Tesla, Inc.",10-Day Update,,,NOV-2021,5YJ3E1EA2JF, ,,Tesla,Model 3, ,2018.0, ,1a5835c92225ff1,92444.0, ,Consumer,"[REDACTED, MAY CONTAIN CONFIDENTIAL BUSINESS INFORMATION]", ,Y,No,ADAS,, , ,Y, , , , , ,,OCT-2021, ,OCT-2021,10:07, ,4c643a2b2f65d2a,[MAY CONTAIN PERSONALLY IDENTIFIABLE INFORMATION], ,[MAY CONTAIN PERSONALLY IDENTIFIABLE INFORMATION], ,[MAY CONTAIN PERSONALLY IDENTIFIABLE INFORMATION], ,Albertville, ,AL ,[MAY CONTAIN PERSONALLY IDENTIFIABLE INFORMATION], ,Unknown,Unknown,Unknown,,Y,Unknown, , , , , , ,Y, ,,Unknown,Unknown,Unknown,Unknown,Unknown,Unknown, , , , , , , , , , ,Y,Unknown,Yes,Unknown,Unknown,,Y, , , , , , , , , , ,Y,Y, , , , , , , ,Unknown,,Y,Unknown,,Y,,Y,,Y,"[REDACTED, MAY CONTAIN CONFIDENTIAL BUSINESS INFORMATION]",Y,"[REDACTED, MAY CONTAIN CONFIDENTIAL BUSINESS INFORMATION]",Y,ADAS
13781-1556,2,"Tesla, Inc.",10-Day Update,,,NOV-2021,5YJSA1E23HF, ,,Tesla,Model S, ,2017.0, ,cd318825933c186,,Y,Consumer,"[REDACTED, MAY CONTAIN CONFIDENTIAL BUSINESS INFORMATION]", ,Y,No,"Unknown, see Narrative",, ,Y, , , , , , ,,JUN-2021, ,OCT-2021,,Y,954fd0e5c9f7d00,,Y,,Y,,Y,,Y,UNK,,Y,Unknown,Unknown,Unknown,,Y,Unknown, , , , , , ,Y, ,,Unknown,Unknown,Unknown,Unknown,Unknown,Unknown, , , , , , , , , , ,Y,Unknown,Unknown,Unknown,Unknown,,Y, , , , , , , , , , ,Y, , , ,Y, , , , ,Unknown,,Y,Unknown,,Y,,Y,,Y,"[REDACTED, MAY CONTAIN CONFIDENTIAL BUSINESS INFORMATION]",Y,"[REDACTED, MAY CONTAIN CONFIDENTIAL BUSINESS INFORMATION]",Y,ADAS
13781-1599,1,"Tesla, Inc.",1-Day,,,NOV-2021,5YJYGDEE4MF, ,,Tesla,Model Y, ,2021.0, ,582d39a9033d38a,7771.0, ,Consumer,"[REDACTED, MAY CONTAIN CONFIDENTIAL BUSINESS INFORMATION]", ,Y,No,ADAS,, , ,Y, , , , , ,,NOV-2021, ,NOV-2021,01:20, ,85cfc80a21463a2,[MAY CONTAIN PERSONALLY IDENTIFIABLE INFORMATION], ,[MAY CONTAIN PERSONALLY IDENTIFIABLE INFORMATION], ,[MAY CONTAIN PERSONALLY IDENTIFIABLE INFORMATION], ,Portsmouth, ,NH ,[MAY CONTAIN PERSONALLY IDENTIFIABLE INFORMATION], ,Unknown,Unknown,Unknown,,Y,Unknown, , , , , , ,Y, ,,Unknown,Unknown,Unknown,Unknown,Unknown,Unknown, , , , , , , , , , ,Y,Unknown,Yes,Unknown,Unknown,,Y, , , , , , , , , , ,Y,Y, , , , , , , ,Unknown,,Y,Unknown,,Y,,Y,,Y,"[REDACTED, MAY CONTAIN CONFIDENTIAL BUSINESS INFORMATION]",Y,"[REDACTED, MAY CONTAIN CONFIDENTIAL BUSINESS INFORMATION]",Y,ADAS
10561-1595,1,APTIV,1-Day,,,NOV-2021,1C4RJKEGXM8, ,,Jeep,Grand Cherokee, ,2021.0, ,b1622ef286d26bf,23168.0, ,In-Vehicle (Commercial / Test),"[REDACTED, MAY CONTAIN CONFIDENTIAL BUSINESS INFORMATION]", ,Y,No,ADAS,Aptiv, , , ,Y,Y, , , ,,NOV-2021, ,NOV-2021,16:00, ,d3825fdba7cadca,,Y,,Y,[MAY CONTAIN PERSONALLY IDENTIFIABLE INFORMATION], ,Lincolnwood, ,IL ,[MAY CONTAIN PERSONALLY IDENTIFIABLE INFORMATION], ,Highway / Freeway,Dry,No Unusual Conditions,,Y,Daylight,Y, , , , , , , ,,Pickup Truck,Unknown,No,Lane / Road Departure,Yes,Yes, ,Y,Y, , , , , , , , ,Proceeding Straight,No,Yes,Yes,,Y, , , , , , ,Y,Y,Y, , , ,Y, , , , , , ,Unknown,Illinois State Police, ,Unknown,[MAY CONTAIN PERSONALLY IDENTIFIABLE INFORMATION], ,,Y,,Y,"[REDACTED, MAY CONTAIN CONFIDENTIAL BUSINESS INFORMATION]",Y,"[REDACTED, MAY CONTAIN CONFIDENTIAL BUSINESS INFORMATION]",Y,ADAS
10039-1548,4,"BMW of North America, LLC",10-Day Update,,,NOV-2021,WBA53BH03MC, ,,BMW,530i, ,2021.0, ,b04a9a933304ad0,,Y,Consumer,,Y, ,No,ADAS,, ,Y, , , , , , ,,,Y,OCT-2021,,Y, ,,Y,,Y,,Y,Houston, ,TX ,,Y,Highway / Freeway,"Other, see Narrative","Other, see Narrative",,Y,"Other, see Narrative", , , , , , , ,Y,Hurricane Ida,Other Fixed Object,No Injuries Reported,Unknown,,,, , , , , , , , , , , ,"Other, see Narrative",Unknown,Yes,Yes,,Y, , , , , , , , , , ,Y, , , , , , , ,Y,No,, ,Unknown,, ,, ,, ,"[REDACTED, MAY CONTAIN CONFIDENTIAL BUSINESS INFORMATION]",Y,"As of November [XXX], 2021, there is no update. 
According to the customer, [REDACTED, MAY CONTAIN CONFIDENTIAL BUSINESS INFORMATION]",Y,ADAS
62-1591,1,Honda (American Honda Motor Co.),1-Day,,,NOV-2021,1HGCR2F56HA, ,,Honda,Accord, ,2017.0, ,1036b3259ace8ca,,Y,Consumer,,Y, ,No,ADAS,, ,Y, , , , , , ,,NOV-2021, ,NOV-2021,,Y,7d320f5607aa249,,Y,,Y,,Y,Fort Lauderdale, ,FL ,,Y,Parking Lot,Unknown,Unknown,,Y,Unknown, , , , , , ,Y, ,,Pole / Tree,Moderate,Unknown,,,, , , , , , , , , , , ,"Other, see Narrative",Yes,Yes,Unknown,,Y, , , , , , , , , , ,Y, , , ,Y, , , , ,No,, ,No,, ,, ,, ,Unknown, ,"The customer was leaving an apartment complex when she drove over a speed bump, causing her to lose control and hit a tree. Customer alleges that both the Lane Keep Assist System and Adaptive Cruise Control were engaged.", ,ADAS
62-1590,1,Honda (American Honda Motor Co.),1-Day,,,NOV-2021,5FNRL6H90JB, ,,Honda,Odyssey, ,2018.0, ,e731c92c7bd8363,,Y,Consumer,,Y, ,No,ADAS,, ,Y, , , , , , ,,OCT-2021, ,NOV-2021,,Y,93584ba02779625,,Y,,Y,,Y,Marion, ,IL ,,Y,Unknown,Unknown,Unknown,,Y,Unknown, , , , , , ,Y, ,,Animal,Minor,Unknown,Unknown,,, , , , , , , , , , , ,Unknown,Yes,Yes,Unknown,60.0, , ,Y, , , , , , , , , , , , ,Y, , , , ,No,, ,No,, ,, ,, ,Unknown, ,Customer was driving at 60 miles per hour and hit a deer on the driver's side. Customer alleges that the Lane Keep Assist System and Adaptive Cruise Control were engaged., ,ADAS
13781-1589,1,"Tesla, Inc.",1-Day,,,NOV-2021,5YJ3E1EB2MF, ,,Tesla,Model 3, ,2021.0, ,9fdeaaafe2fee5d,24021.0, ,Consumer,"[REDACTED, MAY CONTAIN CONFIDENTIAL BUSINESS INFORMATION]", ,Y,No,ADAS,, , ,Y, , , , , ,,OCT-2021, ,NOV-2021,17:18, ,6029b5a02bd1508,[MAY CONTAIN PERSONALLY IDENTIFIABLE INFORMATION], ,[MAY CONTAIN PERSONALLY IDENTIFIABLE INFORMATION], ,[MAY CONTAIN PERSONALLY IDENTIFIABLE INFORMATION], ,Culpeper, ,VA ,[MAY CONTAIN PERSONALLY IDENTIFIABLE INFORMATION], ,Unknown,Unknown,Unknown,,Y,Unknown, , , , , , ,Y, ,,Unknown,Unknown,Unknown,Unknown,Unknown,Unknown, , , , , , , , , , ,Y,Unknown,Yes,Unknown,Unknown,,Y, , , , , , , , , , ,Y,Y, , , , , , , ,Unknown,,Y,Unknown,,Y,,Y,,Y,"[REDACTED, MAY CONTAIN CONFIDENTIAL BUSINESS INFORMATION]",Y,"[REDACTED, MAY CONTAIN CONFIDENTIAL BUSINESS INFORMATION]",Y,ADAS