Report ID,Report Version,Reporting Entity,Report Type,Report Month,Report Year,Report Submission Date,VIN,VIN - Unknown,Serial Number,Make,Model,Model - Unknown,Model Year,Model Year - Unknown,Same Vehicle ID,Mileage,Mileage - Unknown,Driver / Operator Type,ADAS/ADS Version,ADAS/ADS Version - Unknown,ADAS/ADS Version CBI,ADS Equipped?,Automation System Engaged?,Operating Entity,Operating Entity - Unknown,Source - Complaint/Claim,Source - Telematics,Source - Law Enforcement,Source - Field Report,Source - Testing,Source - Media,Source - Other,Source - Other Text,Incident Date,Incident Date - Unknown,Notice Received Date,Incident Time (24:00),Incident Time - Unknown,Same Incident ID,Latitude,Latitude  - Unknown,Longitude,Longitude - Unknown,Address,Address - Unknown,City,City - Unknown,State,Zip Code,Zip Code - Unknown,Roadway Type,Roadway Surface,Roadway Description,Posted Speed Limit (MPH),Posted Speed Limit - Unknown,Lighting,Weather - Clear,Weather - Snow,Weather - Cloudy,Weather - Fog/Smoke,Weather - Rain,Weather - Severe Wind,Weather - Unknown,Weather - Other,Weather - Other Text,Crash With,Highest Injury Severity,Property Damage?,CP Pre-Crash Movement,CP Any Air Bags Deployed?,CP Was Vehicle Towed?,CP Contact Area - Rear Left,CP Contact Area - Left,CP Contact Area - Front Left,CP Contact Area - Rear,CP Contact Area - Top,CP Contact Area - Front,CP Contact Area - Rear Right,CP Contact Area - Right,CP Contact Area - Front Right,CP Contact Area - Bottom,CP Contact Area - Unknown,SV Pre-Crash Movement,SV Any Air Bags Deployed?,SV Was Vehicle Towed?,SV Were All Passengers Belted?,SV Precrash Speed (MPH),SV Pre-crash Speed - Unknown,SV Contact Area - Rear Left,SV Contact Area - Left,SV Contact Area - Front Left,SV Contact Area - Rear,SV Contact Area - Top,SV Contact Area - Front,SV Contact Area - Rear Right,SV Contact Area - Right,SV Contact Area - Front Right,SV Contact Area - Bottom,SV Contact Area - Unknown,Data Availability - EDR,Data Availability - Police Rpt,Data Availability - Telematics,Data Availability - Complaints,Data Availability - Video,Data Availability - Other,Data Availability - No Data,Data Availability - Unknown,Law Enforcement Investigating?,Investigating Agency,Investigating Agency - Unknown,Rep Ent Or Mfr Investigating?,Investigating Officer Name,Inv. Officer Name - Unknown,Investigating Officer Phone,Inv. Officer Phone - Unknown,Investigating Officer Email,Inv. Officer Email - Unknown,Within ODD?,Within ODD? - CBI,Narrative,Narrative - CBI?,system_type
13781-1245,1,"Tesla, Inc.",1-Day,,,SEP-2021,5YJYGDEE7MF, ,,Tesla,Model Y, ,2021.0, ,60bcba7f3b1bdf8,17853.0, ,Consumer,"[REDACTED, MAY CONTAIN CONFIDENTIAL BUSINESS INFORMATION]", ,Y,No,ADAS,, , ,Y, , , , , ,,SEP-2021, ,SEP-2021,21:54, ,eafe4773700b0b5,[MAY CONTAIN PERSONALLY IDENTIFIABLE INFORMATION], ,[MAY CONTAIN PERSONALLY IDENTIFIABLE INFORMATION], ,[MAY CONTAIN PERSONALLY IDENTIFIABLE INFORMATION], ,Beaumont, ,TX ,[MAY CONTAIN PERSONALLY IDENTIFIABLE INFORMATION], ,Unknown,Unknown,Unknown,,Y,Unknown, , , , , , ,Y, ,,Unknown,Unknown,Unknown,Unknown,Unknown,Unknown, , , , , , , , , , ,Y,Unknown,Yes,Unknown,Unknown,,Y, , , , , , , , , , ,Y,Y, , , , , , , ,Unknown,,Y,Unknown,,Y,,Y,,Y,"[REDACTED, MAY CONTAIN CONFIDENTIAL BUSINESS INFORMATION]",Y,"[REDACTED, MAY CONTAIN CONFIDENTIAL BUSINESS INFORMATION]",Y,ADAS
13781-1198,2,"Tesla, Inc.",10-Day Update,,,SEP-2021,5YJ3E1EA0JF, ,,Tesla,Model 3, ,2018.0, ,6966af78a07fdbb,31270.0, ,Consumer,"[REDACTED, MAY CONTAIN CONFIDENTIAL BUSINESS INFORMATION]", ,Y,No,ADAS,, , ,Y, , , , , ,,SEP-2021, ,SEP-2021,01:59, ,eb3d44f85a20bc7,[MAY CONTAIN PERSONALLY IDENTIFIABLE INFORMATION], ,[MAY CONTAIN PERSONALLY IDENTIFIABLE INFORMATION], ,[MAY CONTAIN PERSONALLY IDENTIFIABLE INFORMATION], ,Sarasota, ,FL ,[MAY CONTAIN PERSONALLY IDENTIFIABLE INFORMATION], ,Highway / Freeway,Dry,No Unusual Conditions,45.0, ,Dark - Not Lighted,Y, , , , , , , ,,SUV,Unknown,Unknown,Proceeding Straight,Unknown,Unknown, , , ,Y, , , , , , , ,Proceeding Straight,Yes,Unknown,Unknown,21.0, , , , , , ,Y, , , , , ,Y, ,Y, ,Y, , , ,Unknown,,Y,Unknown,,Y,,Y,,Y,"[REDACTED, MAY CONTAIN CONFIDENTIAL BUSINESS INFORMATION]",Y,"[REDACTED, MAY CONTAIN CONFIDENTIAL BUSINESS INFORMATION]",Y,ADAS
13781-1218,1,"Tesla, Inc.",1-Day,,,SEP-2021,5YJ3E1EA1LF, ,,Tesla,Model 3, ,2020.0, ,f088b500a121401,20981.0, ,Consumer,"[REDACTED, MAY CONTAIN CONFIDENTIAL BUSINESS INFORMATION]", ,Y,No,ADAS,, , ,Y, , , , , ,,SEP-2021, ,SEP-2021,11:23, ,f34a3693cd38653,[MAY CONTAIN PERSONALLY IDENTIFIABLE INFORMATION], ,[MAY CONTAIN PERSONALLY IDENTIFIABLE INFORMATION], ,[MAY CONTAIN PERSONALLY IDENTIFIABLE INFORMATION], ,Oakland, ,FL ,[MAY CONTAIN PERSONALLY IDENTIFIABLE INFORMATION], ,Highway / Freeway,Dry,No Unusual Conditions,50.0, ,Dawn / Dusk,Y, , , , , , , ,,Pickup Truck,Unknown,Unknown,Proceeding Straight,Unknown,Unknown, , , , , ,Y, , , , , ,Stopped,Yes,Unknown,Yes,0.0, , , , ,Y, , , , , , , ,Y, ,Y, ,Y, , , ,Unknown,,Y,Unknown,,Y,,Y,,Y,"[REDACTED, MAY CONTAIN CONFIDENTIAL BUSINESS INFORMATION]",Y,"[REDACTED, MAY CONTAIN CONFIDENTIAL BUSINESS INFORMATION]",Y,ADAS
62-1213,1,Honda (American Honda Motor Co.),1-Day,,,SEP-2021,5FNYF6H56GB, ,,Honda,Pilot, ,2016.0, ,6d0cd1fd6a818a6,,Y,Consumer,,Y, ,No,ADAS,, ,Y, , , , , , ,,JUL-2021, ,SEP-2021,,Y,055a8164a213d2a,,Y,,Y,,Y,Detroit, ,MI ,,Y,Unknown,Unknown,Unknown,,Y,Unknown, , , , , , ,Y, ,,"Other, see Narrative",Unknown,Unknown,Unknown,No,Unknown, , , , , , , , , , ,Y,Unknown,No,Yes,Unknown,,Y, ,Y, , , , , , , , , , , , ,Y, , , , ,Unknown,,Y,No,,Y,,Y,,Y,Unknown, ,A tow company contacted Honda on behalf of the customer to request a rental car reimbursement. The tow company mentioned that the customer was impacted on its driver's side by a side by side vehicle., ,ADAS
1243-1208,1,"Subaru of America, Inc.",1-Day,,,SEP-2021,4S4BTAAC4L3, ,,Subaru,Outback, ,2020.0, ,bc4ad9b7b151e45,7000.0, ,Consumer,,Y, ,No,ADAS,, ,Y, , , , , , ,,AUG-2021, ,SEP-2021,09:10, ,20dec0e229a6059,,Y,,Y,[MAY CONTAIN PERSONALLY IDENTIFIABLE INFORMATION], ,,Y,ID ,,Y,Highway / Freeway,Dry,No Unusual Conditions,80.0, ,Daylight,Y, , , , , , , ,,Other Fixed Object,Minor,Yes,,,, , , , , , , , , , , ,Proceeding Straight,Yes,Yes,Yes,80.0, , ,Y,Y, , ,Y, , ,Y, , , , , ,Y, , , , ,Unknown,,Y,Unknown,,Y,,Y,,Y,Unknown, ,"[REDACTED, MAY CONTAIN CONFIDENTIAL BUSINESS INFORMATION]",Y,ADAS
13781-1198,1,"Tesla, Inc.",1-Day,,,SEP-2021,5YJ3E1EA0JF, ,,Tesla,Model 3, ,2018.0, ,6966af78a07fdbb,31270.0, ,Consumer,"[REDACTED, MAY CONTAIN CONFIDENTIAL BUSINESS INFORMATION]", ,Y,No,ADAS,, , ,Y, , , , , ,,SEP-2021, ,SEP-2021,01:59, ,eb3d44f85a20bc7,[MAY CONTAIN PERSONALLY IDENTIFIABLE INFORMATION], ,[MAY CONTAIN PERSONALLY IDENTIFIABLE INFORMATION], ,[MAY CONTAIN PERSONALLY IDENTIFIABLE INFORMATION], ,Sarasota, ,FL ,[MAY CONTAIN PERSONALLY IDENTIFIABLE INFORMATION], ,Unknown,Unknown,Unknown,,Y,Unknown, , , , , , ,Y, ,,Unknown,Unknown,Unknown,Unknown,Unknown,Unknown, , , , , , , , , , ,Y,Unknown,Yes,Unknown,Unknown,,Y, , , , , , , , , , ,Y,Y, , , , , , , ,Unknown,,Y,Unknown,,Y,,Y,,Y,"[REDACTED, MAY CONTAIN CONFIDENTIAL BUSINESS INFORMATION]",Y,"[REDACTED, MAY CONTAIN CONFIDENTIAL BUSINESS INFORMATION]",Y,ADAS
13781-1194,1,"Tesla, Inc.",1-Day,,,SEP-2021,5YJSA1E29HF, ,,Tesla,Model S, ,2017.0, ,51aa41be7bd5f75,54153.0, ,Consumer,"[REDACTED, MAY CONTAIN CONFIDENTIAL BUSINESS INFORMATION]", ,Y,No,ADAS,, , ,Y, , , , , ,,SEP-2021, ,SEP-2021,23:14, ,270eda8570175b3,[MAY CONTAIN PERSONALLY IDENTIFIABLE INFORMATION], ,[MAY CONTAIN PERSONALLY IDENTIFIABLE INFORMATION], ,[MAY CONTAIN PERSONALLY IDENTIFIABLE INFORMATION], ,Edmond, ,OK ,[MAY CONTAIN PERSONALLY IDENTIFIABLE INFORMATION], ,Highway / Freeway,Dry,No Unusual Conditions,55.0, ,Daylight,Y, , , , , , , ,,Unknown,Unknown,Unknown,Unknown,Unknown,Unknown, , , , , , , , , , ,Y,Unknown,Yes,Unknown,Unknown,,Y, , , , , , , , , , ,Y,Y, ,Y, ,Y, , , ,Unknown,,Y,Unknown,,Y,,Y,,Y,"[REDACTED, MAY CONTAIN CONFIDENTIAL BUSINESS INFORMATION]",Y,"[REDACTED, MAY CONTAIN CONFIDENTIAL BUSINESS INFORMATION]", ,ADAS
13781-1193,1,"Tesla, Inc.",1-Day,,,SEP-2021,5YJ3E1EA7MF, ,,Tesla,Model 3, ,2021.0, ,94a0593b887b9e8,3237.0, ,Consumer,"[REDACTED, MAY CONTAIN CONFIDENTIAL BUSINESS INFORMATION]", ,Y,No,ADAS,, , ,Y, , , , , ,,SEP-2021, ,SEP-2021,22:26, ,54c968dc088946e,[MAY CONTAIN PERSONALLY IDENTIFIABLE INFORMATION], ,[MAY CONTAIN PERSONALLY IDENTIFIABLE INFORMATION], ,[MAY CONTAIN PERSONALLY IDENTIFIABLE INFORMATION], ,Genoa, ,OH ,[MAY CONTAIN PERSONALLY IDENTIFIABLE INFORMATION], ,Highway / Freeway,Dry,No Unusual Conditions,70.0, ,Daylight,Y, , , , , , , ,,Heavy Truck,Unknown,Unknown,Changing Lanes,Unknown,Unknown,Y, , , , , , , , , , ,Proceeding Straight,Yes,Unknown,Yes,66.0, , , , , , , , , ,Y, , ,Y, ,Y, ,Y, , , ,Unknown,,Y,Unknown,,Y,,Y,,Y,"[REDACTED, MAY CONTAIN CONFIDENTIAL BUSINESS INFORMATION]",Y,"[REDACTED, MAY CONTAIN CONFIDENTIAL BUSINESS INFORMATION]",Y,ADAS
13781-1112,2,"Tesla, Inc.",10-Day Update,,,AUG-2021,5YJSA1E21HF, ,,Tesla,Model S, ,2017.0, ,9c7417f69021f85,51915.0, ,Consumer,"[REDACTED, MAY CONTAIN CONFIDENTIAL BUSINESS INFORMATION]", ,Y,No,ADAS,, , ,Y, , , , , ,,AUG-2021, ,AUG-2021,20:24, ,78501b8efbe58f5,[MAY CONTAIN PERSONALLY IDENTIFIABLE INFORMATION], ,[MAY CONTAIN PERSONALLY IDENTIFIABLE INFORMATION], ,[MAY CONTAIN PERSONALLY IDENTIFIABLE INFORMATION], ,Kendall Park, ,NJ ,[MAY CONTAIN PERSONALLY IDENTIFIABLE INFORMATION], ,Street,Wet,No Unusual Conditions,25.0, ,Daylight, , , , ,Y, , , ,,Passenger Car,Unknown,Unknown,Stopped,Unknown,Unknown, , ,Y, , , , , , , , ,Lane / Road Departure,Yes,Unknown,Yes,27.0, , , ,Y, , , , , , , , ,Y, ,Y, ,Y, , , ,Unknown,,Y,Unknown,,Y,,Y,,Y,"[REDACTED, MAY CONTAIN CONFIDENTIAL BUSINESS INFORMATION]",Y,"[REDACTED, MAY CONTAIN CONFIDENTIAL BUSINESS INFORMATION]",Y,ADAS
13781-1151,1,"Tesla, Inc.",1-Day,,,AUG-2021,5YJYGAEE9MF, ,,Tesla,Model Y, ,2021.0, ,4484c9e1caa7a8f,10265.0, ,Consumer,"[REDACTED, MAY CONTAIN CONFIDENTIAL BUSINESS INFORMATION]", ,Y,No,ADAS,, , ,Y, , , , , ,,AUG-2021, ,AUG-2021,22:45, ,3dbc98f812a0c76,[MAY CONTAIN PERSONALLY IDENTIFIABLE INFORMATION], ,[MAY CONTAIN PERSONALLY IDENTIFIABLE INFORMATION], ,[MAY CONTAIN PERSONALLY IDENTIFIABLE INFORMATION], ,,Y,AL ,[MAY CONTAIN PERSONALLY IDENTIFIABLE INFORMATION], ,Unknown,Unknown,Unknown,,Y,Unknown, , , , , , ,Y, ,,Unknown,Unknown,Unknown,Unknown,Unknown,Unknown, , , , , , , , , , ,Y,Unknown,Yes,Unknown,Unknown,,Y, , , , , , , , , , ,Y,Y, , , , , , , ,Unknown,,Y,Unknown,,Y,,Y,,Y,"[REDACTED, MAY CONTAIN CONFIDENTIAL BUSINESS INFORMATION]",Y,"[REDACTED, MAY CONTAIN CONFIDENTIAL BUSINESS INFORMATION]",Y,ADAS
13781-1111,2,"Tesla, Inc.",10-Day Update,,,AUG-2021,5YJ3E1EA5KF, ,,Tesla,Model 3, ,2019.0, ,a33bc5e141dfab4,26901.0, ,Consumer,"[REDACTED, MAY CONTAIN CONFIDENTIAL BUSINESS INFORMATION]", ,Y,No,ADAS,, , ,Y, , , , , ,,AUG-2021, ,AUG-2021,12:05, ,bf5f6af60448010,[MAY CONTAIN PERSONALLY IDENTIFIABLE INFORMATION], ,[MAY CONTAIN PERSONALLY IDENTIFIABLE INFORMATION], ,[MAY CONTAIN PERSONALLY IDENTIFIABLE INFORMATION], ,Big Pine Key, ,FL ,[MAY CONTAIN PERSONALLY IDENTIFIABLE INFORMATION], ,Highway / Freeway,Dry,No Unusual Conditions,45.0, ,Dawn / Dusk,Y, , , , , , , ,,SUV,Unknown,Unknown,Making Left Turn,Yes,Unknown, ,Y, , , , , , , , , ,Proceeding Straight,Yes,Unknown,Yes,20.0, , , , , , ,Y, , , , , ,Y, ,Y, ,Y, , , ,Unknown,,Y,Unknown,,Y,,Y,,Y,"[REDACTED, MAY CONTAIN CONFIDENTIAL BUSINESS INFORMATION]",Y,"[REDACTED, MAY CONTAIN CONFIDENTIAL BUSINESS INFORMATION]",Y,ADAS
13781-1140,1,"Tesla, Inc.",1-Day,,,AUG-2021,5YJ3E1EA5KF, ,,Tesla,Model 3, ,2019.0, ,185f6a584e071e1,7793.0, ,Consumer,"[REDACTED, MAY CONTAIN CONFIDENTIAL BUSINESS INFORMATION]", ,Y,No,ADAS,, , ,Y, , , ,Y, ,,AUG-2021, ,AUG-2021,08:26, ,13a34b12a2a3813,[MAY CONTAIN PERSONALLY IDENTIFIABLE INFORMATION], ,[MAY CONTAIN PERSONALLY IDENTIFIABLE INFORMATION], ,[MAY CONTAIN PERSONALLY IDENTIFIABLE INFORMATION], ,Orlando, ,FL ,[MAY CONTAIN PERSONALLY IDENTIFIABLE INFORMATION], ,Highway / Freeway,Dry,Traffic Incident,60.0, ,Dark - Lighted,Y, , , , , , , ,,Passenger Car,Unknown,Unknown,Stopped,Unknown,Unknown, ,Y,Y, , , , , , , , ,Proceeding Straight,Yes,Unknown,Yes,53.0, , , , , , , , , ,Y, , ,Y, ,Y, ,Y, , , ,Unknown,,Y,Unknown,,Y,,Y,,Y,"[REDACTED, MAY CONTAIN CONFIDENTIAL BUSINESS INFORMATION]",Y,"[REDACTED, MAY CONTAIN CONFIDENTIAL BUSINESS INFORMATION]",Y,ADAS
62-1143,1,Honda (American Honda Motor Co.),1-Day,,,AUG-2021,5FNYF8H53LB, ,,Honda,Passport, ,2020.0, ,a4e004e9cda1266,,Y,Consumer,,Y, ,No,ADAS,, ,Y, , , , , , ,,MAY-2021, ,JUL-2021,,Y,c3405078df05db2,,Y,,Y,,Y,Bombay, ,NY ,,Y,Intersection,Unknown,Unknown,,Y,Unknown, , , , , , ,Y, ,,Unknown,Unknown,Unknown,Unknown,Unknown,Unknown, , , , , , , , , , ,Y,Proceeding Straight,Yes,Yes,Unknown,,Y,Y, , , , , , , , , , , , , ,Y, , , , ,Unknown,,Y,No,,Y,,Y,,Y,Unknown, ,Customer was exiting 4-way intersection when another vehicle hit her on the driver-side rear tire.  There were no reported injuries., ,ADAS
62-1142,1,Honda (American Honda Motor Co.),1-Day,,,AUG-2021,19UUB1F58LA, ,,Acura,TLX, ,2020.0, ,7f9e11c7d5c484d,14279.0, ,Consumer,,Y, ,No,ADAS,, ,Y, , , , , , ,,JUL-2021, ,JUL-2021,,Y,fd9c83ee91a9042,,Y,,Y,,Y,West Babylon, ,NY ,,Y,Unknown,Unknown,Unknown,,Y,Unknown, , , , , , ,Y, ,,Unknown,Unknown,No,Unknown,Unknown,Unknown, , , , , , , , , , ,Y,Proceeding Straight,Yes,Yes,Unknown,,Y, , , , , , , , , , ,Y, , , ,Y, , , , ,Unknown,,Y,Unknown,,Y,,Y,,Y,Unknown, ,"Customer states she attempted to brake and lost control, causing her to rear-end another vehicle.", ,ADAS
62-1141,1,Honda (American Honda Motor Co.),1-Day,,,AUG-2021,5FNYF5H95MB, ,,Honda,Pilot, ,2021.0, ,c307aeda509ded7,5500.0, ,Consumer,,Y, ,No,ADAS,, ,Y, , , , , , ,,JUL-2021, ,JUL-2021,,Y,cca6853125aa31d,,Y,,Y,,Y,Brooklyn, ,NY ,,Y,Intersection,Unknown,Unknown,,Y,Unknown, , , , , , ,Y, ,,Non-Motorist: Cyclist,Unknown,Unknown,Proceeding Straight,,, , , , , , , , , , , ,Proceeding Straight,No,No,Unknown,,Y, , , , , , , ,Y, , , , , , ,Y, , , , ,Unknown,,Y,No,,Y,,Y,,Y,Unknown, ,"Customer states they came to a complete stop and began proceeding forward when a bicyclist, running a stop sign, impacted the passenger side of the vehicle.  Cyclist was taken to the hospital.  Customer called requesting reimbursement for a rental car.", ,ADAS
62-1137,1,Honda (American Honda Motor Co.),1-Day,,,AUG-2021,5FPYK3F7XJB, ,,Honda,Ridgeline, ,2018.0, ,55b128ea8bea3ec,,Y,Consumer,,Y, ,No,ADAS,, ,Y, , , , , , ,,MAY-2021, ,AUG-2021,,Y,66bb03520335eb1,,Y,,Y,[MAY CONTAIN PERSONALLY IDENTIFIABLE INFORMATION], ,Manassas, ,VA ,,Y,Highway / Freeway,Unknown,Unknown,,Y,Unknown, , , , , , ,Y, ,,Pickup Truck,Minor,No,Entering Traffic,Unknown,Unknown, , , , , , , , , , ,Y,Proceeding Straight,Yes,Yes,Unknown,,Y, , , , , , , , , , ,Y, , , ,Y, , , , ,Unknown,,Y,No,,Y,,Y,,Y,Unknown, ,Subject vehicle was southbound on [XXX] when it struck a truck coming out from a construction area. Customer states the vehicle's adaptive cruise control and lane keeping assist system were engaged at the time of the incident.  The subject vehicle was towed from scene., ,ADAS
62-1144,1,Honda (American Honda Motor Co.),1-Day,,,AUG-2021,19UUB2F41LA, ,,Acura,TLX, ,2020.0, ,9b0fcae003d759b,18000.0, ,Consumer,,Y, ,No,ADAS,, ,Y, , , , , , ,,JUL-2021, ,AUG-2021,,Y,2b5dc97ec895143,,Y,,Y,,Y,Griffin, ,GA ,,Y,Street,Unknown,Unknown,,Y,Unknown, , , , , , ,Y, ,,Pole / Tree,No Injuries Reported,Yes,,,, , , , , , , , , , , ,Proceeding Straight,No,Yes,Unknown,20.0, , , , , , , , , , , ,Y, , , ,Y, , , , ,Unknown,,Y,No,,Y,,Y,,Y,Unknown, ,"Customer states they were driving home from the grocery store, going 20mph, and hit a light pole.  No injuries were reported.  Customer called in requesting help with part order and assistance with a rental car.", ,ADAS
62-1145,1,Honda (American Honda Motor Co.),1-Day,,,AUG-2021,5J8YD4H86LL, ,,Acura,MDX, ,2020.0, ,27ba40ccda09c27,12000.0, ,Consumer,,Y, ,No,ADAS,, ,Y, , , , , , ,,JUN-2021, ,JUL-2021,,Y,8db1cbccd449e1a,,Y,,Y,[MAY CONTAIN PERSONALLY IDENTIFIABLE INFORMATION], ,,Y,FL ,,Y,Intersection,Unknown,Unknown,,Y,Unknown, , , , , , ,Y, ,,"Other, see Narrative",Unknown,Unknown,"Other, see Narrative",Unknown,Unknown, , , , , , , , , , ,Y,Proceeding Straight,Yes,Yes,Unknown,,Y, , , , , , , , , , ,Y, , , ,Y, , , , ,Unknown,,Y,No,,Y,,Y,,Y,Unknown, ,Customer states she was driving down [XXX] when another vehicle ran a red light causing the subject vehicle to T-bone the other vehicle.  Customer states she was then rear-ended by a third vehicle and front-ended by a fourth vehicle.  Customer went to the hospital the next day.                                                                                     , ,ADAS
13781-1112,1,"Tesla, Inc.",1-Day,,,AUG-2021,5YJSA1E21HF, ,,Tesla,Model S, ,2017.0, ,9c7417f69021f85,51915.0, ,Consumer,"[REDACTED, MAY CONTAIN CONFIDENTIAL BUSINESS INFORMATION]", ,Y,No,ADAS,, , ,Y, , , , , ,,AUG-2021, ,AUG-2021,20:24, ,78501b8efbe58f5,[MAY CONTAIN PERSONALLY IDENTIFIABLE INFORMATION], ,[MAY CONTAIN PERSONALLY IDENTIFIABLE INFORMATION], ,[MAY CONTAIN PERSONALLY IDENTIFIABLE INFORMATION], ,Kendall Park, ,NJ ,[MAY CONTAIN PERSONALLY IDENTIFIABLE INFORMATION], ,Unknown,Unknown,Unknown,,Y,Unknown, , , , , , ,Y, ,,Unknown,Unknown,Unknown,Unknown,Unknown,Unknown, , , , , , , , , , ,Y,Unknown,Yes,Unknown,Unknown,,Y, , , , , , , , , , ,Y,Y, , , , , , , ,Unknown,,Y,Unknown,,Y,,Y,,Y,"[REDACTED, MAY CONTAIN CONFIDENTIAL BUSINESS INFORMATION]",Y,"[REDACTED, MAY CONTAIN CONFIDENTIAL BUSINESS INFORMATION]",Y,ADAS
13781-1111,1,"Tesla, Inc.",1-Day,,,AUG-2021,5YJ3E1EA5KF, ,,Tesla,Model 3, ,2019.0, ,a33bc5e141dfab4,26901.0, ,Consumer,"[REDACTED, MAY CONTAIN CONFIDENTIAL BUSINESS INFORMATION]", ,Y,No,ADAS,, , ,Y, , , , , ,,AUG-2021, ,AUG-2021,12:05, ,bf5f6af60448010,[MAY CONTAIN PERSONALLY IDENTIFIABLE INFORMATION], ,[MAY CONTAIN PERSONALLY IDENTIFIABLE INFORMATION], ,[MAY CONTAIN PERSONALLY IDENTIFIABLE INFORMATION], ,Big Pine Key, ,FL ,[MAY CONTAIN PERSONALLY IDENTIFIABLE INFORMATION], ,Unknown,Unknown,Unknown,,Y,Unknown, , , , , , ,Y, ,,Unknown,Unknown,Unknown,Unknown,Unknown,Unknown, , , , , , , , , , ,Y,Unknown,Yes,Unknown,Unknown,,Y, , , , , , , , , , ,Y,Y, , , , , , , ,Unknown,,Y,Unknown,,Y,,Y,,Y,"[REDACTED, MAY CONTAIN CONFIDENTIAL BUSINESS INFORMATION]",Y,"[REDACTED, MAY CONTAIN CONFIDENTIAL BUSINESS INFORMATION]",Y,ADAS
1243-1042,2,"Subaru of America, Inc.",10-Day Update,,,AUG-2021,4S4BTAEC6L3, ,,Subaru,Outback, ,2020.0, ,6719baa2bf93315,6800.0, ,Consumer,,Y, ,No,ADAS,, ,Y, , , , , , ,,AUG-2021, ,AUG-2021,10:00, ,1cc7b603c8e30f5,,Y,,Y,[MAY CONTAIN PERSONALLY IDENTIFIABLE INFORMATION], ,Weston, ,WV ,[MAY CONTAIN PERSONALLY IDENTIFIABLE INFORMATION], ,Highway / Freeway,Dry,No Unusual Conditions,70.0, ,Daylight,Y, , , , , , , ,,Other Fixed Object,No Injuries Reported,Yes,,,, , , , , , , , , , , ,Proceeding Straight,No,Yes,Yes,70.0, ,Y,Y,Y, , , , , , , , , , , , , , , ,Y,Unknown,,Y,Yes,,Y,,Y,,Y,"[REDACTED, MAY CONTAIN CONFIDENTIAL BUSINESS INFORMATION]",Y,"[REDACTED, MAY CONTAIN CONFIDENTIAL BUSINESS INFORMATION]",Y,ADAS
13781-1100,2,"Tesla, Inc.",10-Day Update,,,AUG-2021,5YJ3E1EB0MF, ,,Tesla,Model 3, ,2021.0, ,b8492449ab0d958,48.0, ,Consumer,"[REDACTED, MAY CONTAIN CONFIDENTIAL BUSINESS INFORMATION]", ,Y,No,ADAS,, , ,Y, , , , , ,,AUG-2021, ,AUG-2021,05:24, ,9990ededc7e9691,[MAY CONTAIN PERSONALLY IDENTIFIABLE INFORMATION], ,[MAY CONTAIN PERSONALLY IDENTIFIABLE INFORMATION], ,[MAY CONTAIN PERSONALLY IDENTIFIABLE INFORMATION], ,Tempe, ,AZ ,[MAY CONTAIN PERSONALLY IDENTIFIABLE INFORMATION], ,Street,Dry,No Unusual Conditions,35.0, ,Dark - Lighted,Y, , , , , , , ,,Other Fixed Object,Unknown,Unknown,,,, , , , , , , , , , , ,"Other, see Narrative",No,Yes,Yes,20.0, , , , , , , , , , ,Y, ,Y, ,Y, ,Y, , , ,Unknown,,Y,Unknown,,Y,,Y,,Y,"[REDACTED, MAY CONTAIN CONFIDENTIAL BUSINESS INFORMATION]",Y,"[REDACTED, MAY CONTAIN CONFIDENTIAL BUSINESS INFORMATION]",Y,ADAS
13781-1096,2,"Tesla, Inc.",10-Day Update,,,AUG-2021,5YJSA1E46JF, ,,Tesla,Model S, ,2018.0, ,929d15386daf665,48219.0, ,Consumer,"[REDACTED, MAY CONTAIN CONFIDENTIAL BUSINESS INFORMATION]", ,Y,No,ADAS,, , ,Y, , , , , ,,AUG-2021, ,AUG-2021,20:57, ,a62523aa509d5ea,[MAY CONTAIN PERSONALLY IDENTIFIABLE INFORMATION], ,[MAY CONTAIN PERSONALLY IDENTIFIABLE INFORMATION], ,[MAY CONTAIN PERSONALLY IDENTIFIABLE INFORMATION], ,Methuen, ,MA ,[MAY CONTAIN PERSONALLY IDENTIFIABLE INFORMATION], ,Unknown,Unknown,Unknown,,Y,Unknown, , , , , , ,Y, ,,Unknown,Unknown,Unknown,Unknown,Unknown,Unknown, , , , , , , , , , ,Y,Unknown,Yes,Unknown,Unknown,,Y, , , , , , , , , , ,Y,Y, , , , , , , ,Unknown,,Y,Unknown,,Y,,Y,,Y,"[REDACTED, MAY CONTAIN CONFIDENTIAL BUSINESS INFORMATION]",Y,"[REDACTED, MAY CONTAIN CONFIDENTIAL BUSINESS INFORMATION]",Y,ADAS
13781-1087,2,"Tesla, Inc.",10-Day Update,,,AUG-2021,5YJXCBE44JF, ,,Tesla,Model X, ,2018.0, ,321bcccc5cbfafe,25437.0, ,Consumer,"[REDACTED, MAY CONTAIN CONFIDENTIAL BUSINESS INFORMATION]", ,Y,No,ADAS,, , ,Y, , , , , ,,AUG-2021, ,AUG-2021,20:25, ,9edd68bf86875b5,[MAY CONTAIN PERSONALLY IDENTIFIABLE INFORMATION], ,[MAY CONTAIN PERSONALLY IDENTIFIABLE INFORMATION], ,[MAY CONTAIN PERSONALLY IDENTIFIABLE INFORMATION], ,Godwin, ,NC ,[MAY CONTAIN PERSONALLY IDENTIFIABLE INFORMATION], ,Highway / Freeway,Dry,Work Zone,65.0, ,Daylight,Y, , , , , , , ,,Passenger Car,Unknown,Unknown,Stopped,Unknown,Unknown, , , ,Y, , , , , , , ,Proceeding Straight,Yes,Unknown,Unknown,17.0, , , , , , ,Y, , , , , ,Y, ,Y, ,Y, , , ,Unknown,,Y,Unknown,,Y,,Y,,Y,"[REDACTED, MAY CONTAIN CONFIDENTIAL BUSINESS INFORMATION]",Y,"[REDACTED, MAY CONTAIN CONFIDENTIAL BUSINESS INFORMATION]",Y,ADAS
13781-1102,1,"Tesla, Inc.",1-Day,,,AUG-2021,5YJYGAEE3MF, ,,Tesla,Model Y, ,2021.0, ,2451209ac95987d,1587.0, ,Consumer,"[REDACTED, MAY CONTAIN CONFIDENTIAL BUSINESS INFORMATION]", ,Y,No,ADAS,, , ,Y, , , , , ,,AUG-2021, ,AUG-2021,00:00, ,fceacfe6e4d9d1c,[MAY CONTAIN PERSONALLY IDENTIFIABLE INFORMATION], ,[MAY CONTAIN PERSONALLY IDENTIFIABLE INFORMATION], ,[MAY CONTAIN PERSONALLY IDENTIFIABLE INFORMATION], ,New York, ,NY ,[MAY CONTAIN PERSONALLY IDENTIFIABLE INFORMATION], ,Highway / Freeway,Dry,No Unusual Conditions,50.0, ,Dark - Not Lighted, , ,Y, , , , , ,,Other Fixed Object,Unknown,Unknown,,,, , , , , , , , , , , ,"Other, see Narrative",Yes,Unknown,Yes,31.0, , , ,Y, , , , , , , , ,Y, ,Y, ,Y, , , ,Unknown,,Y,Unknown,,Y,,Y,,Y,"[REDACTED, MAY CONTAIN CONFIDENTIAL BUSINESS INFORMATION]",Y,"[REDACTED, MAY CONTAIN CONFIDENTIAL BUSINESS INFORMATION]",Y,ADAS
13781-1100,1,"Tesla, Inc.",1-Day,,,AUG-2021,5YJ3E1EB0MF, ,,Tesla,Model 3, ,2021.0, ,b8492449ab0d958,48.0, ,Consumer,"[REDACTED, MAY CONTAIN CONFIDENTIAL BUSINESS INFORMATION]", ,Y,No,ADAS,, , ,Y, , , , , ,,AUG-2021, ,AUG-2021,05:24, ,9990ededc7e9691,[MAY CONTAIN PERSONALLY IDENTIFIABLE INFORMATION], ,[MAY CONTAIN PERSONALLY IDENTIFIABLE INFORMATION], ,[MAY CONTAIN PERSONALLY IDENTIFIABLE INFORMATION], ,Tempe, ,AZ ,[MAY CONTAIN PERSONALLY IDENTIFIABLE INFORMATION], ,Unknown,Unknown,Unknown,,Y,Unknown, , , , , , ,Y, ,,Unknown,Unknown,Unknown,Unknown,Unknown,Unknown, , , , , , , , , , ,Y,Unknown,No,Yes,Unknown,,Y, , , , , , , , , , ,Y,Y, , , , , , , ,Unknown,,Y,Unknown,,Y,,Y,,Y,"[REDACTED, MAY CONTAIN CONFIDENTIAL BUSINESS INFORMATION]",Y,"[REDACTED, MAY CONTAIN CONFIDENTIAL BUSINESS INFORMATION]",Y,ADAS