Report ID,Report Version,Reporting Entity,Report Type,Report Month,Report Year,Report Submission Date,VIN,VIN - Unknown,Serial Number,Make,Model,Model - Unknown,Model Year,Model Year - Unknown,Same Vehicle ID,Mileage,Mileage - Unknown,Driver / Operator Type,ADAS/ADS Version,ADAS/ADS Version - Unknown,ADAS/ADS Version CBI,ADS Equipped?,Automation System Engaged?,Operating Entity,Operating Entity - Unknown,Source - Complaint/Claim,Source - Telematics,Source - Law Enforcement,Source - Field Report,Source - Testing,Source - Media,Source - Other,Source - Other Text,Incident Date,Incident Date - Unknown,Notice Received Date,Incident Time (24:00),Incident Time - Unknown,Same Incident ID,Latitude,Latitude  - Unknown,Longitude,Longitude - Unknown,Address,Address - Unknown,City,City - Unknown,State,Zip Code,Zip Code - Unknown,Roadway Type,Roadway Surface,Roadway Description,Posted Speed Limit (MPH),Posted Speed Limit - Unknown,Lighting,Weather - Clear,Weather - Snow,Weather - Cloudy,Weather - Fog/Smoke,Weather - Rain,Weather - Severe Wind,Weather - Unknown,Weather - Other,Weather - Other Text,Crash With,Highest Injury Severity,Property Damage?,CP Pre-Crash Movement,CP Any Air Bags Deployed?,CP Was Vehicle Towed?,CP Contact Area - Rear Left,CP Contact Area - Left,CP Contact Area - Front Left,CP Contact Area - Rear,CP Contact Area - Top,CP Contact Area - Front,CP Contact Area - Rear Right,CP Contact Area - Right,CP Contact Area - Front Right,CP Contact Area - Bottom,CP Contact Area - Unknown,SV Pre-Crash Movement,SV Any Air Bags Deployed?,SV Was Vehicle Towed?,SV Were All Passengers Belted?,SV Precrash Speed (MPH),SV Pre-crash Speed - Unknown,SV Contact Area - Rear Left,SV Contact Area - Left,SV Contact Area - Front Left,SV Contact Area - Rear,SV Contact Area - Top,SV Contact Area - Front,SV Contact Area - Rear Right,SV Contact Area - Right,SV Contact Area - Front Right,SV Contact Area - Bottom,SV Contact Area - Unknown,Data Availability - EDR,Data Availability - Police Rpt,Data Availability - Telematics,Data Availability - Complaints,Data Availability - Video,Data Availability - Other,Data Availability - No Data,Data Availability - Unknown,Law Enforcement Investigating?,Investigating Agency,Investigating Agency - Unknown,Rep Ent Or Mfr Investigating?,Investigating Officer Name,Inv. Officer Name - Unknown,Investigating Officer Phone,Inv. Officer Phone - Unknown,Investigating Officer Email,Inv. Officer Email - Unknown,Within ODD?,Within ODD? - CBI,Narrative,Narrative - CBI?,system_type
10003-3210,1,"Navistar, Inc.",Monthly,6.0,2022.0,JUN-2022,3HSDZAPR6MN, ,,International,LT625, ,2021.0, ,19fed228241ac11,78762.0, ,In-Vehicle (Commercial / Test),Test Version 04062022, , ,Yes,"Unknown, see Narrative",TuSimple, , , , , , , ,Y,Self identified,APR-2022, ,APR-2022,15:52, ,59d489f93e681d4,[MAY CONTAIN PERSONALLY IDENTIFIABLE INFORMATION], ,[MAY CONTAIN PERSONALLY IDENTIFIABLE INFORMATION], ,[MAY CONTAIN PERSONALLY IDENTIFIABLE INFORMATION], ,Tucson, ,AZ ,[MAY CONTAIN PERSONALLY IDENTIFIABLE INFORMATION], ,Highway / Freeway,Dry,No Unusual Conditions,65.0, ,Daylight,Y, , , , , , , ,,Other Fixed Object,No Injuries Reported,Yes,,,, , , , , , , , , , , ,Proceeding Straight,No,No,Yes,65.0, , , ,Y, , , , , , , , , , , , ,Y,Y, , ,No,, ,No,, ,, ,, ,Yes, ,"All of the data in this report and the following text is an excerpt from TuSimples original submission (30370-2949-1) and constitutes Navistars sole understanding of this event.
TuSimple's position is that this event does not meet the criteria for reporting under the SGO.
Specifically, the L4 ADS was not in operation at any point in the 30 seconds prior to making contact with the concrete barrier.
The event occurred as follows:
As the truck was being operated on the highway, within its mapped ODD, the driver and test engineer attempted to engage the ADS.
However, the ADS was not functional at that moment due to the computer unit not having been initialized, and should not have been
attempted to be activated. In short, this was a failed attempt to engage the system as a result of human error.
The system has now been modified to prevent the ADS from attempting to engage unless the health of the system is fully functional to
prevent human error from repeating this event.
When the erroneous attempt to engage occurred, the uninitialized vehicle control unit rotated the steering to the left, causing the truck to
veer left. The safety driver took control of the steering, and was able to steer accordingly, but not before the left front truck tire and left
front quarter panel came into contact with the concrete barrier to the left of the lanes of travel.", ,ADS
502-2973,2,Ford Motor Company,Monthly Update,5.0,2022.0,JUN-2022,1FMCU0DZ8LU, ,,Ford,Escape, ,2020.0, ,27e565631721655,1016.0, ,In-Vehicle (Commercial / Test),"[REDACTED, MAY CONTAIN CONFIDENTIAL BUSINESS INFORMATION]", ,Y,Yes,ADS,Argo AI, , , , ,Y,Y, , ,,MAY-2022, ,MAY-2022,08:11, ,8dbb58bde502b36,[MAY CONTAIN PERSONALLY IDENTIFIABLE INFORMATION], ,[MAY CONTAIN PERSONALLY IDENTIFIABLE INFORMATION], ,[MAY CONTAIN PERSONALLY IDENTIFIABLE INFORMATION], ,WDC, ,DC ,[MAY CONTAIN PERSONALLY IDENTIFIABLE INFORMATION], ,Intersection,Dry,No Unusual Conditions,25.0, ,Daylight,Y, , , , , , , ,,Heavy Truck,No Injuries Reported,Yes,Proceeding Straight,No,No, , , , , ,Y, , , , , ,Stopped,No,No,Yes,0.0, , , , ,Y, , , , , , , , , , , ,Y,Y, , ,Yes,Metropolitan Police Department, ,Yes,[MAY CONTAIN PERSONALLY IDENTIFIABLE INFORMATION], ,,Y,,Y,"[REDACTED, MAY CONTAIN CONFIDENTIAL BUSINESS INFORMATION]",Y,"Ford is updating its May 2022 Monthly report (submitted on 5/15/2022).  [REDACTED, MAY CONTAIN CONFIDENTIAL BUSINESS INFORMATION]",Y,ADS
30410-3043,1,Motional,Monthly,5.0,2022.0,JUN-2022,,Y,,Hyundai,Ioniq 5, ,2022.0, , ,6742.0, ,In-Vehicle (Commercial / Test),"[REDACTED, MAY CONTAIN CONFIDENTIAL BUSINESS INFORMATION]", ,Y,Yes,ADS,Motional, , , , , ,Y, , ,,MAY-2022, ,MAY-2022,12:58, , ,[MAY CONTAIN PERSONALLY IDENTIFIABLE INFORMATION], ,[MAY CONTAIN PERSONALLY IDENTIFIABLE INFORMATION], ,[MAY CONTAIN PERSONALLY IDENTIFIABLE INFORMATION], ,Las Vegas, ,NV ,[MAY CONTAIN PERSONALLY IDENTIFIABLE INFORMATION], ,Street,Dry,No Unusual Conditions,15.0, ,Daylight,Y, , , , , , , ,,"Other, see Narrative",No Injuries Reported,No,"Other, see Narrative",Not Applicable,Not Applicable, , , , , , , , , , ,Y,Proceeding Straight,No,No,Yes,8.0, , , ,Y, , , , , , , , , , ,Y, ,Y, , , ,No,, ,Yes,, ,, ,, ,"[REDACTED, MAY CONTAIN CONFIDENTIAL BUSINESS INFORMATION]",Y,"On [XXX], at 12:58 PM PT, a front tire of a Motional Hyundai Ioniq 5 made contact with a curb [REDACTED, MAY CONTAIN CONFIDENTIAL BUSINESS INFORMATION].",Y,ADS
30290-3119,1,Argo AI,Monthly,5.0,2022.0,JUN-2022,1FMCU0DZ8LU, ,,Ford,Escape, ,2020.0, ,27e565631721655,1016.0, ,In-Vehicle (Commercial / Test),"[REDACTED, MAY CONTAIN CONFIDENTIAL BUSINESS INFORMATION]", ,Y,Yes,ADS,Argo AI, , , , ,Y,Y, , ,,MAY-2022, ,MAY-2022,08:11, ,8dbb58bde502b36,[MAY CONTAIN PERSONALLY IDENTIFIABLE INFORMATION], ,[MAY CONTAIN PERSONALLY IDENTIFIABLE INFORMATION], ,[MAY CONTAIN PERSONALLY IDENTIFIABLE INFORMATION], ,WDC, ,DC ,[MAY CONTAIN PERSONALLY IDENTIFIABLE INFORMATION], ,Intersection,Dry,No Unusual Conditions,25.0, ,Daylight,Y, , , , , , , ,,Heavy Truck,No Injuries Reported,Yes,Proceeding Straight,No,No, , , , , ,Y, , , , , ,Stopped,No,No,Yes,0.0, , , , ,Y, , , , , , , , , , , ,Y,Y, , ,Yes,Metropolitan Police Department, ,Yes,[MAY CONTAIN PERSONALLY IDENTIFIABLE INFORMATION], ,,Y,,Y,"[REDACTED, MAY CONTAIN CONFIDENTIAL BUSINESS INFORMATION]",Y,"[REDACTED, MAY CONTAIN CONFIDENTIAL BUSINESS INFORMATION]",Y,ADS
30490-3168,1,"Beep, Inc.",Monthly,5.0,2022.0,JUN-2022,,Y,,Navya,,Y,,Y, ,,Y,In-Vehicle (Commercial / Test),,Y, ,Yes,ADS,Beep, , ,Y, ,Y, , , ,,MAY-2022, ,MAY-2022,12:30, , ,,Y,,Y,[MAY CONTAIN PERSONALLY IDENTIFIABLE INFORMATION], ,Dunedin, ,FL ,,Y,Intersection,Dry,Traffic Incident,25.0, ,Daylight,Y, , , , , , , ,,Bus,No Injuries Reported,No,Proceeding Straight,No,No, , , , , ,Y, , , , , ,"Other, see Narrative",Not Applicable,No,Yes,7.0, , , , ,Y, , , , , , , , , ,Y, ,Y, , , ,No,, ,No,, ,, ,, ,Yes, ," Beep Event Level: 1 
NHTSA: Reportable 
Employee: [XXX] 
Location: City of Dunedin/[XXX] 
Direction: Southbound
Weather: Clear
Passengers: 4
Witness Statements: 1
Operator report: Yes
Investigating Supervisor: [XXX] 
Telemetry/Video: Requested and received
Vehicle taken out of service: Yes temporary safety hold
Photographs: Yes
Substantial damage: No damages to report
Vehicle placed on safety hold: Yes vehicle has been inspected and available for service 
Lead Investigator: Chief Safety Officer
 
The Beep shuttle attendant was traveling Southbound on [XXX] at approx 7-12 mph in ADS and headed towards the intersection of [XXX]. Beep vehicle stopped at red light at intersection. As the Beep vehicle was crossing the intersection in manual and slowing to a stop to return to ADS in a southbound direction, the trailing bus made light contact with its bicycle rack to the Beep shuttle rear end. The trailing vehicle is a bus owned and operated by the Pinellas Suncoast Transit Authority (PSTA). According to video, as reported by the shuttle attendant and the PSTA Road Supervisor, the bus was tailgating. 
 
Root Cause: Trailing vehicle following too closely and not observing Navya slowing to a stop.", ,ADS
30413-3138,1,May Mobility,Monthly,5.0,2022.0,JUN-2022,2T2JGMDA7LC, ,,Lexus,RX450H, ,2020.0, ,3b9ab2e732bb69f,19835.0, ,In-Vehicle (Commercial / Test),4, , ,Yes,ADS,May Mobility, , , , ,Y, , , ,,MAY-2022, ,MAY-2022,16:11, ,3b95fade2333295,[MAY CONTAIN PERSONALLY IDENTIFIABLE INFORMATION], ,[MAY CONTAIN PERSONALLY IDENTIFIABLE INFORMATION], ,[MAY CONTAIN PERSONALLY IDENTIFIABLE INFORMATION], ,Arlington, ,TX ,[MAY CONTAIN PERSONALLY IDENTIFIABLE INFORMATION], ,Street,Dry,No Unusual Conditions,25.0, ,Daylight,Y, , , , , , , ,,Pickup Truck,No Injuries Reported,Yes,Stopped,No,No, ,Y, , , , , , , , , ,Proceeding Straight,No,No,Yes,11.0, , , , , , , , ,Y, , , , , , , ,Y,Y, , ,No,, ,Yes,, ,, ,, ,Yes, ,"The May vehicle was traveling on an unpainted (no center line) residential road with vehicles parked along the right side of the road. The May vehicle passed too close to a parked vehicle, causing the May vehicle's passenger-side mirror to contact the parked vehicle's driver-side mirror.
The May vehicle's ground mapping module had fallen significantly behind in its processing of lidar data. As a result, actual objects were being filtered out of the lidar data during object detection. This filtering caused the truck to oscillate between being detected, detecting only the cab, detecting the cab and mirror, and not being detected at all.
After assessing the issue, it has been determined that ground map latency alone will not cause safety issues. There is no risk to VRUs, or anything at ground level. The issue was with something in the air (mirror), above the ground.
A permanent fix to address the ground map latency issue is in process and will be implemented in the entire fleet within the next 30 days.
The second factor in the collision is that we were artificially constraining the vehicle to the right side of the road due to ambiguous and unpainted roadway. If we change that constraint to an advisory line (and allow the vehicle to cross the line to the left), we would have been far enough to the left to avoid collision (simulation success).
Solution Implementation: AVO training for extra caution related to protruding items like mirrors (short term), software changes coming in the next update and hotfix (within 30 days), and further improvement in the following update (within 60 days).
Until the tested software changes are implemented, we have advised the AVOs to take extra caution in these scenarios and to continue to disengage autonomy when desired. As always, we sacrifice autonomy for safety, as needed.", ,ADS
502-3140,1,Ford Motor Company,1-Day,,,JUN-2022,1FMCU0DZ1LU, ,,Ford,Escape, ,2020.0, ,5135f43efb33b58,1635.0, ,In-Vehicle (Commercial / Test),"[REDACTED, MAY CONTAIN CONFIDENTIAL BUSINESS INFORMATION]", ,Y,Yes,ADS,Argo AI, , , , ,Y,Y, , ,,JUN-2022, ,JUN-2022,16:35, ,38c8a93b3f13949,[MAY CONTAIN PERSONALLY IDENTIFIABLE INFORMATION], ,[MAY CONTAIN PERSONALLY IDENTIFIABLE INFORMATION], ,[MAY CONTAIN PERSONALLY IDENTIFIABLE INFORMATION], ,Austin, ,TX ,[MAY CONTAIN PERSONALLY IDENTIFIABLE INFORMATION], ,Street,Dry,No Unusual Conditions,30.0, ,Daylight,Y, , , , , , , ,,Non-Motorist: Cyclist,No Injuries Reported,Yes,Proceeding Straight,,, , , , , , , , , , , ,Stopped,No,No,Yes,0.0, ,Y, , , , , , , , , , , , , , ,Y,Y, , ,No,, ,Yes,, ,, ,, ,"[REDACTED, MAY CONTAIN CONFIDENTIAL BUSINESS INFORMATION]",Y,"[REDACTED, MAY CONTAIN CONFIDENTIAL BUSINESS INFORMATION]",Y,ADS
30290-3135,1,Argo AI,1-Day,,,JUN-2022,1FMCU0DZ1LU, ,,Ford,Escape, ,2020.0, ,5135f43efb33b58,1635.0, ,In-Vehicle (Commercial / Test),"[REDACTED, MAY CONTAIN CONFIDENTIAL BUSINESS INFORMATION]", ,Y,Yes,ADS,Argo AI, , , , ,Y,Y, , ,,JUN-2022, ,JUN-2022,16:35, ,38c8a93b3f13949,[MAY CONTAIN PERSONALLY IDENTIFIABLE INFORMATION], ,[MAY CONTAIN PERSONALLY IDENTIFIABLE INFORMATION], ,[MAY CONTAIN PERSONALLY IDENTIFIABLE INFORMATION], ,Austin, ,TX ,[MAY CONTAIN PERSONALLY IDENTIFIABLE INFORMATION], ,Street,Dry,No Unusual Conditions,30.0, ,Daylight,Y, , , , , , , ,,Non-Motorist: Cyclist,No Injuries Reported,Yes,Proceeding Straight,,, , , , , , , , , , , ,Stopped,No,No,Yes,0.0, ,Y, , , , , , , , , , , , , , ,Y,Y, , ,No,, ,Yes,, ,, ,, ,"[REDACTED, MAY CONTAIN CONFIDENTIAL BUSINESS INFORMATION]",Y,"[REDACTED, MAY CONTAIN CONFIDENTIAL BUSINESS INFORMATION]",Y,ADS
30270-3057,2,Waymo LLC,10-Day Update,,,JUN-2022,SADHW2S15M1, ,,Jaguar,I-Pace, ,2021.0, ,c690f79b5f85c4b,32794.0, ,In-Vehicle (Commercial / Test),5th Generation ADS, , ,Yes,ADS,Waymo LLC, , ,Y, , , , , ,,MAY-2022, ,MAY-2022,02:30, ,387240601466c07,[MAY CONTAIN PERSONALLY IDENTIFIABLE INFORMATION], ,[MAY CONTAIN PERSONALLY IDENTIFIABLE INFORMATION], ,[MAY CONTAIN PERSONALLY IDENTIFIABLE INFORMATION], ,Phoenix, ,AZ ,[MAY CONTAIN PERSONALLY IDENTIFIABLE INFORMATION], ,Intersection,Dry,No Unusual Conditions,35.0, ,Dark - Lighted,Y, , , , , , , ,,Passenger Car,Unknown,Yes,Proceeding Straight,Yes,Yes, ,Y,Y, , ,Y, , ,Y, , ,Stopped,No,Yes,Yes,0.0, ,Y,Y, ,Y, , , , , , , , , ,Y, ,Y,Y, , ,Yes,Phoenix Police Department, ,Yes,[MAY CONTAIN PERSONALLY IDENTIFIABLE INFORMATION], ,,Y,,Y,Yes, ,"The content of this report is unchanged from the initial report submitted on May [XXX], 2022 [Report ID # 30270-3057-1].
On May [XXX], 2022 at 2:30 AM PST a Waymo Autonomous Vehicle (""Waymo AV"") operating in Phoenix, Arizona was in a collision involving a passenger vehicle on [XXX] at the [XXX] onramp.
While the Waymo AV was stopped at a red light on southbound [XXX] in the rightmost through lane, a passenger vehicle approached the Waymo AV from behind and the right front of the passenger vehicle made contact with the left rear of the Waymo AV. At the time of the impact, the Waymo AV's Level 4 ADS was engaged in autonomous mode and a test driver was present (in the driver's seating position). Both vehicles sustained major damage. The driver of the other vehicle was transported from the scene to a hospital for medical treatment.
Waymo is reporting this crash under Request No. 1 of Standing General Order 2021-01 because a vehicle involved was towed away, the crash resulted in airbag deployment, and the driver of the other vehicle was transported from the scene to a hospital for medical treatment. Waymo may supplement or correct its reporting with additional information as it may become available. This report was submitted from the Pacific time zone on the required date.", ,ADS
30531-3065,2,Transdev Alternative Services,10-Day Update,,,JUN-2022,SADHW2S10M1, ,,Jaguar,I-Pace, ,2021.0, ,4d3dc5f194fb109,30050.0, ,In-Vehicle (Commercial / Test),,Y, ,Yes,"Unknown, see Narrative",Waymo LLC, , ,Y, , , , , ,,MAY-2022, ,MAY-2022,01:43, ,a4f3fd3c322db7a,[MAY CONTAIN PERSONALLY IDENTIFIABLE INFORMATION], ,[MAY CONTAIN PERSONALLY IDENTIFIABLE INFORMATION], ,[MAY CONTAIN PERSONALLY IDENTIFIABLE INFORMATION], ,Phoenix, ,AZ ,[MAY CONTAIN PERSONALLY IDENTIFIABLE INFORMATION], ,Parking Lot,Dry,No Unusual Conditions,25.0, ,Dark - Lighted,Y, , , , , , , ,,"Other, see Narrative",No Injuries Reported,Yes,"Other, see Narrative",Not Applicable,Not Applicable, , , , , , , , , , ,Y,Making Left Turn,No,Yes,Yes,9.0, , , , , , , , , , ,Y, , , ,Y, ,Y,Y, , ,No,, ,Yes,, ,, ,, ,Yes, ,"The content of this report is unchanged from the previously submitted report (Report ID#: 30531-3065-1)
On May [XXX], 2022 at 1:43AM PST a Waymo Autonomous Vehicle (""Waymo AV"") operating in Phoenix, Arizona made contact with a parking lot driveway on the 700 block of [XXX].
The Waymo AV was traveling westbound on [XXX] in autonomous mode when it approached a parking lot on the left side of the street.  As the Waymo AV turned left and into the parking lot, the Waymo AV's undercarriage made contact with the driveway pavement (the AVE did not contact any vehicle or road user).  At the time of contact, the Waymo AV's Level 4 ADS was engaged in autonomous mode, and a test driver was present (in the driver's seating position).  The Waymo AV sustained minor undercarriage damage.
Transdev Alternative Services is reporting this crash under Request No. 1 of Standing General Order 2021-01 because the Waymo AV was towed away.  Transdev may supplement or correct its reporting with additional information as it may become available.  This report is a duplicate of WaymoLLC-202205[XXX]-0 (rev.202205[XXX]213041).", ,ADS
30270-3056,2,Waymo LLC,10-Day Update,,,JUN-2022,SADHW2S10M1, ,,Jaguar,I-Pace, ,2021.0, ,4d3dc5f194fb109,30050.0, ,In-Vehicle (Commercial / Test),5th Generation ADS, , ,Yes,ADS,Waymo LLC, , ,Y, , , , , ,,MAY-2022, ,MAY-2022,01:43, ,a4f3fd3c322db7a,[MAY CONTAIN PERSONALLY IDENTIFIABLE INFORMATION], ,[MAY CONTAIN PERSONALLY IDENTIFIABLE INFORMATION], ,[MAY CONTAIN PERSONALLY IDENTIFIABLE INFORMATION], ,Phoenix, ,AZ ,[MAY CONTAIN PERSONALLY IDENTIFIABLE INFORMATION], ,Parking Lot,Dry,No Unusual Conditions,25.0, ,Dark - Lighted,Y, , , , , , , ,,"Other, see Narrative",No Injuries Reported,Yes,"Other, see Narrative",Not Applicable,Not Applicable, , , , ,Y, , , , , , ,Making Left Turn,No,Yes,Yes,9.0, , , , , , , , , , ,Y, , , ,Y, ,Y,Y, , ,No,, ,Yes,, ,, ,, ,Yes, ,"The content of this report is unchanged from the initial report submitted on May [XXX], 2022 [REDACTED, MAY CONTAIN CONFIDENTIAL BUSINESS INFORMATION]. 
On May [XXX], 2022 at 1:43AM PST a Waymo Autonomous Vehicle (Waymo AV) operating in Phoenix, Arizona made contact with a parking lot driveway on the 700 block of [XXX]. 
The Waymo AV was traveling westbound on [XXX] in autonomous mode when it approached a parking lot on the left side of the street. As the Waymo AV turned left and into the parking lot, the Waymo AVs undercarriage made contact with the driveway pavement (the AV did not contact any vehicle or road user). At the time of the contact, the Waymo AVs Level 4 ADS was engaged in autonomous mode, and a test driver was present (in the drivers seating position). The Waymo AV sustained minor undercarriage damage.
Waymo is reporting this crash under Request No. 1 of Standing General Order 2021-01 because the Waymo AV was towed away. Waymo may supplement or correct its reporting with additional information as it may become available. This report was submitted from the Pacific time zone on the required date.", ,ADS
30531-3065,1,Transdev Alternative Services,1-Day,,,MAY-2022,SADHW2S10M1, ,,Jaguar,I-Pace, ,2021.0, ,4d3dc5f194fb109,30050.0, ,In-Vehicle (Commercial / Test),,Y, ,Yes,"Unknown, see Narrative",Waymo LLC, , ,Y, , , , , ,,MAY-2022, ,MAY-2022,01:43, ,a4f3fd3c322db7a,[MAY CONTAIN PERSONALLY IDENTIFIABLE INFORMATION], ,[MAY CONTAIN PERSONALLY IDENTIFIABLE INFORMATION], ,[MAY CONTAIN PERSONALLY IDENTIFIABLE INFORMATION], ,Phoenix, ,AZ ,[MAY CONTAIN PERSONALLY IDENTIFIABLE INFORMATION], ,Parking Lot,Dry,No Unusual Conditions,25.0, ,Dark - Lighted,Y, , , , , , , ,,"Other, see Narrative",No Injuries Reported,Yes,"Other, see Narrative",Not Applicable,Not Applicable, , , , , , , , , , ,Y,Making Left Turn,No,Yes,Yes,9.0, , , , , , , , , , ,Y, , , ,Y, ,Y,Y, , ,No,, ,Yes,, ,, ,, ,Yes, ,"On May [XXX], 2022 at 1:43AM PST a Waymo Autonomous Vehicle (""Waymo AV"") operating in Phoenix, Arizona made contact with a parking lot driveway on the 700 block of East [XXX].
The Waymo AV was traveling westbound on East [XXX] in autonomous mode when it approached a parking lot on the left side of the street.  As the Waymo AV turned left and into the parking lot, the Waymo AV's undercarriage made contact with the driveway pavement (the AVE did not contact any vehicle or road user).  At the time of contact, the Waymo AV's Level 4 ADS was engaged in autonomous mode, and a test driver was present (in the driver's seating position).  The Waymo AV sustained minor undercarriage damage.
Transdev Alternative Services is reporting this crash under Request No. 1 of Standing General Order 2021-01 because the Waymo AV was towed away.  Transdev may supplement or correct its reporting with additional information as it may become available.  This report is a duplicate of WaymoLLC-202205[XXX]-0 (rev.202205[XXX]213041).", ,ADS
30270-3057,1,Waymo LLC,1-Day,,,MAY-2022,SADHW2S15M1, ,,Jaguar,I-Pace, ,2021.0, ,c690f79b5f85c4b,32794.0, ,In-Vehicle (Commercial / Test),5th Generation ADS, , ,Yes,ADS,Waymo LLC, , ,Y, , , , , ,,MAY-2022, ,MAY-2022,02:30, ,387240601466c07,[MAY CONTAIN PERSONALLY IDENTIFIABLE INFORMATION], ,[MAY CONTAIN PERSONALLY IDENTIFIABLE INFORMATION], ,[MAY CONTAIN PERSONALLY IDENTIFIABLE INFORMATION], ,Phoenix, ,AZ ,[MAY CONTAIN PERSONALLY IDENTIFIABLE INFORMATION], ,Intersection,Dry,No Unusual Conditions,35.0, ,Dark - Lighted,Y, , , , , , , ,,Passenger Car,Unknown,Yes,Proceeding Straight,Yes,Yes, ,Y,Y, , ,Y, , ,Y, , ,Stopped,No,Yes,Yes,0.0, ,Y,Y, ,Y, , , , , , , , , ,Y, ,Y,Y, , ,Yes,Phoenix Police Department, ,Yes,[MAY CONTAIN PERSONALLY IDENTIFIABLE INFORMATION], ,,Y,,Y,Yes, ,"On May [XXX], 2022 at 2:30 AM PST a Waymo Autonomous Vehicle (""Waymo AV"") operating in Phoenix, Arizona was in a collision involving a passenger vehicle on [XXX] at the [XXX] West onramp. 
While the Waymo AV was stopped at a red light on southbound [XXX] in the rightmost through lane, a passenger vehicle approached the Waymo AV from behind and the right front of the passenger vehicle made contact with the left rear of the Waymo AV. At the time of the impact, the Waymo AV""s Level 4 ADS was engaged in autonomous mode and a test driver was present (in the driver's seating position). Both vehicles sustained major damage. The driver of the other vehicle was transported from the scene to a hospital for medical treatment.
Waymo is reporting this crash under Request No. 1 of Standing General Order 2021-01 because a vehicle involved was towed away, the crash resulted in airbag deployment, and the driver of the other vehicle was transported from the scene to a hospital for medical treatment. Waymo may supplement or correct its reporting with additional information as it may become available. This report was submitted from the Pacific time zone on the required date.", ,ADS