Report ID,Report Version,Reporting Entity,Report Type,Report Month,Report Year,Report Submission Date,VIN,VIN - Unknown,Serial Number,Make,Model,Model - Unknown,Model Year,Model Year - Unknown,Same Vehicle ID,Mileage,Mileage - Unknown,Driver / Operator Type,ADAS/ADS Version,ADAS/ADS Version - Unknown,ADAS/ADS Version CBI,ADS Equipped?,Automation System Engaged?,Operating Entity,Operating Entity - Unknown,Source - Complaint/Claim,Source - Telematics,Source - Law Enforcement,Source - Field Report,Source - Testing,Source - Media,Source - Other,Source - Other Text,Incident Date,Incident Date - Unknown,Notice Received Date,Incident Time (24:00),Incident Time - Unknown,Same Incident ID,Latitude,Latitude  - Unknown,Longitude,Longitude - Unknown,Address,Address - Unknown,City,City - Unknown,State,Zip Code,Zip Code - Unknown,Roadway Type,Roadway Surface,Roadway Description,Posted Speed Limit (MPH),Posted Speed Limit - Unknown,Lighting,Weather - Clear,Weather - Snow,Weather - Cloudy,Weather - Fog/Smoke,Weather - Rain,Weather - Severe Wind,Weather - Unknown,Weather - Other,Weather - Other Text,Crash With,Highest Injury Severity,Property Damage?,CP Pre-Crash Movement,CP Any Air Bags Deployed?,CP Was Vehicle Towed?,CP Contact Area - Rear Left,CP Contact Area - Left,CP Contact Area - Front Left,CP Contact Area - Rear,CP Contact Area - Top,CP Contact Area - Front,CP Contact Area - Rear Right,CP Contact Area - Right,CP Contact Area - Front Right,CP Contact Area - Bottom,CP Contact Area - Unknown,SV Pre-Crash Movement,SV Any Air Bags Deployed?,SV Was Vehicle Towed?,SV Were All Passengers Belted?,SV Precrash Speed (MPH),SV Pre-crash Speed - Unknown,SV Contact Area - Rear Left,SV Contact Area - Left,SV Contact Area - Front Left,SV Contact Area - Rear,SV Contact Area - Top,SV Contact Area - Front,SV Contact Area - Rear Right,SV Contact Area - Right,SV Contact Area - Front Right,SV Contact Area - Bottom,SV Contact Area - Unknown,Data Availability - EDR,Data Availability - Police Rpt,Data Availability - Telematics,Data Availability - Complaints,Data Availability - Video,Data Availability - Other,Data Availability - No Data,Data Availability - Unknown,Law Enforcement Investigating?,Investigating Agency,Investigating Agency - Unknown,Rep Ent Or Mfr Investigating?,Investigating Officer Name,Inv. Officer Name - Unknown,Investigating Officer Phone,Inv. Officer Phone - Unknown,Investigating Officer Email,Inv. Officer Email - Unknown,Within ODD?,Within ODD? - CBI,Narrative,Narrative - CBI?,system_type
30414-1719,1,Easymile Inc.,Monthly,10.0,2021.0,NOV-2021,VJRD1A10224, ,,EZ10,GEN2, ,2018.0, ,4e9cb8fb52e18e3,2841.0, ,In-Vehicle (Commercial / Test),"[REDACTED, MAY CONTAIN CONFIDENTIAL BUSINESS INFORMATION]", ,Y,Yes,ADS,Colorado School of Mines, , , , ,Y, , , ,,OCT-2021, ,OCT-2021,08:23, ,d13b625868eb7b9,[MAY CONTAIN PERSONALLY IDENTIFIABLE INFORMATION], ,[MAY CONTAIN PERSONALLY IDENTIFIABLE INFORMATION], ,[MAY CONTAIN PERSONALLY IDENTIFIABLE INFORMATION], ,Golden, ,CO ,[MAY CONTAIN PERSONALLY IDENTIFIABLE INFORMATION], ,Street,Dry,No Unusual Conditions,25.0, ,Daylight,Y, , , , , , , ,,Passenger Car,No Injuries Reported,No,Proceeding Straight,No,No, , ,Y, , ,Y, , ,Y, , ,Stopped,Not Applicable,Yes,"No, see Narrative",0.0, ,Y, , ,Y, , ,Y, , , , , ,Y,Y, ,Y, , , ,Yes,City of Golden Police, ,Yes,[MAY CONTAIN PERSONALLY IDENTIFIABLE INFORMATION], ,[MAY CONTAIN PERSONALLY IDENTIFIABLE INFORMATION], ,[MAY CONTAIN PERSONALLY IDENTIFIABLE INFORMATION], ,"[REDACTED, MAY CONTAIN CONFIDENTIAL BUSINESS INFORMATION]",Y,"[REDACTED, MAY CONTAIN CONFIDENTIAL BUSINESS INFORMATION]",Y,ADS
30414-1718,1,Easymile Inc.,Monthly,10.0,2021.0,NOV-2021,VJRD1A10224, ,,EZ10,GEN2, ,2018.0, ,55e7d3bb07f1df3,1894.0, ,In-Vehicle (Commercial / Test),"[REDACTED, MAY CONTAIN CONFIDENTIAL BUSINESS INFORMATION]", ,Y,Yes,ADS,Colorado School of Mines, , , , ,Y, , , ,,OCT-2021, ,OCT-2021,15:15, ,73fa3c3b60dbdec,[MAY CONTAIN PERSONALLY IDENTIFIABLE INFORMATION], ,[MAY CONTAIN PERSONALLY IDENTIFIABLE INFORMATION], ,[MAY CONTAIN PERSONALLY IDENTIFIABLE INFORMATION], ,Golden, ,CO ,[MAY CONTAIN PERSONALLY IDENTIFIABLE INFORMATION], ,Street,Dry,No Unusual Conditions,9.0, ,Daylight,Y, , , , , , , ,,Non-Motorist: Cyclist,No Injuries Reported,No,Proceeding Straight,,, , , , , , , , , , , ,Stopped,No,No,No Passengers in Vehicle,7.0, , , , , , , , , , , ,Y, , , , ,Y, , , ,No,, ,Yes,, ,, ,, ,"[REDACTED, MAY CONTAIN CONFIDENTIAL BUSINESS INFORMATION]",Y,"[REDACTED, MAY CONTAIN CONFIDENTIAL BUSINESS INFORMATION]",Y,ADS
502-1697,1,Ford Motor Company,Monthly - No Incidents,11.0,2021.0,NOV-2021,, ,,,, ,, , ,, ,,, , ,,,, , , , , , , , ,,, ,,, , ,, ,, ,, ,, ,,, ,,,,, ,, , , , , , , , ,,,,,,,, , , , , , , , , , , ,,,,,, , , , , , , , , , , , , , , , , , ,, ,,, ,,, ,, ,, ,, ,"As reported by Argo AI to Ford on November [XXX], 2021, an Argo AI Autonomous Vehicle (""Argo AV"") was involved in a rear-end collision on [XXX]. The Argo AV came to a complete stop at the stop sign located at the intersection of [XXX] and [XXX]. After the Argo AV began to initiate a right-hand turn, the Argo AV came to a stop in response to oncoming traffic. A vehicle trailing behind the Argo AV moved forward and contacted the Argo AV's left rear bumper. The Argo AV sustained minor damage to its left rear bumper.", ,ADS
30414-1540,2,Easymile Inc.,10-Day Update,,,NOV-2021,VJRD1A10224, ,,EZ10,GEN2, ,2018.0, ,55e7d3bb07f1df3,1894.0, ,In-Vehicle (Commercial / Test),"[REDACTED, MAY CONTAIN CONFIDENTIAL BUSINESS INFORMATION]", ,Y,Yes,ADS,Colorado School of Mines, , , , ,Y, , , ,,OCT-2021, ,OCT-2021,15:15, ,73fa3c3b60dbdec,[MAY CONTAIN PERSONALLY IDENTIFIABLE INFORMATION], ,[MAY CONTAIN PERSONALLY IDENTIFIABLE INFORMATION], ,[MAY CONTAIN PERSONALLY IDENTIFIABLE INFORMATION], ,Golden, ,CO ,[MAY CONTAIN PERSONALLY IDENTIFIABLE INFORMATION], ,Street,Dry,No Unusual Conditions,9.0, ,Daylight,Y, , , , , , , ,,Non-Motorist: Cyclist,No Injuries Reported,No,Proceeding Straight,,, , , , , , , , , , , ,Stopped,No,No,No Passengers in Vehicle,7.0, , , , , , , , , , , ,Y, , , , ,Y, , , ,No,, ,Yes,, ,, ,, ,"[REDACTED, MAY CONTAIN CONFIDENTIAL BUSINESS INFORMATION]",Y,"[REDACTED, MAY CONTAIN CONFIDENTIAL BUSINESS INFORMATION]",Y,ADS
30414-1391,2,Easymile Inc.,10-Day Update,,,NOV-2021,VJRD1A10224, ,,EZ10,GEN2, ,2018.0, ,4e9cb8fb52e18e3,2841.0, ,In-Vehicle (Commercial / Test),"[REDACTED, MAY CONTAIN CONFIDENTIAL BUSINESS INFORMATION]", ,Y,Yes,ADS,Colorado School of Mines, , , , ,Y, , , ,,OCT-2021, ,OCT-2021,08:23, ,d13b625868eb7b9,[MAY CONTAIN PERSONALLY IDENTIFIABLE INFORMATION], ,[MAY CONTAIN PERSONALLY IDENTIFIABLE INFORMATION], ,[MAY CONTAIN PERSONALLY IDENTIFIABLE INFORMATION], ,Golden, ,CO ,[MAY CONTAIN PERSONALLY IDENTIFIABLE INFORMATION], ,Street,Dry,No Unusual Conditions,0.0, ,Daylight,Y, , , , , , , ,,Passenger Car,No Injuries Reported,No,Proceeding Straight,No,No, , ,Y, , ,Y, , ,Y, , ,Stopped,Not Applicable,Yes,"No, see Narrative",0.0, ,Y, , ,Y, , ,Y, , , , , ,Y,Y, ,Y, , , ,Yes,City of Golden Police, ,Yes,[MAY CONTAIN PERSONALLY IDENTIFIABLE INFORMATION], ,[MAY CONTAIN PERSONALLY IDENTIFIABLE INFORMATION], ,[MAY CONTAIN PERSONALLY IDENTIFIABLE INFORMATION], ,"[REDACTED, MAY CONTAIN CONFIDENTIAL BUSINESS INFORMATION]",Y,"[REDACTED, MAY CONTAIN CONFIDENTIAL BUSINESS INFORMATION]",Y,ADS
30270-1583,1,Waymo LLC,1-Day,,,NOV-2021,2C4RC1K70HR, ,,Chrysler,Pacifica, ,2017.0, ,142fc9bec7dfe3e,18698.0, ,,4th Generation ADS, , ,Yes,ADS,Waymo LLC, , ,Y, , , , , ,,OCT-2021, ,OCT-2021,14:44, ,6f2cffa37c36b66,[MAY CONTAIN PERSONALLY IDENTIFIABLE INFORMATION], ,[MAY CONTAIN PERSONALLY IDENTIFIABLE INFORMATION], ,[MAY CONTAIN PERSONALLY IDENTIFIABLE INFORMATION], ,Chandler, ,AZ ,[MAY CONTAIN PERSONALLY IDENTIFIABLE INFORMATION], ,Intersection,Dry,No Unusual Conditions,45.0, ,Daylight,Y, , , , , , , ,,Passenger Car,No Injuries Reported,Yes,Changing Lanes,No,Unknown,Y, , ,Y, , ,Y, , , , ,Proceeding Straight,No,Yes,No Passengers in Vehicle,21.0, , , ,Y, , ,Y, , , , , , , ,Y, ,Y,Y, , ,No,, ,Yes,, ,, ,, ,Yes, ,"Other than the addition of the zip code in which the incident occurred, the content of this report is unchanged from the initial report submitted on October [XXX], 2021 [Report ID # 30270-1535-1]. 
On October [XXX], 2021 at 2:44 PM PDT a Waymo Autonomous Vehicle (""Waymo AV"") operating in Chandler, AZ was in a collision involving a passenger car at [XXX] and [XXX].
The Waymo AV was traveling eastbound on [XXX] when it approached [XXX]. As the traffic signal turned yellow, a passenger vehicle in the left adjacent lane changed lanes to the right in front of the Waymo AV and immediately braked. The Waymo AV exerted maximum brake force to avoid contact, but  was unable to stop before making contact with the rear of the passenger vehicle, which had entered the intersection and was still braking. At the time of contact, the Waymo AV was traveling at approximately 21 mph and the passenger vehicle was traveling at approximately 10 mph. The Waymo AV sustained minor damage to its front bumper, and the passenger vehicle sustained moderate damage to its rear bumper. At the time of the impact, the Waymo AV's Level 4 ADS was engaged in autonomous mode.
Waymo is reporting this crash under Request No. 1 of Standing General Order 2021-01 because a vehicle involved was towed away. Waymo may supplement or correct its reporting with additional information as it may become available. This report was submitted from the Pacific time zone on the required date.x", ,ADS
30414-1540,1,Easymile Inc.,1-Day,,,OCT-2021,VJRD1A10224, ,,EZ10,GEN2, ,2018.0, ,55e7d3bb07f1df3,1894.0, ,In-Vehicle (Commercial / Test),"[REDACTED, MAY CONTAIN CONFIDENTIAL BUSINESS INFORMATION]", ,Y,Yes,ADS,Colorado School of Mines, , , , ,Y, , , ,,OCT-2021, ,OCT-2021,15:15, ,73fa3c3b60dbdec,[MAY CONTAIN PERSONALLY IDENTIFIABLE INFORMATION], ,[MAY CONTAIN PERSONALLY IDENTIFIABLE INFORMATION], ,[MAY CONTAIN PERSONALLY IDENTIFIABLE INFORMATION], ,Golden, ,CO ,[MAY CONTAIN PERSONALLY IDENTIFIABLE INFORMATION], ,Street,Dry,No Unusual Conditions,9.0, ,Daylight,Y, , , , , , , ,,Non-Motorist: Cyclist,No Injuries Reported,No,Proceeding Straight,,, , , , , , , , , , , ,Stopped,No,No,No Passengers in Vehicle,7.0, , , , , , , , , , , ,Y, ,Y, , , , , , ,No,, ,Yes,, ,, ,, ,"[REDACTED, MAY CONTAIN CONFIDENTIAL BUSINESS INFORMATION]",Y,"[REDACTED, MAY CONTAIN CONFIDENTIAL BUSINESS INFORMATION]",Y,ADS
30270-1535,1,Waymo LLC,1-Day,,,OCT-2021,2C4RC1K70HR, ,,Chrysler,Pacifica, ,2017.0, ,142fc9bec7dfe3e,18698.0, ,,4th Generation ADS, , ,Yes,ADS,Waymo LLC, , ,Y, , , , , ,,OCT-2021, ,OCT-2021,14:44, ,6f2cffa37c36b66,[MAY CONTAIN PERSONALLY IDENTIFIABLE INFORMATION], ,[MAY CONTAIN PERSONALLY IDENTIFIABLE INFORMATION], ,[MAY CONTAIN PERSONALLY IDENTIFIABLE INFORMATION], ,Chandler, ,AZ ,,Y,Intersection,Dry,No Unusual Conditions,45.0, ,Daylight,Y, , , , , , , ,,Passenger Car,No Injuries Reported,Yes,Changing Lanes,No,Unknown,Y, , ,Y, , ,Y, , , , ,Proceeding Straight,No,Yes,No Passengers in Vehicle,21.0, , , ,Y, , ,Y, , , , , , , ,Y, ,Y,Y, , ,No,, ,Yes,, ,, ,, ,Yes, ,"On October [XXX], 2021 at 2:44 PM PDT a Waymo Autonomous Vehicle ('Waymo AV') operating in Chandler, AZ was in a collision involving a passenger car at [XXX] and [XXX].
The Waymo AV was traveling eastbound on [XXX] when it approached [XXX]. As the traffic signal turned yellow, a passenger vehicle in the left adjacent lane changed lanes to the right in front of the Waymo AV and immediately braked. The Waymo AV exerted maximum brake force to avoid contact, but was unable to stop before making contact with the rear of the passenger vehicle, which had entered the intersection and was still braking. At the time of contact, the Waymo AV was traveling at approximately 21 mph and the passenger vehicle was traveling at approximately 10 mph. The Waymo AV sustained minor damage to its front bumper, and the passenger vehicle sustained moderate damage to its rear bumper. At the time of the impact, the Waymo AV's Level 4 ADS was engaged in autonomous mode.
Waymo is reporting this crash under Request No. 1 of Standing General Order 2021-01 because a vehicle involved was towed away. Waymo may supplement or correct its reporting with additional information as it may become available. This report was submitted from the Pacific time zone on the required date.", ,ADS
30531-1506,1,Transdev Alternative Services,Monthly,9.0,2021.0,OCT-2021,2C4RC1K70HR, ,,Chrysler,Pacifica, ,2017.0, ,142fc9bec7dfe3e,1702.0, ,In-Vehicle (Commercial / Test),,Y, ,Yes,ADS,Waymo LLC., , , , ,Y, , , ,,SEP-2021, ,SEP-2021,01:58, ,8f3b21803d476fa,,Y,,Y,[MAY CONTAIN PERSONALLY IDENTIFIABLE INFORMATION], ,Tempe, ,AZ ,[MAY CONTAIN PERSONALLY IDENTIFIABLE INFORMATION], ,Parking Lot,Dry,No Unusual Conditions,15.0, ,Dark - Lighted,Y, , , , , , , ,,Passenger Car,No Injuries Reported,Yes,Backing,No,No, , , , , , , , , , ,Y,Stopped,No,No,Yes,0.0, , ,Y, , , , , , , , , , , , , ,Y,Y, , ,No,, ,Yes,, ,, ,, ,Yes, ,"On September [XXX], 2021 at 1:58 AM PDT a Waymo Autonomous Vehicle (""Waymo AV"") operating in Tempe, AZ was in a collision involving a passenger car in a parking lot at [XXX]. 
The Waymo AV was stationary in a parking lot aisle, waiting to pick up passengers. A passenger vehicle on the left of the Waymo AV reversed out of a parking spot and the rear bumper on the driver's side of that vehicle made contact with the Waymo AV's driver's side rear passenger door. The Waymo AV was operating without a human driver, and the Waymo AV's Level 4 ADS was engaged in autonomous mode. The Waymo AV sustained minor damage to its driver's side rear passenger door and the passenger vehicle left the scene before exchanging information.
Transdev Alternative Services is reporting this duplicate crash report under Request No. 2 of Standing General Order 2021-01. Transdev will supplement or correct its reporting with additional information as it may become available.", ,ADS
30531-1200,3,Transdev Alternative Services,Monthly Update,9.0,2021.0,OCT-2021,2C4RC1K78HR, ,,Chrysler,Pacifica, ,2017.0, ,885ecf217c72a7b,120658.0, ,In-Vehicle (Commercial / Test),,Y, ,Yes,ADS,"Waymo, LLC.", , ,Y, ,Y, , , ,,SEP-2021, ,SEP-2021,13:54, ,857232881f1c3c0,,Y,,Y,[MAY CONTAIN PERSONALLY IDENTIFIABLE INFORMATION], ,Tempe, ,AZ ,,Y,Street,Dry,No Unusual Conditions,45.0, ,Daylight,Y, , , , , , , ,,Pickup Truck,No Injuries Reported,Yes,Making Left Turn,Unknown,Unknown, ,Y, , , , , , , , , ,Stopped,No,Yes,Yes,0.0, ,Y, , , , , , , , , , , , ,Y, ,Y, , , ,No,, ,Yes,, ,, ,, ,Yes, ,"On September [XXX], 2021 at 1:54 PM PDT, a Wyamo autonomous vehicles (""Waymo AV"") operating in Tempe, AZ was in a collision involving a pickup truck on [XXX] Dr. at [XXX]. While in autonomous mode, the Waymo AV began to enter the right lane of a protected double left turn (lane 2) from northbound S. [XXX] to westbound [XXX]. A pickup truck heading southbound on [XXX] had completely crossed the solid double yellow lines of the northbound double left turn lanes and positioned itself in the left lane of the double turn lane (""lane 1) facing the wrong direction against traffic and was preparing to make a left turn across lane 2 and the other northbound lanes into the a shopping center parking lot on the east side of [XXX]. 
The Waymo AV was traveling in the left lane when the pickup truck began to initiate its left turn from lane 1. The Waymo AV braked and the trained human driver in the Waymo AV (in the drivers seating position) transitioned the vehicle from autonomous mode to manual mode. As the pickup truck made the left turn, the drivers side panels of the pickup truck made contact with the drivers side corner of the Waymo AV, causing moderate damage to the Waymo AV. Damage to the pickup truck is currently unknown. At the time of contact the Waymo AV was in manual mode. 
Transdev Alternative Services is reporting this crash under Request No. 1 of Standing General Order 2021-01 because the Waymo AV was towed away from the scene. Transdev may supplement or update it's reporting with additional information as it may become available. Note: This report is a duplicate to Waymo LLC report (WaymoLLC-202109[XXX]-0 (rev.202109[XXX]174039).
No monthly update to narrative.", ,ADS
30270-1501,1,Waymo LLC,Monthly,9.0,2021.0,OCT-2021,2C4RC1K70HR, ,,Chrysler,Pacifica, ,2017.0, ,142fc9bec7dfe3e,17012.0, ,,4th Generation ADS, , ,Yes,ADS,Waymo LLC, , ,Y, , , , , ,,SEP-2021, ,SEP-2021,01:58, ,8f3b21803d476fa,[MAY CONTAIN PERSONALLY IDENTIFIABLE INFORMATION], ,[MAY CONTAIN PERSONALLY IDENTIFIABLE INFORMATION], ,[MAY CONTAIN PERSONALLY IDENTIFIABLE INFORMATION], ,Tempe, ,AZ ,[MAY CONTAIN PERSONALLY IDENTIFIABLE INFORMATION], ,Parking Lot,Dry,No Unusual Conditions,15.0, ,Dark - Lighted,Y, , , , , , , ,,Passenger Car,No Injuries Reported,Yes,Backing,No,No, , , , , , , , , , ,Y,Stopped,No,No,No Passengers in Vehicle,0.0, , ,Y, , , , , , , , , , , ,Y, ,Y,Y, , ,No,, ,Yes,, ,, ,, ,Yes, ,"On September [XXX], 2021 at 1:58 AM PDT a Waymo Autonomous Vehicle ('Waymo AV') operating in Tempe, AZ was in a collision involving a passenger car in a parking lot at [XXX]. 
The Waymo AV was stationary in a parking lot aisle, waiting to pick up passengers. A passenger vehicle on the left of the Waymo AV reversed out of a parking spot and the rear bumper on the driver's side of that vehicle made contact with the Waymo AV's driver's side rear passenger door. The Waymo AV was operating without a human driver, and the Waymo AV's Level 4 ADS was engaged in autonomous mode. The Waymo AV sustained minor damage to its driver's side rear passenger door and the passenger vehicle left the scene before exchanging information.
Waymo is reporting this crash under Request No. 2 of Standing General Order 2021-01. Waymo will supplement or correct its reporting with additional information as it may become available. This report was submitted from the Pacific time zone on the required date.", ,ADS
30414-1391,1,Easymile Inc.,1-Day,,,OCT-2021,VJRD1A10224, ,,EZ10,GEN2, ,2018.0, ,4e9cb8fb52e18e3,2841.0, ,In-Vehicle (Commercial / Test),"[REDACTED, MAY CONTAIN CONFIDENTIAL BUSINESS INFORMATION]", ,Y,Yes,ADS,Colorado School of Mines, , , , ,Y, , , ,,OCT-2021, ,OCT-2021,08:23, ,d13b625868eb7b9,[MAY CONTAIN PERSONALLY IDENTIFIABLE INFORMATION], ,[MAY CONTAIN PERSONALLY IDENTIFIABLE INFORMATION], ,[MAY CONTAIN PERSONALLY IDENTIFIABLE INFORMATION], ,Golden, ,CO ,[MAY CONTAIN PERSONALLY IDENTIFIABLE INFORMATION], ,Street,Dry,No Unusual Conditions,25.0, ,Daylight,Y, , , , , , , ,,Passenger Car,No Injuries Reported,No,Proceeding Straight,No,No, , ,Y, , ,Y, , ,Y, , ,Stopped,Not Applicable,Yes,"No, see Narrative",0.0, ,Y, , ,Y, , ,Y, , , , , ,Y,Y, ,Y, , , ,Yes,City of Golden Police, ,Yes,[MAY CONTAIN PERSONALLY IDENTIFIABLE INFORMATION], ,[MAY CONTAIN PERSONALLY IDENTIFIABLE INFORMATION], ,[MAY CONTAIN PERSONALLY IDENTIFIABLE INFORMATION], ,"[REDACTED, MAY CONTAIN CONFIDENTIAL BUSINESS INFORMATION]",Y,"[REDACTED, MAY CONTAIN CONFIDENTIAL BUSINESS INFORMATION]",Y,ADS
30415-1317,1,NAVYA Inc.,1-Day,,,SEP-2021,,Y,,NAVYA,Arma , ,2016.0, , ,,Y,Consumer,4.11.3, , ,Yes,ADS,, , , , ,Y, , , ,,SEP-2021, ,SEP-2021,16:43, , ,,Y,,Y,[MAY CONTAIN PERSONALLY IDENTIFIABLE INFORMATION], ,Orlando, ,FL ,[MAY CONTAIN PERSONALLY IDENTIFIABLE INFORMATION], ,Street,Dry,No Unusual Conditions,,Y,Daylight,Y, , , , , , , ,,"Other, see Narrative",No Injuries Reported,No,Stopped,No,Not Applicable, , , , , , , , , , ,Y,Proceeding Straight,No,No,No Passengers in Vehicle,,Y, , , , , , , , , ,Y, , , , , , , ,Y, ,No,, ,Yes,, ,, ,, ,Yes, ,"Shuttle P115 (Vin#VG9A2CB2CIV[XXX]) Shuttle was operating autonomously on route when it approached a pallet in the roadway. The shuttle made contact with the pallet prior to the attendant stopping the shuttle.According to Beep, the pallet height was just below that of the bottom most front LiDAR sensor.no severe damage, only light scratches on the underside of the shuttle grill.Beep was not able to provide any additional information, they did not take any photos of the pallet or UI events interface at the time of the incident.                                                                                                                                                                                                      ", ,ADS
30490-1314,1,"Beep, Inc.",Monthly,9.0,2021.0,SEP-2021,1L9L0CAL6JA, ,,Local Motors,Olli 1.0, ,2019.0, ,89f8993ae749784,0.0, ,In-Vehicle (Commercial / Test),Olli 1.0, , ,Yes,ADS,"Beep, Inc.", , , , , , , ,Y,Command Center,AUG-2021, ,AUG-2021,17:00, ,baeffc44f80381e,[MAY CONTAIN PERSONALLY IDENTIFIABLE INFORMATION], ,[MAY CONTAIN PERSONALLY IDENTIFIABLE INFORMATION], ,[MAY CONTAIN PERSONALLY IDENTIFIABLE INFORMATION], ,Mammoth, ,WY ,[MAY CONTAIN PERSONALLY IDENTIFIABLE INFORMATION], ,Parking Lot,Dry,No Unusual Conditions,15.0, ,Daylight,Y, , , , , , , ,,Passenger Car,No Injuries Reported,Yes,Backing,No,No, , , , , , ,Y, , , , ,Proceeding Straight,No,No,No Passengers in Vehicle,7.0, , , , , , , , , ,Y, , , , ,Y, ,Y,Y, , ,Yes,National Park Service, ,Yes,[MAY CONTAIN PERSONALLY IDENTIFIABLE INFORMATION], ,[MAY CONTAIN PERSONALLY IDENTIFIABLE INFORMATION], ,[MAY CONTAIN PERSONALLY IDENTIFIABLE INFORMATION], ,"No, see Narrative", ,"A Local Motors electric Olli shuttle (V1.0), VIN equipped with the Robotic Research autonomy kit (enabling autonomous steering, acceleration, deceleration, and braking (AutoDrive)), was proceeding forward in autonomous mode through a parking lot in Yellowstone National Park. A parked passenger vehicle began reversing into the path of the Olli without signaling or yielding the right of way to oncoming shuttle. The autonomy system detected the encroaching vehicle and commanded a braking event, which began deceleration of the Olli.  Though the Olli was nearly stopped by the time the of the accident, a collision still occurred, causing damage to the right rear of the passenger vehicle.  For reference this incident is under review with the Box-7 Team at NHTSA.", ,ADS