Report ID,Report Version,Reporting Entity,Report Type,Report Month,Report Year,Report Submission Date,VIN,VIN - Unknown,Serial Number,Make,Model,Model - Unknown,Model Year,Model Year - Unknown,Same Vehicle ID,Mileage,Mileage - Unknown,Driver / Operator Type,ADAS/ADS Version,ADAS/ADS Version - Unknown,ADAS/ADS Version CBI,ADS Equipped?,Automation System Engaged?,Operating Entity,Operating Entity - Unknown,Source - Complaint/Claim,Source - Telematics,Source - Law Enforcement,Source - Field Report,Source - Testing,Source - Media,Source - Other,Source - Other Text,Incident Date,Incident Date - Unknown,Notice Received Date,Incident Time (24:00),Incident Time - Unknown,Same Incident ID,Latitude,Latitude  - Unknown,Longitude,Longitude - Unknown,Address,Address - Unknown,City,City - Unknown,State,Zip Code,Zip Code - Unknown,Roadway Type,Roadway Surface,Roadway Description,Posted Speed Limit (MPH),Posted Speed Limit - Unknown,Lighting,Weather - Clear,Weather - Snow,Weather - Cloudy,Weather - Fog/Smoke,Weather - Rain,Weather - Severe Wind,Weather - Unknown,Weather - Other,Weather - Other Text,Crash With,Highest Injury Severity,Property Damage?,CP Pre-Crash Movement,CP Any Air Bags Deployed?,CP Was Vehicle Towed?,CP Contact Area - Rear Left,CP Contact Area - Left,CP Contact Area - Front Left,CP Contact Area - Rear,CP Contact Area - Top,CP Contact Area - Front,CP Contact Area - Rear Right,CP Contact Area - Right,CP Contact Area - Front Right,CP Contact Area - Bottom,CP Contact Area - Unknown,SV Pre-Crash Movement,SV Any Air Bags Deployed?,SV Was Vehicle Towed?,SV Were All Passengers Belted?,SV Precrash Speed (MPH),SV Pre-crash Speed - Unknown,SV Contact Area - Rear Left,SV Contact Area - Left,SV Contact Area - Front Left,SV Contact Area - Rear,SV Contact Area - Top,SV Contact Area - Front,SV Contact Area - Rear Right,SV Contact Area - Right,SV Contact Area - Front Right,SV Contact Area - Bottom,SV Contact Area - Unknown,Data Availability - EDR,Data Availability - Police Rpt,Data Availability - Telematics,Data Availability - Complaints,Data Availability - Video,Data Availability - Other,Data Availability - No Data,Data Availability - Unknown,Law Enforcement Investigating?,Investigating Agency,Investigating Agency - Unknown,Rep Ent Or Mfr Investigating?,Investigating Officer Name,Inv. Officer Name - Unknown,Investigating Officer Phone,Inv. Officer Phone - Unknown,Investigating Officer Email,Inv. Officer Email - Unknown,Within ODD?,Within ODD? - CBI,Narrative,Narrative - CBI?,system_type
30830-1297,1,Local Motors Industries,Monthly,9.0,2021.0,SEP-2021,1L9L0CAL6JA, ,[MAY CONTAIN PERSONALLY IDENTIFIABLE INFORMATION],OLLI,1.0, ,2019.0, ,89f8993ae749784,,Y,In-Vehicle (Commercial / Test),Robotic Research Autodrive, , ,Yes,ADS,BEEP, , , , , ,Y, ,Y,Testing under Box-7,AUG-2021, ,AUG-2021,,Y,baeffc44f80381e,,Y,,Y,[MAY CONTAIN PERSONALLY IDENTIFIABLE INFORMATION], ,,Y,WY ,,Y,Parking Lot,Dry,No Unusual Conditions,,Y,Daylight,Y, , , , , , , ,,Passenger Car,No Injuries Reported,Yes,Backing,No,No, , , , , , ,Y, , ,Y, ,Proceeding Straight,No,No,No Passengers in Vehicle,6.0, , , , , , , , , ,Y,Y, ,Y,Y, , ,Y, , , ,Yes,Yellowstone Park ranger, ,Yes,,Y,,Y,,Y,Yes, ,"A Local Motors electric Olli shuttle (V1.0), equipped with the Robotic 
Research autonomy kit (enabling autonomous steering, acceleration, 
deceleration, and braking (AutoDrive)), was proceeding forward in autonomous 
mode through a parking lot in Yellowstone National Park. A parked passenger 
vehicle began reversing into the path of the Olli without signaling or yielding the right of way to the oncoming shuttle. The autonomy system detected the encroaching vehicle and commanded a braking event, which began deceleration of the Olli.  Though the Olli was nearly stopped by the time the of the accident, a collision still occurred, causing damage to the right rear of the passenger vehicle.  For reference this incident is under review with the Box-7 Team at NHTSA.", ,ADS
30290-1279,1,Argo AI,Monthly,9.0,2021.0,SEP-2021,3FA6P0MU4KR, ,,Ford,Fusion, ,2019.0, ,6d525d9e8ed29e1,9783.0, ,In-Vehicle (Commercial / Test),"[REDACTED, MAY CONTAIN CONFIDENTIAL BUSINESS INFORMATION]", ,Y,Yes,ADS,Argo AI, , , , ,Y,Y, , ,,AUG-2021, ,AUG-2021,08:10, ,ab78822ba620852,[MAY CONTAIN PERSONALLY IDENTIFIABLE INFORMATION], ,[MAY CONTAIN PERSONALLY IDENTIFIABLE INFORMATION], ,[MAY CONTAIN PERSONALLY IDENTIFIABLE INFORMATION], ,Miami, ,FL ,[MAY CONTAIN PERSONALLY IDENTIFIABLE INFORMATION], ,Street,Dry,No Unusual Conditions,30.0, ,Daylight,Y, , , , , , , ,,SUV,No Injuries Reported,Yes,Backing,No,No,Y, , , , , , , , , , ,Stopped,No,No,Yes,0.0, , , , , , , , , ,Y, , , ,Y, , ,Y,Y, , ,Yes,Miami Beach PD, ,Yes,[MAY CONTAIN PERSONALLY IDENTIFIABLE INFORMATION], ,,Y,,Y,"[REDACTED, MAY CONTAIN CONFIDENTIAL BUSINESS INFORMATION]",Y,"[REDACTED, MAY CONTAIN CONFIDENTIAL BUSINESS INFORMATION]",Y,ADS
30690-1286,1,Robotic Research,Monthly,9.0,2021.0,SEP-2021,,Y,,Local Motors,Olli, ,2019.0, , ,1821.0, ,In-Vehicle (Commercial / Test),"[REDACTED, MAY CONTAIN CONFIDENTIAL BUSINESS INFORMATION]", ,Y,Yes,ADS,Beep, , , , ,Y, , , ,,AUG-2021, ,AUG-2021,20:00, , ,[MAY CONTAIN PERSONALLY IDENTIFIABLE INFORMATION], ,[MAY CONTAIN PERSONALLY IDENTIFIABLE INFORMATION], ,[MAY CONTAIN PERSONALLY IDENTIFIABLE INFORMATION], ,Yellowstone National Park, ,WY ,[MAY CONTAIN PERSONALLY IDENTIFIABLE INFORMATION], ,Parking Lot,Dry,No Unusual Conditions,15.0, ,Daylight,Y, , , , , , , ,,Passenger Car,No Injuries Reported,Yes,Backing,No,No, , , , , , ,Y, , ,Y, ,Proceeding Straight,No,No,No Passengers in Vehicle,8.0, , , , , , , , , ,Y,Y, ,Y, , , ,Y, , , ,Yes,U.S. National Park Service, ,Yes,,Y,,Y,,Y,Yes, ,"A Local Motors electric Olli shuttle (V1.0) (VIN Number [XXX]), equipped with the Robotic
Research autonomy kit (enabling autonomous steering, acceleration,
deceleration, and braking (AutoDrive)), was proceeding forward in autonomous
mode through a parking lot in Yellowstone National Park. A parked passenger
vehicle began reversing into the path of the Olli without signaling or yielding the right of way to
oncoming shuttle. The autonomy system detected the encroaching vehicle and commanded a braking
event, which began deceleration of the Olli. Though the Olli was nearly stopped
by the time the of the accident, a collision still occurred, causing damage
to the right rear of the passenger vehicle. The safety operator inside the
Olli also pulled the handbrake when they became aware of the oncoming
collision, but this was not performed in time to avoid the collision. For
reference this incident is under review with the Box-7 Team at NHTSA.", ,ADS
1306-1247,1,Toyota Motor Engineering & Manufacturing,Monthly,8.0,2021.0,SEP-2021,2T2JGMDA3LC, ,,Lexus,RX450H, ,2020.0, ,0eecc7fa6ddc4ad,4586.0, ,In-Vehicle (Commercial / Test),4, , ,Yes,ADS,May Mobility, , , , , , , ,Y,Communication from May Mobility,AUG-2021, ,SEP-2021,11:16, ,558988ec035939d,[MAY CONTAIN PERSONALLY IDENTIFIABLE INFORMATION], ,[MAY CONTAIN PERSONALLY IDENTIFIABLE INFORMATION], ,[MAY CONTAIN PERSONALLY IDENTIFIABLE INFORMATION], ,Indianapolis, ,IN ,[MAY CONTAIN PERSONALLY IDENTIFIABLE INFORMATION], ,Street,Dry,No Unusual Conditions,25.0, ,Daylight,Y, , , , , , , ,,"Other, see Narrative",No Injuries Reported,Yes,"Other, see Narrative",Not Applicable,Not Applicable, , , , , , , , , , ,Y,Making Right Turn,No,No,Yes,6.0, , , , , , , , , ,Y, , , , , , ,Y, , , ,No,, ,No,, ,, ,, ,Yes, ,"The subject vehicle of this report was procured by and up-fitted to ADS L4 by May Mobility with a May Mobility automated driving kit.
The content of this report, including the summary of incident below, is the information as Toyota received it from May Mobility on Sept. [XXX],
2021.
Vehicle made a right turn and struck the curb, causing a blown tire.
Vehicle elected a controller path mid corner, which caused the curb strike. We have assessed the localities where this could occur and
are taking those turns in manual operation. We are currently testing a fix that will make our controller more aware of the curb to prevent
future occurrences.", ,ADS
30531-1200,2,Transdev Alternative Services,10-Day Update,,,SEP-2021,2C4RC1K78HR, ,,Chrysler,Pacifica, ,2017.0, ,885ecf217c72a7b,120658.0, ,In-Vehicle (Commercial / Test),,Y, ,Yes,ADS,"Waymo, LLC.", , ,Y, ,Y, , , ,,SEP-2021, ,SEP-2021,13:54, ,857232881f1c3c0,,Y,,Y,[MAY CONTAIN PERSONALLY IDENTIFIABLE INFORMATION], ,Tempe, ,AZ ,,Y,Street,Dry,No Unusual Conditions,45.0, ,Daylight,Y, , , , , , , ,,Pickup Truck,No Injuries Reported,Yes,Making Left Turn,Unknown,Unknown, ,Y, , , , , , , , , ,Stopped,No,Yes,Yes,0.0, ,Y, , , , , , , , , , , , ,Y, ,Y, , , ,No,, ,Yes,, ,, ,, ,Yes, ,"On September [XXX], 2021 at 1:54 PM PDT, a Wyamo autonomous vehicles (""Waymo AV"") operating in Tempe, AZ was in a collision involving a pickup truck on [XXX] Dr. at [XXX]. While in autonomous mode, the Waymo AV began to enter the right lane of a protected double left turn (lane 2) from northbound S. [XXX] to westbound [XXX]. A pickup truck heading southbound on [XXX] had completely crossed the solid double yellow lines of the northbound double left turn lanes and positioned itself in the left lane of the double turn lane (lane 1) facing the wrong direction against traffic and was preparing to make a left turn across lane 2 and the other northbound lanes into the a shopping center parking lot on the east side of [XXX]. 
The Waymo AV was traveling in the left lane when the pickup truck began to initiate its left turn from lane 1. The Waymo AV braked and the trained human driver in the Waymo AV (in the drivers seating position) transitioned the vehicle from autonomous mode to manual mode. As the pickup truck made the left turn, the drivers side panels of the pickup truck made contact with the drivers side corner of the Waymo AV, causing moderate damage to the Waymo AV. Damage to the pickup truck is currently unknown. At the time of contact the Waymo AV was in manual mode. 
Transdev Alternative Services is reporting this crash under Request No. 1 of Standing General Order 2021-01 because the Waymo AV was towed away from the scene. Transdev may supplement or update it's reporting with additional information as it may become available. Note: This report is a duplicate to Waymo LLC report (WaymoLLC-202109[XXX]-0 (rev.202109[XXX]174039).
No 10-day update to narrative.", ,ADS
30270-1236,1,Waymo LLC,1-Day,,,SEP-2021,2C4RC1K78HR, ,,Chrysler,Pacifica, ,2017.0, ,885ecf217c72a7b,120958.0, ,In-Vehicle (Commercial / Test),4th Generation ADS, , ,Yes,ADS,Waymo LLC, , ,Y, , , , , ,,SEP-2021, ,SEP-2021,13:54, ,857232881f1c3c0,[MAY CONTAIN PERSONALLY IDENTIFIABLE INFORMATION], ,[MAY CONTAIN PERSONALLY IDENTIFIABLE INFORMATION], ,[MAY CONTAIN PERSONALLY IDENTIFIABLE INFORMATION], ,Tempe, ,AZ ,[MAY CONTAIN PERSONALLY IDENTIFIABLE INFORMATION], ,Street,Dry,No Unusual Conditions,45.0, ,Daylight,Y, , , , , , , ,,Pickup Truck,No Injuries Reported,Yes,Making Left Turn,Unknown,Unknown, ,Y, , , , , , , , , ,Stopped,No,Yes,Yes,0.0, ,Y, , , , , , , , , , , , ,Y, ,Y,Y, , ,No,, ,Yes,, ,, ,, ,Yes, ,"Other than the addition of the zip code in which the incident occurred, the content of this report is unchanged from the initial report submitted on September [XXX], 2021 [Report ID # 30270-1192-1]. 
On September [XXX], 2021 at 1:54 PM PDT, a Waymo Autonomous Vehicle ('Waymo AV') operating in Tempe, AZ was in a collision involving a pickup truck on [XXX] near [XXX]. While in autonomous mode, the Waymo AV began to enter the right lane of a protected double left turn lane (""Lane 2"") from northbound [XXX] to westbound [XXX]. A pickup truck heading southbound on [XXX] had completely crossed the double-yellow lines of the northbound double left turn lanes and positioned itself in the left lane of the double turn lane (""Lane 1"") facing the wrong direction against traffic and was preparing to make a left turn across Lane 2 and the other two northbound lanes into a shopping center parking lot on the east side of [XXX]. 
The Waymo AV was traveling in Lane 2 when the pickup truck began to initiate its left turn from Lane 1. The Waymo AV braked, and the trained human driver in the Waymo AV (in the driver's seating position), transitioned the vehicle from autonomous to manual mode. As the pickup truck made the left turn, the driver's side panels of the pickup truck made contact with the driver's side rear corner of the Waymo AV causing moderate damage to the Waymo AV. Damage to the pickup is currently unknown. At the time of contact, the Waymo AV was in manual mode.
Waymo is reporting this crash under Request No. 1 of Standing General Order 2021-01 because the Waymo AV was towed from the scene. Waymo may supplement or correct its reporting with additional information as it may become available. This report was submitted from the Pacific time zone on the required date, which in this case was the next business day after a weekend.", ,ADS
502-1163,3,Ford Motor Company,10-Day Update,,,SEP-2021,3FA6P0MU8KR, ,,Ford,Fusion, ,2019.0, ,ac9a026c8544e16,10389.0, ,In-Vehicle (Commercial / Test),"[REDACTED, MAY CONTAIN CONFIDENTIAL BUSINESS INFORMATION]", ,Y,Yes,ADS,Argo AI, , , , ,Y,Y, , ,,SEP-2021, ,SEP-2021,13:18, ,ac03faca000d50b,[MAY CONTAIN PERSONALLY IDENTIFIABLE INFORMATION], ,[MAY CONTAIN PERSONALLY IDENTIFIABLE INFORMATION], ,[MAY CONTAIN PERSONALLY IDENTIFIABLE INFORMATION], ,Miami Beach, ,FL ,[MAY CONTAIN PERSONALLY IDENTIFIABLE INFORMATION], ,Street,Dry,"Other, see Narrative",30.0, ,Daylight,Y, , , , , , , ,,Passenger Car,No Injuries Reported,Yes,Making Right Turn,No,No, , , , , , , ,Y, , , ,Proceeding Straight,No,Yes,Yes,8.0, , , ,Y, , , , , , , , , , , , ,Y,Y, , ,Yes,Miami Beach PD, ,Yes,[MAY CONTAIN PERSONALLY IDENTIFIABLE INFORMATION], ,,Y,,Y,"[REDACTED, MAY CONTAIN CONFIDENTIAL BUSINESS INFORMATION]",Y,"[REDACTED, MAY CONTAIN CONFIDENTIAL BUSINESS INFORMATION]",Y,ADS
30290-1161,2,Argo AI,10-Day Update,,,SEP-2021,3FA6P0MU8KR, ,,Ford,Fusion, ,2019.0, ,ac9a026c8544e16,10389.0, ,In-Vehicle (Commercial / Test),"[REDACTED, MAY CONTAIN CONFIDENTIAL BUSINESS INFORMATION]", ,Y,Yes,ADS,Argo AI, , , , ,Y,Y, , ,,SEP-2021, ,SEP-2021,13:18, ,ac03faca000d50b,[MAY CONTAIN PERSONALLY IDENTIFIABLE INFORMATION], ,[MAY CONTAIN PERSONALLY IDENTIFIABLE INFORMATION], ,[MAY CONTAIN PERSONALLY IDENTIFIABLE INFORMATION], ,Miami Beach, ,FL ,[MAY CONTAIN PERSONALLY IDENTIFIABLE INFORMATION], ,Street,Dry,"Other, see Narrative",30.0, ,Daylight,Y, , , , , , , ,,Passenger Car,No Injuries Reported,Yes,Making Right Turn,No,No, , , , , , , ,Y, , , ,Proceeding Straight,No,Yes,Yes,8.0, , , ,Y, , , , , , , , , , , , ,Y,Y, , ,Yes,Miami Beach PD, ,Yes,[MAY CONTAIN PERSONALLY IDENTIFIABLE INFORMATION], ,,Y,,Y,"[REDACTED, MAY CONTAIN CONFIDENTIAL BUSINESS INFORMATION]",Y,"[REDACTED, MAY CONTAIN CONFIDENTIAL BUSINESS INFORMATION]",Y,ADS
30413-1207,1,May Mobility,Monthly,8.0,2021.0,SEP-2021,2T2JGMDA0LC, ,,Lexus,RX450H, ,2020.0, ,cb6e38b363be262,9211.0, ,In-Vehicle (Commercial / Test),4, , ,Yes,ADS,May Mobility, , , , , ,Y, , ,,AUG-2021, ,AUG-2021,11:30, ,b70d99b06a1d334,[MAY CONTAIN PERSONALLY IDENTIFIABLE INFORMATION], ,[MAY CONTAIN PERSONALLY IDENTIFIABLE INFORMATION], ,[MAY CONTAIN PERSONALLY IDENTIFIABLE INFORMATION], ,Ann Arbor, ,MI ,[MAY CONTAIN PERSONALLY IDENTIFIABLE INFORMATION], ,Street,Dry,No Unusual Conditions,25.0, ,Daylight,Y, , , , , , , ,,"Other, see Narrative",No Injuries Reported,Yes,"Other, see Narrative",Not Applicable,Not Applicable, , , , , , , , , , ,Y,Proceeding Straight,No,No,Yes,22.0, , , , , , , ,Y, ,Y, , , , , , ,Y, , , ,No,, ,No,, ,, ,, ,Yes, ,"Vehicle was moving forward and veered slightly to the left, making contact with the curb, resulting in a blown tire.
Curb strike occurred during testing. There was human error involved in defining the desired vehicle pose in the lane, which led to a curb strike. We have since resolved this by fixing the desired pose.", ,ADS
30413-1206,1,May Mobility,Monthly,8.0,2021.0,SEP-2021,2T2JGMDA3LC, ,,Lexus,RX450H, ,2020.0, ,0eecc7fa6ddc4ad,4586.0, ,In-Vehicle (Commercial / Test),4, , ,Yes,ADS,May Mobility, , , , ,Y, , , ,,AUG-2021, ,AUG-2021,11:16, ,558988ec035939d,[MAY CONTAIN PERSONALLY IDENTIFIABLE INFORMATION], ,[MAY CONTAIN PERSONALLY IDENTIFIABLE INFORMATION], ,[MAY CONTAIN PERSONALLY IDENTIFIABLE INFORMATION], ,Indianapolis, ,IN ,[MAY CONTAIN PERSONALLY IDENTIFIABLE INFORMATION], ,Street,Dry,No Unusual Conditions,25.0, ,Daylight,Y, , , , , , , ,,"Other, see Narrative",No Injuries Reported,Yes,"Other, see Narrative",Not Applicable,Not Applicable, , , , , , , , , , ,Y,Making Right Turn,No,No,Yes,6.0, , , , , , , , , ,Y, , , , , , ,Y, , , ,No,, ,No,, ,, ,, ,Yes, ,"Vehicle made a right turn and struck the curb, causing a blown tire.
Vehicle elected a controller path mid corner, which caused the curb strike. We have assessed the localities where this could occur and are taking those turns in manual operation. We are currently testing a fix that will make our controller more aware of the curb to prevent future occurrences.", ,ADS
30531-1200,1,Transdev Alternative Services,1-Day,,,SEP-2021,2C4RC1K78HR, ,,Chrysler,Pacifica, ,2017.0, ,885ecf217c72a7b,120658.0, ,In-Vehicle (Commercial / Test),,Y, ,Yes,ADS,"Waymo, LLC.", , ,Y, ,Y, , , ,,SEP-2021, ,SEP-2021,13:54, ,857232881f1c3c0,,Y,,Y,[MAY CONTAIN PERSONALLY IDENTIFIABLE INFORMATION], ,Tempe, ,AZ ,,Y,Street,Dry,No Unusual Conditions,45.0, ,Daylight,Y, , , , , , , ,,Pickup Truck,No Injuries Reported,Yes,Making Left Turn,Unknown,Unknown, ,Y, , , , , , , , , ,Stopped,No,Yes,Yes,0.0, ,Y, , , , , , , , , , , , ,Y, ,Y, , , ,No,, ,Yes,, ,, ,, ,Yes, ,"On September [XXX], 2021 at 1:54 PM PDT, a Wyamo autonomous vehicles (""Waymo AV"") operating in Tempe, AZ was in a collision involving a pickup truck on [XXX] Dr. at [XXX]. While in autonomous mode, the Waymo AV began to enter the right lane of a protected double left turn (lane 2) from northbound S. [XXX] to westbound [XXX]. A pickup truck heading southbound on [XXX] had completely crossed the solid double yellow lines of the northbound double left turn lanes and positioned itself in the left lane of the double turn lane (""lane 1"") facing the wrong direction against traffic and was preparing to make a left turn across lane 2 and the other northbound lanes into the a shopping center parking lot on the east side of [XXX]ive. 
The Waymo AV was traveling in the left lane when the pickup truck began to initiate its left turn from lane 1. The Waymo AV braked and the trained human driver in the Waymo AV (in the drivers seating position) transitioned the vehicle from autonomous mode to manual mode. As the pickup truck made the left turn, the drivers side panels of the pickup truck made contact with the drivers side corner of the Waymo AV, causing moderate damage to the Waymo AV. Damage to the pickup truck is currently unknown. At the time of contact the Waymo AV was in manual mode. 
Transdev Alternative Services is reporting this crash under Request No. 1 of Standing General Order 2021-01 because the Waymo AV was towed away from the scene. Transdev may supplement or update it's reporting with additional information as it may become available. Note: This report is a duplicate to Waymo LLC report (WaymoLLC-202109[XXX]-0 (rev.202109[XXX]4039).", ,ADS
30270-1192,1,Waymo LLC,1-Day,,,SEP-2021,2C4RC1K78HR, ,,Chrysler,Pacifica, ,2017.0, ,885ecf217c72a7b,120958.0, ,In-Vehicle (Commercial / Test),4th Generation ADS, , ,Yes,ADS,Waymo LLC, , ,Y, , , , , ,,SEP-2021, ,SEP-2021,13:54, ,857232881f1c3c0,[MAY CONTAIN PERSONALLY IDENTIFIABLE INFORMATION], ,[MAY CONTAIN PERSONALLY IDENTIFIABLE INFORMATION], ,[MAY CONTAIN PERSONALLY IDENTIFIABLE INFORMATION], ,Tempe, ,AZ ,,Y,Street,Dry,No Unusual Conditions,45.0, ,Daylight,Y, , , , , , , ,,Pickup Truck,No Injuries Reported,Yes,Making Left Turn,Unknown,Unknown, ,Y, , , , , , , , , ,Stopped,No,Yes,Yes,0.0, ,Y, , , , , , , , , , , , ,Y, ,Y,Y, , ,No,, ,Yes,, ,, ,, ,Yes, ,"On September [XXX], 2021 at 1:54 PM PDT, a Waymo Autonomous Vehicle ('Waymo AV') operating in Tempe, AZ was in a collision involving a pickup truck on [XXX] near [XXX]. While in autonomous mode, the Waymo AV began to enter the right lane of a protected double left turn lane ('Lane 2') from northbound [XXX] to westbound [XXX]. A pickup truck heading southbound on [XXX] had completely crossed the double-yellow lines of the northbound double left turn lanes and positioned itself in the left lane of the double turn lane ('Lane 1') facing the wrong direction against traffic and was preparing to make a left turn across Lane 2 and the other two northbound lanes into a shopping center parking lot on the east side of [XXX]. 
The Waymo AV was traveling in Lane 2 when the pickup truck began to initiate its left turn from Lane 1. The Waymo AV braked, and the trained human driver in the Waymo AV (in the driver's seating position), transitioned the vehicle from autonomous to manual mode. As the pickup truck made the left turn, the driver's side panels of the pickup truck made contact with the driver's side rear corner of the Waymo AV causing moderate damage to the Waymo AV. Damage to the pickup is currently unknown. At the time of contact, the Waymo AV was in manual mode.
Waymo is reporting this crash under Request No. 1 of Standing General Order 2021-01 because the Waymo AV was towed from the scene. Waymo may supplement or correct its reporting with additional information as it may become available. This report was submitted from the Pacific time zone on the required date.", ,ADS
502-1163,2,Ford Motor Company,Other Update,,,SEP-2021,3FA6P0MU8KR, ,,Ford,Fusion, ,2019.0, ,ac9a026c8544e16,10389.0, ,In-Vehicle (Commercial / Test),"[REDACTED, MAY CONTAIN CONFIDENTIAL BUSINESS INFORMATION]", ,Y,Yes,ADS,Argo AI, , , , ,Y,Y, , ,,SEP-2021, ,SEP-2021,13:18, ,ac03faca000d50b,[MAY CONTAIN PERSONALLY IDENTIFIABLE INFORMATION], ,[MAY CONTAIN PERSONALLY IDENTIFIABLE INFORMATION], ,[MAY CONTAIN PERSONALLY IDENTIFIABLE INFORMATION], ,Miami Beach, ,FL ,[MAY CONTAIN PERSONALLY IDENTIFIABLE INFORMATION], ,Street,Dry,"Other, see Narrative",30.0, ,Daylight,Y, , , , , , , ,,Passenger Car,No Injuries Reported,Yes,Making Right Turn,No,No, , , , , , , ,Y, , , ,Proceeding Straight,No,Yes,Yes,8.0, , , ,Y, , , , , , , , , , , , ,Y,Y, , ,Yes,Miami Beach PD, ,Yes,[MAY CONTAIN PERSONALLY IDENTIFIABLE INFORMATION], ,,Y,,Y,"[REDACTED, MAY CONTAIN CONFIDENTIAL BUSINESS INFORMATION]",Y,"[REDACTED, MAY CONTAIN CONFIDENTIAL BUSINESS INFORMATION]
This report relates to the incident reported in 30290-1161-1",Y,ADS
502-1163,1,Ford Motor Company,1-Day,,,SEP-2021,3FA6P0MU8KR, ,,Ford,Fusion, ,2019.0, ,ac9a026c8544e16,10389.0, ,In-Vehicle (Commercial / Test),"[REDACTED, MAY CONTAIN CONFIDENTIAL BUSINESS INFORMATION]", ,Y,Yes,ADS,Argo AI, , , , ,Y,Y, , ,,SEP-2021, ,SEP-2021,13:18, ,ac03faca000d50b,[MAY CONTAIN PERSONALLY IDENTIFIABLE INFORMATION], ,[MAY CONTAIN PERSONALLY IDENTIFIABLE INFORMATION], ,[MAY CONTAIN PERSONALLY IDENTIFIABLE INFORMATION], ,Miami Beach, ,FL ,[MAY CONTAIN PERSONALLY IDENTIFIABLE INFORMATION], ,Street,Dry,"Other, see Narrative",30.0, ,Daylight,Y, , , , , , , ,,Passenger Car,No Injuries Reported,Yes,Making Right Turn,No,No, , , , , , , ,Y, , , ,Proceeding Straight,No,Yes,Yes,8.0, , , ,Y, , , , , , , , , , , , ,Y,Y, , ,Yes,Miami Beach PD, ,Yes,[MAY CONTAIN PERSONALLY IDENTIFIABLE INFORMATION], ,,Y,,Y,"[REDACTED, MAY CONTAIN CONFIDENTIAL BUSINESS INFORMATION]",Y,"[REDACTED, MAY CONTAIN CONFIDENTIAL BUSINESS INFORMATION]",Y,ADS