Report ID,Report Version,Reporting Entity,Report Type,Report Month,Report Year,Report Submission Date,VIN,VIN - Unknown,Serial Number,Make,Model,Model - Unknown,Model Year,Model Year - Unknown,Same Vehicle ID,Mileage,Mileage - Unknown,Driver / Operator Type,ADAS/ADS Version,ADAS/ADS Version - Unknown,ADAS/ADS Version CBI,ADS Equipped?,Automation System Engaged?,Operating Entity,Operating Entity - Unknown,Source - Complaint/Claim,Source - Telematics,Source - Law Enforcement,Source - Field Report,Source - Testing,Source - Media,Source - Other,Source - Other Text,Incident Date,Incident Date - Unknown,Notice Received Date,Incident Time (24:00),Incident Time - Unknown,Same Incident ID,Latitude,Latitude  - Unknown,Longitude,Longitude - Unknown,Address,Address - Unknown,City,City - Unknown,State,Zip Code,Zip Code - Unknown,Roadway Type,Roadway Surface,Roadway Description,Posted Speed Limit (MPH),Posted Speed Limit - Unknown,Lighting,Weather - Clear,Weather - Snow,Weather - Cloudy,Weather - Fog/Smoke,Weather - Rain,Weather - Severe Wind,Weather - Unknown,Weather - Other,Weather - Other Text,Crash With,Highest Injury Severity,Property Damage?,CP Pre-Crash Movement,CP Any Air Bags Deployed?,CP Was Vehicle Towed?,CP Contact Area - Rear Left,CP Contact Area - Left,CP Contact Area - Front Left,CP Contact Area - Rear,CP Contact Area - Top,CP Contact Area - Front,CP Contact Area - Rear Right,CP Contact Area - Right,CP Contact Area - Front Right,CP Contact Area - Bottom,CP Contact Area - Unknown,SV Pre-Crash Movement,SV Any Air Bags Deployed?,SV Was Vehicle Towed?,SV Were All Passengers Belted?,SV Precrash Speed (MPH),SV Pre-crash Speed - Unknown,SV Contact Area - Rear Left,SV Contact Area - Left,SV Contact Area - Front Left,SV Contact Area - Rear,SV Contact Area - Top,SV Contact Area - Front,SV Contact Area - Rear Right,SV Contact Area - Right,SV Contact Area - Front Right,SV Contact Area - Bottom,SV Contact Area - Unknown,Data Availability - EDR,Data Availability - Police Rpt,Data Availability - Telematics,Data Availability - Complaints,Data Availability - Video,Data Availability - Other,Data Availability - No Data,Data Availability - Unknown,Law Enforcement Investigating?,Investigating Agency,Investigating Agency - Unknown,Rep Ent Or Mfr Investigating?,Investigating Officer Name,Inv. Officer Name - Unknown,Investigating Officer Phone,Inv. Officer Phone - Unknown,Investigating Officer Email,Inv. Officer Email - Unknown,Within ODD?,Within ODD? - CBI,Narrative,Narrative - CBI?,system_type
30290-1161,1,Argo AI,1-Day,,,SEP-2021,3FA6P0MU8KR, ,,Ford,Fusion, ,2019.0, ,ac9a026c8544e16,10389.0, ,In-Vehicle (Commercial / Test),"[REDACTED, MAY CONTAIN CONFIDENTIAL BUSINESS INFORMATION]", ,Y,Yes,ADS,Argo AI, , , , ,Y,Y, , ,,SEP-2021, ,SEP-2021,13:18, ,ac03faca000d50b,[MAY CONTAIN PERSONALLY IDENTIFIABLE INFORMATION], ,[MAY CONTAIN PERSONALLY IDENTIFIABLE INFORMATION], ,[MAY CONTAIN PERSONALLY IDENTIFIABLE INFORMATION], ,Miami Beach, ,FL ,[MAY CONTAIN PERSONALLY IDENTIFIABLE INFORMATION], ,Street,Dry,"Other, see Narrative",30.0, ,Daylight,Y, , , , , , , ,,Passenger Car,No Injuries Reported,Yes,Making Right Turn,No,No, , , , , , , ,Y, , , ,Proceeding Straight,No,Yes,Yes,8.0, , , ,Y, , , , , , , , , , , , ,Y,Y, , ,Yes,Miami Beach PD, ,Yes,[MAY CONTAIN PERSONALLY IDENTIFIABLE INFORMATION], ,,Y,,Y,"[REDACTED, MAY CONTAIN CONFIDENTIAL BUSINESS INFORMATION]",Y,"[REDACTED, MAY CONTAIN CONFIDENTIAL BUSINESS INFORMATION]",Y,ADS
30413-1130,1,May Mobility,Monthly,7.0,2021.0,AUG-2021,2T2JGMDA3LC, ,,Lexus,RX450H, ,2020.0, ,0eecc7fa6ddc4ad,3854.0, ,In-Vehicle (Commercial / Test),4, , ,Yes,ADS,May Mobility, , , , ,Y, , , ,,JUL-2021, ,JUL-2021,16:15, ,d0d33333ba895d5,[MAY CONTAIN PERSONALLY IDENTIFIABLE INFORMATION], ,[MAY CONTAIN PERSONALLY IDENTIFIABLE INFORMATION], ,[MAY CONTAIN PERSONALLY IDENTIFIABLE INFORMATION], ,Indianapolis, ,IN ,[MAY CONTAIN PERSONALLY IDENTIFIABLE INFORMATION], ,Street,Dry,No Unusual Conditions,25.0, ,Daylight,Y, , , , , , , ,,SUV,No Injuries Reported,Yes,Proceeding Straight,No,No,Y,Y, , , , , , , , , ,Proceeding Straight,No,No,Yes,18.0, , , ,Y, , , , , ,Y, , , ,Y, , ,Y,Y, , ,No,, ,No,, ,, ,, ,Yes, ,"Summary of incidentLeading up to the event, the autonomy system functioned as expected, following the route through the intersection, slowing appropriately for other road users and the red light.  Vehicle autonomous behavior was performing as expected and did not require a takeover.Description of event:16:17:30 May vehicle, traveling East on [XXX], in full working order with no errors, autonomously navigates the [XXX] and [XXX] intersection.16:17:35 May vehicle autonomously begins to slow to match the speed of a vehicle several car lengths ahead merging into our lane from the right.16:17:37 By means of an accelerator pedal push the vehicle is moved into manual mode by the safety operator - from this point forward, the vehicle remains under control of the safety operator.16:17:43 Manual acceleration command via the pedal increases.16:17:44 Safety operator manually continues straight which, due to the slight change in angle of the road, brings the May vehicle into contact with the first vehicle to the right.16:17:44 Safety operator manually applies brake.16:17:45 With the manual brake command now at maximum the May vehicle makes contact with the second vehicle.Vehicle indicators for manual or autonomy mode:The visual indicator for autonomy was functioning properly and as expected in the time leading up to and during the event.The audio communication device in the vehicle was functioning properly and was used to call for assistance and to report the incident.The audio beep to indicate a state change was functioning properly.The safety operator had some audio indication that he had exited autonomy and entered manual operation, and he had full visual indication on his dashboard.                                                                ", ,ADS
30610-1091,1,"Zoox, Inc.",Monthly,8.0,2021.0,AUG-2021,5TDDCRFH7GS, ,,Toyota,Highlander, ,2016.0, ,68d677c40b0c371,47018.0, ,In-Vehicle (Commercial / Test),21.21.08.10, , ,Yes,ADS,Zoox, , , , , ,Y, , ,,AUG-2021, ,AUG-2021,22:18, ,f72001a87258c7e,[MAY CONTAIN PERSONALLY IDENTIFIABLE INFORMATION], ,[MAY CONTAIN PERSONALLY IDENTIFIABLE INFORMATION], ,[MAY CONTAIN PERSONALLY IDENTIFIABLE INFORMATION], ,Las Vegas, ,NV ,[MAY CONTAIN PERSONALLY IDENTIFIABLE INFORMATION], ,Street,Dry,No Unusual Conditions,25.0, ,Dark - Lighted,Y, , , , , , , ,,Passenger Car,No Injuries Reported,No,Making Right Turn,No,No,Y,Y, , , , , , , ,Y, ,Making Right Turn,No,No,Yes,5.0, , , , , , , , , ,Y,Y, ,Y, ,Y, ,Y, , , ,No,, ,No,, ,, ,, ,"No, see Narrative", ,"A Zoox vehicle was in autonomous mode within its ODD (SAE L3), then transitioned out of its ODD into manual mode 10 seconds before the contact in the right-turn lane while making a right from Koval onto Tropicana. As the Zoox driver inched out to see traffic,?the Zoox?vehicle made contact with the passenger vehicle ahead.", ,ADS
30610-1083,1,"Zoox, Inc.",Monthly,8.0,2021.0,AUG-2021,5TDDCRFH3GS, ,,Toyota,Highlander, ,2016.0, ,1db0801a222a5aa,58804.0, ,In-Vehicle (Commercial / Test),20.21.07.24, , ,Yes,ADS,Zoox, , , , , ,Y, , ,,JUL-2021, ,JUL-2021,23:34, ,9b9546584c36817,[MAY CONTAIN PERSONALLY IDENTIFIABLE INFORMATION], ,[MAY CONTAIN PERSONALLY IDENTIFIABLE INFORMATION], ,[MAY CONTAIN PERSONALLY IDENTIFIABLE INFORMATION], ,Las Vegas, ,NV ,[MAY CONTAIN PERSONALLY IDENTIFIABLE INFORMATION], ,Street,Dry,No Unusual Conditions,25.0, ,Dark - Lighted,Y, , , , , , , ,,Passenger Car,No Injuries Reported,Unknown,Changing Lanes,No,No, , , , , ,Y, , , , , ,Proceeding Straight,No,No,Yes,0.0, , , , ,Y, , , , , ,Y, ,Y, ,Y, ,Y, , , ,No,, ,No,, ,, ,, ,Yes, ,A Zoox vehicle in autonomy began to slow in traffic and was rear-ended when a?passenger vehicle from behind?changed lanes?and made contact with the Zoox vehicle., ,ADS
30610-1080,1,"Zoox, Inc.",Monthly,8.0,2021.0,AUG-2021,5TDDCRFH4GS, ,,Toyota,Highlander, ,2016.0, ,a473192087e29b3,77332.0, ,In-Vehicle (Commercial / Test),22.21.07.27, , ,Yes,ADS,Zoox, , , , , ,Y, , ,,JUL-2021, ,JUL-2021,08:44, ,3bcb829bf72a6f6,[MAY CONTAIN PERSONALLY IDENTIFIABLE INFORMATION], ,[MAY CONTAIN PERSONALLY IDENTIFIABLE INFORMATION], ,[MAY CONTAIN PERSONALLY IDENTIFIABLE INFORMATION], ,Las Vegas, ,NV ,[MAY CONTAIN PERSONALLY IDENTIFIABLE INFORMATION], ,Street,Dry,No Unusual Conditions,35.0, ,Daylight,Y, , , , , , , ,,Passenger Car,No Injuries Reported,No,Proceeding Straight,No,No, , , , , , ,Y, , ,Y, ,Making Right Turn,No,No,Yes,3.0, ,Y, , , , , , , , ,Y, ,Y, ,Y, ,Y, , , ,No,, ,No,, ,, ,, ,Yes, ,"While merging in a slip lane onto [XXX] from [XXX], the Zoox vehicle yielded for left cross traffic. Then the passenger vehicle collided with the Zoox rear bumper. Operators disengaged the autonomous mode after contact.                                                                                                                                                                                   ", ,ADS
30290-1072,1,Argo AI,Monthly,8.0,2021.0,AUG-2021,3FA6P0MU4KR, ,,Ford,Fusion, ,2019.0, ,e021a860c193fa3,11497.0, ,In-Vehicle (Commercial / Test),"[REDACTED, MAY CONTAIN CONFIDENTIAL BUSINESS INFORMATION]", ,Y,Yes,ADS,Argo AI, , , , ,Y,Y, , ,,JUL-2021, ,JUL-2021,09:50, ,f8f8385729a3819,[MAY CONTAIN PERSONALLY IDENTIFIABLE INFORMATION], ,[MAY CONTAIN PERSONALLY IDENTIFIABLE INFORMATION], ,[MAY CONTAIN PERSONALLY IDENTIFIABLE INFORMATION], ,Miami, ,FL ,[MAY CONTAIN PERSONALLY IDENTIFIABLE INFORMATION], ,Street,Dry,No Unusual Conditions,30.0, ,Daylight,Y, , , , , , , ,,Passenger Car,No Injuries Reported,Yes,Merging,No,No, , , , , , , , , , ,Y,Proceeding Straight,No,No,Yes,2.0, ,Y, , , , , , , , , , , , , , ,Y,Y, , ,Yes,Miami Police Department, ,Yes,[MAY CONTAIN PERSONALLY IDENTIFIABLE INFORMATION], ,,Y,,Y,"[REDACTED, MAY CONTAIN CONFIDENTIAL BUSINESS INFORMATION]",Y,"[REDACTED, MAY CONTAIN CONFIDENTIAL BUSINESS INFORMATION]",Y,ADS
30290-1071,1,Argo AI,Monthly,8.0,2021.0,AUG-2021,3FA6P0MU7KR, ,,Ford,Fusion, ,2019.0, ,85841ac8ed73351,16752.0, ,In-Vehicle (Commercial / Test),"[REDACTED, MAY CONTAIN CONFIDENTIAL BUSINESS INFORMATION]", ,Y,Yes,ADS,Argo AI, , , , ,Y,Y, , ,,JUL-2021, ,JUL-2021,16:33, ,149e02a12464f84,[MAY CONTAIN PERSONALLY IDENTIFIABLE INFORMATION], ,[MAY CONTAIN PERSONALLY IDENTIFIABLE INFORMATION], ,[MAY CONTAIN PERSONALLY IDENTIFIABLE INFORMATION], ,Austin, ,TX ,[MAY CONTAIN PERSONALLY IDENTIFIABLE INFORMATION], ,Intersection,Dry,No Unusual Conditions,30.0, ,Daylight,Y, , , , , , , ,,"Other, see Narrative",No Injuries Reported,Yes,Making Right Turn,No,No, , , , , , , , , , ,Y,Stopped,No,No,Yes,0.0, , , , , , , ,Y, , , , , , , , ,Y,Y, , ,No,, ,Yes,, ,, ,, ,"[REDACTED, MAY CONTAIN CONFIDENTIAL BUSINESS INFORMATION]",Y,"[REDACTED, MAY CONTAIN CONFIDENTIAL BUSINESS INFORMATION]",Y,ADS
1306-1065,1,Toyota Motor Engineering & Manufacturing,Monthly,7.0,2021.0,AUG-2021,2T2JGMDA3LC, ,,Lexus,RX450H, ,2020.0, ,0eecc7fa6ddc4ad,3854.0, ,In-Vehicle (Commercial / Test),4, , ,Yes,ADS,May Mobility, , , , , , , ,Y,Communication from May Mobility,JUL-2021, ,JUL-2021,16:15, ,d0d33333ba895d5,[MAY CONTAIN PERSONALLY IDENTIFIABLE INFORMATION], ,[MAY CONTAIN PERSONALLY IDENTIFIABLE INFORMATION], ,[MAY CONTAIN PERSONALLY IDENTIFIABLE INFORMATION], ,Indianapolis, ,IN ,[MAY CONTAIN PERSONALLY IDENTIFIABLE INFORMATION], ,Street,Dry,No Unusual Conditions,25.0, ,Daylight,Y, , , , , , , ,,SUV,No Injuries Reported,Yes,Proceeding Straight,No,No,Y,Y, , , , , , , , , ,Proceeding Straight,No,No,Yes,18.0, , , ,Y, , , , , ,Y, , , ,Y, , ,Y,Y, , ,No,, ,No,, ,, ,, ,Yes, ,"- The subject vehicle of this report was procured by and up-fitted to ADS L4 by May Mobility with a May Mobility automated driving kit.
- The content of this report, including the summary of incident below, is the information as Toyota received from May Mobility on Aug [XXX], 2021.
Summary of incident (as Toyota received from May Mobility):
Leading up to the event, the autonomy system functioned as expected, following the route through the intersection, slowing appropriately for other road users and the red light. Vehicle autonomous behavior was performing as expected and did not require a takeover.
Description of event:
16:17:30 May vehicle, traveling East on [XXX], in full working order with no errors, autonomously navigates the [XXX] and [XXX] intersection.
16:17:35 May vehicle autonomously begins to slow to match the speed of a vehicle several car lengths ahead merging into our lane from the right.
16:17:37 By means of an accelerator pedal push the vehicle is moved into manual mode by the safety operator - from this point forward, the vehicle remains under control of the safety operator.
16:17:43 Manual acceleration command via the pedal increases.
16:17:44 Safety operator manually continues straight which, due to the slight change in angle of the road, brings the May vehicle into contact with the first vehicle to the right.
16:17:44 Safety operator manually applies brake.
16:17:45 With the manual brake command now at maximum the May vehicle makes contact with the second vehicle.
Vehicle indicators for manual or autonomy mode:
The visual indicator for autonomy was functioning properly and as expected in the time leading up to and during the event.
The audio communication device in the vehicle was functioning properly and was used to call for assistance and to report the incident.
The audio beep to indicate a state change was functioning properly.
The safety operator had some audio indication that he had exited autonomy and entered manual operation, and he had full visual indication on his dashboard.", ,ADS
30290-15,2,Argo AI,10-Day Update,,,AUG-2021,3FA6P0MU3KR, ,,Ford,Fusion, ,2019.0, ,2ad07e63259f51d,10722.0, ,In-Vehicle (Commercial / Test),"[REDACTED, MAY CONTAIN CONFIDENTIAL BUSINESS INFORMATION]", ,Y,Yes,ADS,Argo AI, , , , ,Y,Y, , ,,JUL-2021, ,JUL-2021,09:26, ,f700288ccb3ad35,[MAY CONTAIN PERSONALLY IDENTIFIABLE INFORMATION], ,[MAY CONTAIN PERSONALLY IDENTIFIABLE INFORMATION], ,[MAY CONTAIN PERSONALLY IDENTIFIABLE INFORMATION], ,Washington DC, ,DC ,[MAY CONTAIN PERSONALLY IDENTIFIABLE INFORMATION], ,Street,Dry,No Unusual Conditions,25.0, ,Daylight,Y, , , , , , , ,,Pickup Truck,Minor,Yes,Proceeding Straight,No,No, , , , , ,Y, , , , , ,Stopped,No,Yes,Yes,0.0, , , , ,Y, , , , , , , , ,Y, , ,Y,Y, , ,Yes,Washington DC Metropolitan Police Department, ,Yes,[MAY CONTAIN PERSONALLY IDENTIFIABLE INFORMATION], ,[MAY CONTAIN PERSONALLY IDENTIFIABLE INFORMATION], ,[MAY CONTAIN PERSONALLY IDENTIFIABLE INFORMATION], ,"[REDACTED, MAY CONTAIN CONFIDENTIAL BUSINESS INFORMATION]",Y,"[REDACTED, MAY CONTAIN CONFIDENTIAL BUSINESS INFORMATION]",Y,ADS
502-18,1,Ford Motor Company,1-Day,,,JUL-2021,3FA6P0MU3KR, ,,Ford,Fusion, ,2019.0, ,2ad07e63259f51d,10722.0, ,In-Vehicle (Commercial / Test),"[REDACTED, MAY CONTAIN CONFIDENTIAL BUSINESS INFORMATION]", ,Y,Yes,ADS,Argo AI, , , , ,Y,Y, , ,,JUL-2021, ,JUL-2021,09:26, ,f700288ccb3ad35,[MAY CONTAIN PERSONALLY IDENTIFIABLE INFORMATION], ,[MAY CONTAIN PERSONALLY IDENTIFIABLE INFORMATION], ,[MAY CONTAIN PERSONALLY IDENTIFIABLE INFORMATION], ,Washington DC, ,DC ,[MAY CONTAIN PERSONALLY IDENTIFIABLE INFORMATION], ,Street,Dry,No Unusual Conditions,25.0, ,Daylight,Y, , , , , , , ,,Pickup Truck,Minor,Yes,Proceeding Straight,No,No, , , , , ,Y, , , , , ,Stopped,No,Yes,Yes,0.0, , , , ,Y, , , , , , , , ,Y, , ,Y,Y, , ,Yes,Washington DC Metropolitan Police Department, ,Yes,[MAY CONTAIN PERSONALLY IDENTIFIABLE INFORMATION], ,[MAY CONTAIN PERSONALLY IDENTIFIABLE INFORMATION], ,[MAY CONTAIN PERSONALLY IDENTIFIABLE INFORMATION], ,"[REDACTED, MAY CONTAIN CONFIDENTIAL BUSINESS INFORMATION]",Y,"[REDACTED, MAY CONTAIN CONFIDENTIAL BUSINESS INFORMATION]",Y,ADS
30290-15,1,Argo AI,1-Day,,,JUL-2021,3FA6P0MU3KR, ,,Ford,Fusion, ,2019.0, ,2ad07e63259f51d,10722.0, ,In-Vehicle (Commercial / Test),"[REDACTED, MAY CONTAIN CONFIDENTIAL BUSINESS INFORMATION]", ,Y,Yes,ADS,Argo AI, , , , ,Y,Y, , ,,JUL-2021, ,JUL-2021,09:26, ,f700288ccb3ad35,[MAY CONTAIN PERSONALLY IDENTIFIABLE INFORMATION], ,[MAY CONTAIN PERSONALLY IDENTIFIABLE INFORMATION], ,[MAY CONTAIN PERSONALLY IDENTIFIABLE INFORMATION], ,Washington DC, ,DC ,[MAY CONTAIN PERSONALLY IDENTIFIABLE INFORMATION], ,Street,Dry,No Unusual Conditions,25.0, ,Daylight,Y, , , , , , , ,,Pickup Truck,Minor,Yes,Proceeding Straight,No,No, , , , , ,Y, , , , , ,Stopped,No,Yes,Yes,0.0, , , , ,Y, , , , , , , , ,Y, , ,Y,Y, , ,Yes,Washington DC Metropolitan Police Department, ,Yes,[MAY CONTAIN PERSONALLY IDENTIFIABLE INFORMATION], ,[MAY CONTAIN PERSONALLY IDENTIFIABLE INFORMATION], ,[MAY CONTAIN PERSONALLY IDENTIFIABLE INFORMATION], ,"[REDACTED, MAY CONTAIN CONFIDENTIAL BUSINESS INFORMATION]",Y,"[REDACTED, MAY CONTAIN CONFIDENTIAL BUSINESS INFORMATION]",Y,ADS
30351-3885,1,comma.ai,Monthly - No Incidents,9.0,2022.0,SEP-2022,, ,,,, ,, , ,, ,,, , ,,,, , , , , , , , ,,, ,,, , ,, ,, ,, ,, ,,, ,,,,, ,, , , , , , , , ,,,,,,,, , , , , , , , , , , ,,,,,, , , , , , , , , , , , , , , , , , ,, ,,, ,,, ,, ,, ,, ,, ,Other
28349-3878,1,"Lucid USA, Inc.",Monthly - No Incidents,9.0,2022.0,SEP-2022,, ,,,, ,, , ,, ,,, , ,,,, , , , , , , , ,,, ,,, , ,, ,, ,, ,, ,,, ,,,,, ,, , , , , , , , ,,,,,,,, , , , , , , , , , , ,,,,,, , , , , , , , , , , , , , , , , , ,, ,,, ,,, ,, ,, ,, ,, ,Other
30530-3875,1,"Aurora Operations, Inc.",Monthly - No Incidents,9.0,2022.0,SEP-2022,, ,,,, ,, , ,, ,,, , ,,,, , , , , , , , ,,, ,,, , ,, ,, ,, ,, ,,, ,,,,, ,, , , , , , , , ,,,,,,,, , , , , , , , , , , ,,,,,, , , , , , , , , , , , , , , , , , ,, ,,, ,,, ,, ,, ,, ,, ,Other
30350-3874,1,AImotive Inc,Monthly - No Incidents,9.0,2022.0,SEP-2022,, ,,,, ,, , ,, ,,, , ,,,, , , , , , , , ,,, ,,, , ,, ,, ,, ,, ,,, ,,,,, ,, , , , , , , , ,,,,,,,, , , , , , , , , , , ,,,,,, , , , , , , , , , , , , , , , , , ,, ,,, ,,, ,, ,, ,, ,, ,Other
842-3872,1,Mazda North American Operations,Monthly - No Incidents,9.0,2022.0,SEP-2022,, ,,,, ,, , ,, ,,, , ,,,, , , , , , , , ,,, ,,, , ,, ,, ,, ,, ,,, ,,,,, ,, , , , , , , , ,,,,,,,, , , , , , , , , , , ,,,,,, , , , , , , , , , , , , , , , , , ,, ,,, ,,, ,, ,, ,, ,, ,Other
30370-3869,1,TuSimple,Monthly - No Incidents,8.0,2022.0,SEP-2022,, ,,,, ,, , ,, ,,, , ,,,, , , , , , , , ,,, ,,, , ,, ,, ,, ,, ,,, ,,,,, ,, , , , , , , , ,,,,,,,, , , , , , , , , , , ,,,,,, , , , , , , , , , , , , , , , , , ,, ,,, ,,, ,, ,, ,, ,, ,Other
30590-3865,1,Apple Inc.,Monthly - No Incidents,8.0,2022.0,SEP-2022,, ,,,, ,, , ,, ,,, , ,,,, , , , , , , , ,,, ,,, , ,, ,, ,, ,, ,,, ,,,,, ,, , , , , , , , ,,,,,,,, , , , , , , , , , , ,,,,,, , , , , , , , , , , , , , , , , , ,, ,,, ,,, ,, ,, ,, ,, ,Other
753-3863,1,"Kia America, Inc.",Monthly - No Incidents,9.0,2022.0,SEP-2022,, ,,,, ,, , ,, ,,, , ,,,, , , , , , , , ,,, ,,, , ,, ,, ,, ,, ,,, ,,,,, ,, , , , , , , , ,,,,,,,, , , , , , , , , , , ,,,,,, , , , , , , , , , , , , , , , , , ,, ,,, ,,, ,, ,, ,, ,, ,Other
30353-3862,1,Magna International Inc.,Monthly - No Incidents,8.0,2022.0,SEP-2022,, ,,,, ,, , ,, ,,, , ,,,, , , , , , , , ,,, ,,, , ,, ,, ,, ,, ,,, ,,,,, ,, , , , , , , , ,,,,,,,, , , , , , , , , , , ,,,,,, , , , , , , , , , , , , , , , , , ,, ,,, ,,, ,, ,, ,, ,, ,Other
273-3860,1,"Chrysler (FCA US, LLC)",Monthly - No Incidents,9.0,2022.0,SEP-2022,, ,,,, ,, , ,, ,,, , ,,,, , , , , , , , ,,, ,,, , ,, ,, ,, ,, ,,, ,,,,, ,, , , , , , , , ,,,,,,,, , , , , , , , , , , ,,,,,, , , , , , , , , , , , , , , , , , ,, ,,, ,,, ,, ,, ,, ,, ,Other
11196-3831,1,"Denso International America, Inc.",Monthly - No Incidents,8.0,2022.0,SEP-2022,, ,,,, ,, , ,, ,,, , ,,,, , , , , , , , ,,, ,,, , ,, ,, ,, ,, ,,, ,,,,, ,, , , , , , , , ,,,,,,,, , , , , , , , , , , ,,,,,, , , , , , , , , , , , , , , , , , ,, ,,, ,,, ,, ,, ,, ,, ,Other
30650-3859,1,"Qualcomm Technlogies, Inc",Monthly - No Incidents,9.0,2022.0,SEP-2022,, ,,,, ,, , ,, ,,, , ,,,, , , , , , , , ,,, ,,, , ,, ,, ,, ,, ,,, ,,,,, ,, , , , , , , , ,,,,,,,, , , , , , , , , , , ,,,,,, , , , , , , , , , , , , , , , , , ,, ,,, ,,, ,, ,, ,, ,, ,Other
855-3858,1,"Mercedes-Benz USA, LLC",Monthly - No Incidents,9.0,2022.0,SEP-2022,, ,,,, ,, , ,, ,,, , ,,,, , , , , , , , ,,, ,,, , ,, ,, ,, ,, ,,, ,,,,, ,, , , , , , , , ,,,,,,,, , , , , , , , , , , ,,,,,, , , , , , , , , , , , , , , , , , ,, ,,, ,,, ,, ,, ,, ,, ,Other
10003-3857,1,"Navistar, Inc.",Monthly - No Incidents,9.0,2022.0,SEP-2022,, ,,,, ,, , ,, ,,, , ,,,, , , , , , , , ,,, ,,, , ,, ,, ,, ,, ,,, ,,,,, ,, , , , , , , , ,,,,,,,, , , , , , , , , , , ,,,,,, , , , , , , , , , , , , , , , , , ,, ,,, ,,, ,, ,, ,, ,, ,Other
10003-3856,1,"Navistar, Inc.",Monthly - No Incidents,8.0,2022.0,SEP-2022,, ,,,, ,, , ,, ,,, , ,,,, , , , , , , , ,,, ,,, , ,, ,, ,, ,, ,,, ,,,,, ,, , , , , , , , ,,,,,,,, , , , , , , , , , , ,,,,,, , , , , , , , , , , , , , , , , , ,, ,,, ,,, ,, ,, ,, ,, ,Other
883-3855,1,"Mitsubishi Motors North America, Inc.",Monthly - No Incidents,9.0,2022.0,SEP-2022,, ,,,, ,, , ,, ,,, , ,,,, , , , , , , , ,,, ,,, , ,, ,, ,, ,, ,,, ,,,,, ,, , , , , , , , ,,,,,,,, , , , , , , , , , , ,,,,,, , , , , , , , , , , , , , , , , , ,, ,,, ,,, ,, ,, ,, ,, ,Other
10003-3854,1,"Navistar, Inc.",Monthly - No Incidents,7.0,2022.0,SEP-2022,, ,,,, ,, , ,, ,,, , ,,,, , , , , , , , ,,, ,,, , ,, ,, ,, ,, ,,, ,,,,, ,, , , , , , , , ,,,,,,,, , , , , , , , , , , ,,,,,, , , , , , , , , , , , , , , , , , ,, ,,, ,,, ,, ,, ,, ,, ,Other
30792-3853,1,WeRide Corp,Monthly - No Incidents,9.0,2022.0,SEP-2022,, ,,,, ,, , ,, ,,, , ,,,, , , , , , , , ,,, ,,, , ,, ,, ,, ,, ,,, ,,,,, ,, , , , , , , , ,,,,,,,, , , , , , , , , , , ,,,,,, , , , , , , , , , , , , , , , , , ,, ,,, ,,, ,, ,, ,, ,, ,Other
10039-3850,1,"BMW of North America, LLC",Monthly - No Incidents,9.0,2022.0,SEP-2022,, ,,,, ,, , ,, ,,, , ,,,, , , , , , , , ,,, ,,, , ,, ,, ,, ,, ,,, ,,,,, ,, , , , , , , , ,,,,,,,, , , , , , , , , , , ,,,,,, , , , , , , , , , , , , , , , , , ,, ,,, ,,, ,, ,, ,, ,, ,Other
1042-3849,1,"Porsche Cars North America, Inc.",Monthly - No Incidents,9.0,2022.0,SEP-2022,, ,,,, ,, , ,, ,,, , ,,,, , , , , , , , ,,, ,,, , ,, ,, ,, ,, ,,, ,,,,, ,, , , , , , , , ,,,,,,,, , , , , , , , , , , ,,,,,, , , , , , , , , , , , , , , , , , ,, ,,, ,,, ,, ,, ,, ,, ,Other
30533-3846,1,STEER Tech,Monthly - No Incidents,8.0,2022.0,SEP-2022,, ,,,, ,, , ,, ,,, , ,,,, , , , , , , , ,,, ,,, , ,, ,, ,, ,, ,,, ,,,,, ,, , , , , , , , ,,,,,,,, , , , , , , , , , , ,,,,,, , , , , , , , , , , , , , , , , , ,, ,,, ,,, ,, ,, ,, ,, ,Other
10767-3845,1,"Bentley Motors, Inc.",Monthly - No Incidents,8.0,2022.0,SEP-2022,, ,,,, ,, , ,, ,,, , ,,,, , , , , , , , ,,, ,,, , ,, ,, ,, ,, ,,, ,,,,, ,, , , , , , , , ,,,,,,,, , , , , , , , , , , ,,,,,, , , , , , , , , , , , , , , , , , ,, ,,, ,,, ,, ,, ,, ,, ,Other
14961-3840,1,"Jaguar Land Rover North America, LLC",Monthly - No Incidents,9.0,2022.0,SEP-2022,, ,,,, ,, , ,, ,,, , ,,,, , , , , , , , ,,, ,,, , ,, ,, ,, ,, ,,, ,,,,, ,, , , , , , , , ,,,,,,,, , , , , , , , , , , ,,,,,, , , , , , , , , , , , , , , , , , ,, ,,, ,,, ,, ,, ,, ,, ,Other
30291-3839,1,Nuro,Monthly - No Incidents,8.0,2022.0,SEP-2022,, ,,,, ,, , ,, ,,, , ,,,, , , , , , , , ,,, ,,, , ,, ,, ,, ,, ,,, ,,,,, ,, , , , , , , , ,,,,,,,, , , , , , , , , , , ,,,,,, , , , , , , , , , , , , , , , , , ,, ,,, ,,, ,, ,, ,, ,, ,Other
1420-3836,1,"Volkswagen Group of America, Inc.",Monthly - No Incidents,9.0,2022.0,SEP-2022,, ,,,, ,, , ,, ,,, , ,,,, , , , , , , , ,,, ,,, , ,, ,, ,, ,, ,,, ,,,,, ,, , , , , , , , ,,,,,,,, , , , , , , , , , , ,,,,,, , , , , , , , , , , , , , , , , , ,, ,,, ,,, ,, ,, ,, ,, ,Other