Report ID,Report Version,Reporting Entity,Report Type,Report Month,Report Year,Report Submission Date,VIN,VIN - Unknown,Serial Number,Make,Model,Model - Unknown,Model Year,Model Year - Unknown,Same Vehicle ID,Mileage,Mileage - Unknown,Driver / Operator Type,ADAS/ADS Version,ADAS/ADS Version - Unknown,ADAS/ADS Version CBI,ADS Equipped?,Automation System Engaged?,Operating Entity,Operating Entity - Unknown,Source - Complaint/Claim,Source - Telematics,Source - Law Enforcement,Source - Field Report,Source - Testing,Source - Media,Source - Other,Source - Other Text,Incident Date,Incident Date - Unknown,Notice Received Date,Incident Time (24:00),Incident Time - Unknown,Same Incident ID,Latitude,Latitude  - Unknown,Longitude,Longitude - Unknown,Address,Address - Unknown,City,City - Unknown,State,Zip Code,Zip Code - Unknown,Roadway Type,Roadway Surface,Roadway Description,Posted Speed Limit (MPH),Posted Speed Limit - Unknown,Lighting,Weather - Clear,Weather - Snow,Weather - Cloudy,Weather - Fog/Smoke,Weather - Rain,Weather - Severe Wind,Weather - Unknown,Weather - Other,Weather - Other Text,Crash With,Highest Injury Severity,Property Damage?,CP Pre-Crash Movement,CP Any Air Bags Deployed?,CP Was Vehicle Towed?,CP Contact Area - Rear Left,CP Contact Area - Left,CP Contact Area - Front Left,CP Contact Area - Rear,CP Contact Area - Top,CP Contact Area - Front,CP Contact Area - Rear Right,CP Contact Area - Right,CP Contact Area - Front Right,CP Contact Area - Bottom,CP Contact Area - Unknown,SV Pre-Crash Movement,SV Any Air Bags Deployed?,SV Was Vehicle Towed?,SV Were All Passengers Belted?,SV Precrash Speed (MPH),SV Pre-crash Speed - Unknown,SV Contact Area - Rear Left,SV Contact Area - Left,SV Contact Area - Front Left,SV Contact Area - Rear,SV Contact Area - Top,SV Contact Area - Front,SV Contact Area - Rear Right,SV Contact Area - Right,SV Contact Area - Front Right,SV Contact Area - Bottom,SV Contact Area - Unknown,Data Availability - EDR,Data Availability - Police Rpt,Data Availability - Telematics,Data Availability - Complaints,Data Availability - Video,Data Availability - Other,Data Availability - No Data,Data Availability - Unknown,Law Enforcement Investigating?,Investigating Agency,Investigating Agency - Unknown,Rep Ent Or Mfr Investigating?,Investigating Officer Name,Inv. Officer Name - Unknown,Investigating Officer Phone,Inv. Officer Phone - Unknown,Investigating Officer Email,Inv. Officer Email - Unknown,Within ODD?,Within ODD? - CBI,Narrative,Narrative - CBI?,system_type
19901-3014,1,Valeo,Monthly - No Incidents,4.0,2022.0,MAY-2022,, ,,,, ,, , ,, ,,, , ,,,, , , , , , , , ,,, ,,, , ,, ,, ,, ,, ,,, ,,,,, ,, , , , , , , , ,,,,,,,, , , , , , , , , , , ,,,,,, , , , , , , , , , , , , , , , , , ,, ,,, ,,, ,, ,, ,, ,, ,Other
30350-3012,1,AImotive Inc,Monthly - No Incidents,5.0,2022.0,MAY-2022,, ,,,, ,, , ,, ,,, , ,,,, , , , , , , , ,,, ,,, , ,, ,, ,, ,, ,,, ,,,,, ,, , , , , , , , ,,,,,,,, , , , , , , , , , , ,,,,,, , , , , , , , , , , , , , , , , , ,, ,,, ,,, ,, ,, ,, ,, ,Other
30351-3007,1,comma.ai,Monthly - No Incidents,5.0,2022.0,MAY-2022,, ,,,, ,, , ,, ,,, , ,,,, , , , , , , , ,,, ,,, , ,, ,, ,, ,, ,,, ,,,,, ,, , , , , , , , ,,,,,,,, , , , , , , , , , , ,,,,,, , , , , , , , , , , , , , , , , , ,, ,,, ,,, ,, ,, ,, ,, ,Other
30590-3005,1,Apple Inc.,Monthly - No Incidents,4.0,2022.0,MAY-2022,, ,,,, ,, , ,, ,,, , ,,,, , , , , , , , ,,, ,,, , ,, ,, ,, ,, ,,, ,,,,, ,, , , , , , , , ,,,,,,,, , , , , , , , , , , ,,,,,, , , , , , , , , , , , , , , , , , ,, ,,, ,,, ,, ,, ,, ,, ,Other
842-3004,1,Mazda North American Operations,Monthly - No Incidents,5.0,2022.0,MAY-2022,, ,,,, ,, , ,, ,,, , ,,,, , , , , , , , ,,, ,,, , ,, ,, ,, ,, ,,, ,,,,, ,, , , , , , , , ,,,,,,,, , , , , , , , , , , ,,,,,, , , , , , , , , , , , , , , , , , ,, ,,, ,,, ,, ,, ,, ,, ,Other
28349-3003,1,"Lucid Motors, Inc.",Monthly - No Incidents,5.0,2022.0,MAY-2022,, ,,,, ,, , ,, ,,, , ,,,, , , , , , , , ,,, ,,, , ,, ,, ,, ,, ,,, ,,,,, ,, , , , , , , , ,,,,,,,, , , , , , , , , , , ,,,,,, , , , , , , , , , , , , , , , , , ,, ,,, ,,, ,, ,, ,, ,, ,Other
30490-3002,1,"Beep, Inc.",Monthly - No Incidents,3.0,2022.0,MAY-2022,, ,,,, ,, , ,, ,,, , ,,,, , , , , , , , ,,, ,,, , ,, ,, ,, ,, ,,, ,,,,, ,, , , , , , , , ,,,,,,,, , , , , , , , , , , ,,,,,, , , , , , , , , , , , , , , , , , ,, ,,, ,,, ,, ,, ,, ,, ,Other
30490-3001,1,"Beep, Inc.",Monthly - No Incidents,2.0,2022.0,MAY-2022,, ,,,, ,, , ,, ,,, , ,,,, , , , , , , , ,,, ,,, , ,, ,, ,, ,, ,,, ,,,,, ,, , , , , , , , ,,,,,,,, , , , , , , , , , , ,,,,,, , , , , , , , , , , , , , , , , , ,, ,,, ,,, ,, ,, ,, ,, ,Other
30490-3000,1,"Beep, Inc.",Monthly - No Incidents,4.0,2022.0,MAY-2022,, ,,,, ,, , ,, ,,, , ,,,, , , , , , , , ,,, ,,, , ,, ,, ,, ,, ,,, ,,,,, ,, , , , , , , , ,,,,,,,, , , , , , , , , , , ,,,,,, , , , , , , , , , , , , , , , , , ,, ,,, ,,, ,, ,, ,, ,, ,Other
1712-2999,1,"Robert Bosch, LLC",Monthly - No Incidents,5.0,2022.0,MAY-2022,, ,,,, ,, , ,, ,,, , ,,,, , , , , , , , ,,, ,,, , ,, ,, ,, ,, ,,, ,,,,, ,, , , , , , , , ,,,,,,,, , , , , , , , , , , ,,,,,, , , , , , , , , , , , , , , , , , ,, ,,, ,,, ,, ,, ,, ,, ,Other
30533-2998,1,STEER Tech,Monthly - No Incidents,5.0,2022.0,MAY-2022,, ,,,, ,, , ,, ,,, , ,,,, , , , , , , , ,,, ,,, , ,, ,, ,, ,, ,,, ,,,,, ,, , , , , , , , ,,,,,,,, , , , , , , , , , , ,,,,,, , , , , , , , , , , , , , , , , , ,, ,,, ,,, ,, ,, ,, ,, ,Other
30650-2997,1,"Qualcomm Technlogies, Inc",Monthly - No Incidents,5.0,2022.0,MAY-2022,, ,,,, ,, , ,, ,,, , ,,,, , , , , , , , ,,, ,,, , ,, ,, ,, ,, ,,, ,,,,, ,, , , , , , , , ,,,,,,,, , , , , , , , , , , ,,,,,, , , , , , , , , , , , , , , , , , ,, ,,, ,,, ,, ,, ,, ,, ,Other
1422-2996,1,"Volvo Car USA, LLC",Monthly - No Incidents,5.0,2022.0,MAY-2022,, ,,,, ,, , ,, ,,, , ,,,, , , , , , , , ,,, ,,, , ,, ,, ,, ,, ,,, ,,,,, ,, , , , , , , , ,,,,,,,, , , , , , , , , , , ,,,,,, , , , , , , , , , , , , , , , , , ,, ,,, ,,, ,, ,, ,, ,, ,Other
30634-2995,1,PlusAI Inc,Monthly - No Incidents,5.0,2022.0,MAY-2022,, ,,,, ,, , ,, ,,, , ,,,, , , , , , , , ,,, ,,, , ,, ,, ,, ,, ,,, ,,,,, ,, , , , , , , , ,,,,,,,, , , , , , , , , , , ,,,,,, , , , , , , , , , , , , , , , , , ,, ,,, ,,, ,, ,, ,, ,, ,Other
753-2993,1,Kia Motors America,Monthly - No Incidents,5.0,2022.0,MAY-2022,, ,,,, ,, , ,, ,,, , ,,,, , , , , , , , ,,, ,,, , ,, ,, ,, ,, ,,, ,,,,, ,, , , , , , , , ,,,,,,,, , , , , , , , , , , ,,,,,, , , , , , , , , , , , , , , , , , ,, ,,, ,,, ,, ,, ,, ,, ,Other
883-2992,1,"Mitsubishi Motors North America, Inc.",Monthly - No Incidents,5.0,2022.0,MAY-2022,, ,,,, ,, , ,, ,,, , ,,,, , , , , , , , ,,, ,,, , ,, ,, ,, ,, ,,, ,,,,, ,, , , , , , , , ,,,,,,,, , , , , , , , , , , ,,,,,, , , , , , , , , , , , , , , , , , ,, ,,, ,,, ,, ,, ,, ,, ,Other
30451-2988,1,Gatik AI Inc.,Monthly - No Incidents,5.0,2022.0,MAY-2022,, ,,,, ,, , ,, ,,, , ,,,, , , , , , , , ,,, ,,, , ,, ,, ,, ,, ,,, ,,,,, ,, , , , , , , , ,,,,,,,, , , , , , , , , , , ,,,,,, , , , , , , , , , , , , , , , , , ,, ,,, ,,, ,, ,, ,, ,, ,Other
855-2987,1,"Mercedes-Benz USA, LLC",Monthly - No Incidents,5.0,2022.0,MAY-2022,, ,,,, ,, , ,, ,,, , ,,,, , , , , , , , ,,, ,,, , ,, ,, ,, ,, ,,, ,,,,, ,, , , , , , , , ,,,,,,,, , , , , , , , , , , ,,,,,, , , , , , , , , , , , , , , , , , ,, ,,, ,,, ,, ,, ,, ,, ,Other
30415-2986,1,NAVYA Inc.,Monthly - No Incidents,4.0,2022.0,MAY-2022,, ,,,, ,, , ,, ,,, , ,,,, , , , , , , , ,,, ,,, , ,, ,, ,, ,, ,,, ,,,,, ,, , , , , , , , ,,,,,,,, , , , , , , , , , , ,,,,,, , , , , , , , , , , , , , , , , , ,, ,,, ,,, ,, ,, ,, ,, ,Other
30415-2985,1,NAVYA Inc.,Monthly - No Incidents,5.0,2022.0,MAY-2022,, ,,,, ,, , ,, ,,, , ,,,, , , , , , , , ,,, ,,, , ,, ,, ,, ,, ,,, ,,,,, ,, , , , , , , , ,,,,,,,, , , , , , , , , , , ,,,,,, , , , , , , , , , , , , , , , , , ,, ,,, ,,, ,, ,, ,, ,, ,Other
5341-2984,1,WABCO USA LLC,Monthly - No Incidents,5.0,2022.0,MAY-2022,, ,,,, ,, , ,, ,,, , ,,,, , , , , , , , ,,, ,,, , ,, ,, ,, ,, ,,, ,,,,, ,, , , , , , , , ,,,,,,,, , , , , , , , , , , ,,,,,, , , , , , , , , , , , , , , , , , ,, ,,, ,,, ,, ,, ,, ,, ,Other
10516-2983,1,"ZF North America, Inc.",Monthly - No Incidents,5.0,2022.0,MAY-2022,, ,,,, ,, , ,, ,,, , ,,,, , , , , , , , ,,, ,,, , ,, ,, ,, ,, ,,, ,,,,, ,, , , , , , , , ,,,,,,,, , , , , , , , , , , ,,,,,, , , , , , , , , , , , , , , , , , ,, ,,, ,,, ,, ,, ,, ,, ,Other
11199-2982,1,"Continental Automotive Systems, Inc.",Monthly - No Incidents,5.0,2022.0,MAY-2022,, ,,,, ,, , ,, ,,, , ,,,, , , , , , , , ,,, ,,, , ,, ,, ,, ,, ,,, ,,,,, ,, , , , , , , , ,,,,,,,, , , , , , , , , , , ,,,,,, , , , , , , , , , , , , , , , , , ,, ,,, ,,, ,, ,, ,, ,, ,Other
10039-2981,1,"BMW of North America, LLC",Monthly - No Incidents,5.0,2022.0,MAY-2022,, ,,,, ,, , ,, ,,, , ,,,, , , , , , , , ,,, ,,, , ,, ,, ,, ,, ,,, ,,,,, ,, , , , , , , , ,,,,,,,, , , , , , , , , , , ,,,,,, , , , , , , , , , , , , , , , , , ,, ,,, ,,, ,, ,, ,, ,, ,Other
1550-2980,1,Lamborghini (Automobili Lamborghini),Monthly - No Incidents,4.0,2022.0,MAY-2022,, ,,,, ,, , ,, ,,, , ,,,, , , , , , , , ,,, ,,, , ,, ,, ,, ,, ,,, ,,,,, ,, , , , , , , , ,,,,,,,, , , , , , , , , , , ,,,,,, , , , , , , , , , , , , , , , , , ,, ,,, ,,, ,, ,, ,, ,, ,Other
1042-2979,1,"Porsche Cars North America, Inc.",Monthly - No Incidents,5.0,2022.0,MAY-2022,, ,,,, ,, , ,, ,,, , ,,,, , , , , , , , ,,, ,,, , ,, ,, ,, ,, ,,, ,,,,, ,, , , , , , , , ,,,,,,,, , , , , , , , , , , ,,,,,, , , , , , , , , , , , , , , , , , ,, ,,, ,,, ,, ,, ,, ,, ,Other
31092-2978,1,"Einride AB, Nordic Innovation House",Monthly - No Incidents,5.0,2022.0,MAY-2022,, ,,,, ,, , ,, ,,, , ,,,, , , , , , , , ,,, ,,, , ,, ,, ,, ,, ,,, ,,,,, ,, , , , , , , , ,,,,,,,, , , , , , , , , , , ,,,,,, , , , , , , , , , , , , , , , , , ,, ,,, ,,, ,, ,, ,, ,, ,Other
10767-2967,1,"Bentley Motors, Inc.",Monthly - No Incidents,4.0,2022.0,MAY-2022,, ,,,, ,, , ,, ,,, , ,,,, , , , , , , , ,,, ,,, , ,, ,, ,, ,, ,,, ,,,,, ,, , , , , , , , ,,,,,,,, , , , , , , , , , , ,,,,,, , , , , , , , , , , , , , , , , , ,, ,,, ,,, ,, ,, ,, ,, ,Other
30530-2966,1,"Aurora Operations, Inc.",Monthly - No Incidents,5.0,2022.0,MAY-2022,, ,,,, ,, , ,, ,,, , ,,,, , , , , , , , ,,, ,,, , ,, ,, ,, ,, ,,, ,,,,, ,, , , , , , , , ,,,,,,,, , , , , , , , , , , ,,,,,, , , , , , , , , , , , , , , , , , ,, ,,, ,,, ,, ,, ,, ,, ,Other
11196-2954,1,"Denso International America, Inc.",Monthly - No Incidents,5.0,2022.0,MAY-2022,, ,,,, ,, , ,, ,,, , ,,,, , , , , , , , ,,, ,,, , ,, ,, ,, ,, ,,, ,,,,, ,, , , , , , , , ,,,,,,,, , , , , , , , , , , ,,,,,, , , , , , , , , , , , , , , , , , ,, ,,, ,,, ,, ,, ,, ,, ,Other
837-2965,1,"Maserati North America, Inc.",Monthly - No Incidents,5.0,2022.0,MAY-2022,, ,,,, ,, , ,, ,,, , ,,,, , , , , , , , ,,, ,,, , ,, ,, ,, ,, ,,, ,,,,, ,, , , , , , , , ,,,,,,,, , , , , , , , , , , ,,,,,, , , , , , , , , , , , , , , , , , ,, ,,, ,,, ,, ,, ,, ,, ,Other
30792-2964,1,WeRide Corp,Monthly - No Incidents,5.0,2022.0,MAY-2022,, ,,,, ,, , ,, ,,, , ,,,, , , , , , , , ,,, ,,, , ,, ,, ,, ,, ,,, ,,,,, ,, , , , , , , , ,,,,,,,, , , , , , , , , , , ,,,,,, , , , , , , , , , , , , , , , , , ,, ,,, ,,, ,, ,, ,, ,, ,Other
1421-2963,1,Volvo Trucks North America,Monthly - No Incidents,5.0,2022.0,MAY-2022,, ,,,, ,, , ,, ,,, , ,,,, , , , , , , , ,,, ,,, , ,, ,, ,, ,, ,,, ,,,,, ,, , , , , , , , ,,,,,,,, , , , , , , , , , , ,,,,,, , , , , , , , , , , , , , , , , , ,, ,,, ,,, ,, ,, ,, ,, ,Other
30434-2962,1,"Udelv, Inc.",Monthly - No Incidents,4.0,2022.0,MAY-2022,, ,,,, ,, , ,, ,,, , ,,,, , , , , , , , ,,, ,,, , ,, ,, ,, ,, ,,, ,,,,, ,, , , , , , , , ,,,,,,,, , , , , , , , , , , ,,,,,, , , , , , , , , , , , , , , , , , ,, ,,, ,,, ,, ,, ,, ,, ,Other
1306-2959,1,Toyota Motor Engineering & Manufacturing,Monthly - No Incidents,5.0,2022.0,MAY-2022,, ,,,, ,, , ,, ,,, , ,,,, , , , , , , , ,,, ,,, , ,, ,, ,, ,, ,,, ,,,,, ,, , , , , , , , ,,,,,,,, , , , , , , , , , , ,,,,,, , , , , , , , , , , , , , , , , , ,, ,,, ,,, ,, ,, ,, ,, ,Other
30793-2958,1,"Woven Planet North America, Inc.",Monthly - No Incidents,4.0,2022.0,MAY-2022,, ,,,, ,, , ,, ,,, , ,,,, , , , , , , , ,,, ,,, , ,, ,, ,, ,, ,,, ,,,,, ,, , , , , , , , ,,,,,,,, , , , , , , , , , , ,,,,,, , , , , , , , , , , , , , , , , , ,, ,,, ,,, ,, ,, ,, ,, ,Other
30690-2957,1,Robotic Research,Monthly - No Incidents,5.0,2022.0,MAY-2022,, ,,,, ,, , ,, ,,, , ,,,, , , , , , , , ,,, ,,, , ,, ,, ,, ,, ,,, ,,,,, ,, , , , , , , , ,,,,,,,, , , , , , , , , , , ,,,,,, , , , , , , , , , , , , , , , , , ,, ,,, ,,, ,, ,, ,, ,, ,Other
62-2956,1,Honda (American Honda Motor Co.),Monthly - No Incidents,5.0,2022.0,MAY-2022,, ,,,, ,, , ,, ,,, , ,,,, , , , , , , , ,,, ,,, , ,, ,, ,, ,, ,,, ,,,,, ,, , , , , , , , ,,,,,,,, , , , , , , , , , , ,,,,,, , , , , , , , , , , , , , , , , , ,, ,,, ,,, ,, ,, ,, ,, ,Other
988-2953,1,PACCAR Incorporated,Monthly - No Incidents,4.0,2022.0,MAY-2022,, ,,,, ,, , ,, ,,, , ,,,, , , , , , , , ,,, ,,, , ,, ,, ,, ,, ,,, ,,,,, ,, , , , , , , , ,,,,,,,, , , , , , , , , , , ,,,,,, , , , , , , , , , , , , , , , , , ,, ,,, ,,, ,, ,, ,, ,, ,Other
30353-2952,1,Magna International Inc.,Monthly - No Incidents,4.0,2022.0,MAY-2022,, ,,,, ,, , ,, ,,, , ,,,, , , , , , , , ,,, ,,, , ,, ,, ,, ,, ,,, ,,,,, ,, , , , , , , , ,,,,,,,, , , , , , , , , , , ,,,,,, , , , , , , , , , , , , , , , , , ,, ,,, ,,, ,, ,, ,, ,, ,Other
273-2951,1,"Chrysler (FCA US, LLC)",Monthly - No Incidents,5.0,2022.0,MAY-2022,, ,,,, ,, , ,, ,,, , ,,,, , , , , , , , ,,, ,,, , ,, ,, ,, ,, ,,, ,,,,, ,, , , , , , , , ,,,,,,,, , , , , , , , , , , ,,,,,, , , , , , , , , , , , , , , , , , ,, ,,, ,,, ,, ,, ,, ,, ,Other
10561-2950,1,APTIV,Monthly - No Incidents,5.0,2022.0,MAY-2022,, ,,,, ,, , ,, ,,, , ,,,, , , , , , , , ,,, ,,, , ,, ,, ,, ,, ,,, ,,,,, ,, , , , , , , , ,,,,,,,, , , , , , , , , , , ,,,,,, , , , , , , , , , , , , , , , , , ,, ,,, ,,, ,, ,, ,, ,, ,Other
31096-2948,1,"MV Transportation, Inc",Monthly - No Incidents,5.0,2022.0,MAY-2022,, ,,,, ,, , ,, ,,, , ,,,, , , , , , , , ,,, ,,, , ,, ,, ,, ,, ,,, ,,,,, ,, , , , , , , , ,,,,,,,, , , , , , , , , , , ,,,,,, , , , , , , , , , , , , , , , , , ,, ,,, ,,, ,, ,, ,, ,, ,Other
540-2929,1,"General Motors, LLC",Monthly - No Incidents,4.0,2022.0,MAY-2022,, ,,,, ,, , ,, ,,, , ,,,, , , , , , , , ,,, ,,, , ,, ,, ,, ,, ,,, ,,,,, ,, , , , , , , , ,,,,,,,, , , , , , , , , , , ,,,,,, , , , , , , , , , , , , , , , , , ,, ,,, ,,, ,, ,, ,, ,, ,Other
29229-2947,1,"Lyft, Inc.",Monthly - No Incidents,4.0,2022.0,MAY-2022,, ,,,, ,, , ,, ,,, , ,,,, , , , , , , , ,,, ,,, , ,, ,, ,, ,, ,,, ,,,,, ,, , , , , , , , ,,,,,,,, , , , , , , , , , , ,,,,,, , , , , , , , , , , , , , , , , , ,, ,,, ,,, ,, ,, ,, ,, ,Other
1420-2946,1,"Volkswagen Group of America, Inc.",Monthly - No Incidents,5.0,2022.0,MAY-2022,, ,,,, ,, , ,, ,,, , ,,,, , , , , , , , ,,, ,,, , ,, ,, ,, ,, ,,, ,,,,, ,, , , , , , , , ,,,,,,,, , , , , , , , , , , ,,,,,, , , , , , , , , , , , , , , , , , ,, ,,, ,,, ,, ,, ,, ,, ,Other
30290-2945,1,Argo AI,Monthly - No Incidents,4.0,2022.0,MAY-2022,, ,,,, ,, , ,, ,,, , ,,,, , , , , , , , ,,, ,,, , ,, ,, ,, ,, ,,, ,,,,, ,, , , , , , , , ,,,,,,,, , , , , , , , , , , ,,,,,, , , , , , , , , , , , , , , , , , ,, ,,, ,,, ,, ,, ,, ,, ,Other
690-2944,1,"Isuzu Technical Center of America, Inc.",Monthly - No Incidents,4.0,2022.0,MAY-2022,, ,,,, ,, , ,, ,,, , ,,,, , , , , , , , ,,, ,,, , ,, ,, ,, ,, ,,, ,,,,, ,, , , , , , , , ,,,,,,,, , , , , , , , , , , ,,,,,, , , , , , , , , , , , , , , , , , ,, ,,, ,,, ,, ,, ,, ,, ,Other
14961-2943,1,"Jaguar Land Rover North America, LLC",Monthly - No Incidents,5.0,2022.0,MAY-2022,, ,,,, ,, , ,, ,,, , ,,,, , , , , , , , ,,, ,,, , ,, ,, ,, ,, ,,, ,,,,, ,, , , , , , , , ,,,,,,,, , , , , , , , , , , ,,,,,, , , , , , , , , , , , , , , , , , ,, ,,, ,,, ,, ,, ,, ,, ,Other
945-2942,1,"Nissan North America, Inc.",Monthly - No Incidents,4.0,2022.0,MAY-2022,, ,,,, ,, , ,, ,,, , ,,,, , , , , , , , ,,, ,,, , ,, ,, ,, ,, ,,, ,,,,, ,, , , , , , , , ,,,,,,,, , , , , , , , , , , ,,,,,, , , , , , , , , , , , , , , , , , ,, ,,, ,,, ,, ,, ,, ,, ,Other
30930-2939,1,MANDO Mobility Solutions,Monthly - No Incidents,5.0,2022.0,MAY-2022,, ,,,, ,, , ,, ,,, , ,,,, , , , , , , , ,,, ,,, , ,, ,, ,, ,, ,,, ,,,,, ,, , , , , , , , ,,,,,,,, , , , , , , , , , , ,,,,,, , , , , , , , , , , , , , , , , , ,, ,,, ,,, ,, ,, ,, ,, ,Other
30632-2938,1,Deeproute.ai Ltd. ,Monthly - No Incidents,4.0,2022.0,MAY-2022,, ,,,, ,, , ,, ,,, , ,,,, , , , , , , , ,,, ,,, , ,, ,, ,, ,, ,,, ,,,,, ,, , , , , , , , ,,,,,,,, , , , , , , , , , , ,,,,,, , , , , , , , , , , , , , , , , , ,, ,,, ,,, ,, ,, ,, ,, ,Other
30310-2937,1,First Transit,Monthly - No Incidents,4.0,2022.0,MAY-2022,, ,,,, ,, , ,, ,,, , ,,,, , , , , , , , ,,, ,,, , ,, ,, ,, ,, ,,, ,,,,, ,, , , , , , , , ,,,,,,,, , , , , , , , , , , ,,,,,, , , , , , , , , , , , , , , , , , ,, ,,, ,,, ,, ,, ,, ,, ,Other
30391-2936,1,Kodiak Robotics,Monthly - No Incidents,4.0,2022.0,MAY-2022,, ,,,, ,, , ,, ,,, , ,,,, , , , , , , , ,,, ,,, , ,, ,, ,, ,, ,,, ,,,,, ,, , , , , , , , ,,,,,,,, , , , , , , , , , , ,,,,,, , , , , , , , , , , , , , , , , , ,, ,,, ,,, ,, ,, ,, ,, ,Other
31030-2935,1,Dominion Energy,Monthly - No Incidents,4.0,2022.0,MAY-2022,, ,,,, ,, , ,, ,,, , ,,,, , , , , , , , ,,, ,,, , ,, ,, ,, ,, ,,, ,,,,, ,, , , , , , , , ,,,,,,,, , , , , , , , , , , ,,,,,, , , , , , , , , , , , , , , , , , ,, ,,, ,,, ,, ,, ,, ,, ,Other
31030-2934,1,Dominion Energy,Monthly - No Incidents,3.0,2022.0,MAY-2022,, ,,,, ,, , ,, ,,, , ,,,, , , , , , , , ,,, ,,, , ,, ,, ,, ,, ,,, ,,,,, ,, , , , , , , , ,,,,,,,, , , , , , , , , , , ,,,,,, , , , , , , , , , , , , , , , , , ,, ,,, ,,, ,, ,, ,, ,, ,Other
30330-2933,1,"TORC Robotics, Inc.",Monthly - No Incidents,5.0,2022.0,MAY-2022,, ,,,, ,, , ,, ,,, , ,,,, , , , , , , , ,,, ,,, , ,, ,, ,, ,, ,,, ,,,,, ,, , , , , , , , ,,,,,,,, , , , , , , , , , , ,,,,,, , , , , , , , , , , , , , , , , , ,, ,,, ,,, ,, ,, ,, ,, ,Other
30550-2931,1,Intel Corporation,Monthly - No Incidents,4.0,2022.0,MAY-2022,, ,,,, ,, , ,, ,,, , ,,,, , , , , , , , ,,, ,,, , ,, ,, ,, ,, ,,, ,,,,, ,, , , , , , , , ,,,,,,,, , , , , , , , , , , ,,,,,, , , , , , , , , , , , , , , , , , ,, ,,, ,,, ,, ,, ,, ,, ,Other
31099-2930,1,"Telenav, Inc.",Monthly - No Incidents,5.0,2022.0,MAY-2022,, ,,,, ,, , ,, ,,, , ,,,, , , , , , , , ,,, ,,, , ,, ,, ,, ,, ,,, ,,,,, ,, , , , , , , , ,,,,,,,, , , , , , , , , , , ,,,,,, , , , , , , , , , , , , , , , , , ,, ,,, ,,, ,, ,, ,, ,, ,Other
12381-2923,1,"Daimler Trucks North America, LLC",Monthly - No Incidents,4.0,2022.0,MAY-2022,, ,,,, ,, , ,, ,,, , ,,,, , , , , , , , ,,, ,,, , ,, ,, ,, ,, ,,, ,,,,, ,, , , , , , , , ,,,,,,,, , , , , , , , , , , ,,,,,, , , , , , , , , , , , , , , , , , ,, ,,, ,,, ,, ,, ,, ,, ,Other
30432-2922,1,Apex.AI Inc.,Monthly - No Incidents,5.0,2022.0,MAY-2022,, ,,,, ,, , ,, ,,, , ,,,, , , , , , , , ,,, ,,, , ,, ,, ,, ,, ,,, ,,,,, ,, , , , , , , , ,,,,,,,, , , , , , , , , , , ,,,,,, , , , , , , , , , , , , , , , , , ,, ,,, ,,, ,, ,, ,, ,, ,Other
30414-2921,1,Easymile Inc.,Monthly - No Incidents,4.0,2022.0,MAY-2022,, ,,,, ,, , ,, ,,, , ,,,, , , , , , , , ,,, ,,, , ,, ,, ,, ,, ,,, ,,,,, ,, , , , , , , , ,,,,,,,, , , , , , , , , , , ,,,,,, , , , , , , , , , , , , , , , , , ,, ,,, ,,, ,, ,, ,, ,, ,Other
30433-2920,1,DiDi Labs,Monthly - No Incidents,5.0,2022.0,MAY-2022,, ,,,, ,, , ,, ,,, , ,,,, , , , , , , , ,,, ,,, , ,, ,, ,, ,, ,,, ,,,,, ,, , , , , , , , ,,,,,,,, , , , , , , , , , , ,,,,,, , , , , , , , , , , , , , , , , , ,, ,,, ,,, ,, ,, ,, ,, ,Other
30450-2919,1,Ghost Locomotion Inc.,Monthly - No Incidents,5.0,2022.0,MAY-2022,, ,,,, ,, , ,, ,,, , ,,,, , , , , , , , ,,, ,,, , ,, ,, ,, ,, ,,, ,,,,, ,, , , , , , , , ,,,,,,,, , , , , , , , , , , ,,,,,, , , , , , , , , , , , , , , , , , ,, ,,, ,,, ,, ,, ,, ,, ,Other
30791-2918,1,AutoX Technologies Inc,Monthly - No Incidents,4.0,2022.0,MAY-2022,, ,,,, ,, , ,, ,,, , ,,,, , , , , , , , ,,, ,,, , ,, ,, ,, ,, ,,, ,,,,, ,, , , , , , , , ,,,,,,,, , , , , , , , , , , ,,,,,, , , , , , , , , , , , , , , , , , ,, ,,, ,,, ,, ,, ,, ,, ,Other
30630-2910,1,Ambarella,Monthly - No Incidents,4.0,2022.0,MAY-2022,, ,,,, ,, , ,, ,,, , ,,,, , , , , , , , ,,, ,,, , ,, ,, ,, ,, ,,, ,,,,, ,, , , , , , , , ,,,,,,,, , , , , , , , , , , ,,,,,, , , , , , , , , , , , , , , , , , ,, ,,, ,,, ,, ,, ,, ,, ,Other
30631-2909,1,"Locomation, Inc. ",Monthly - No Incidents,4.0,2022.0,MAY-2022,, ,,,, ,, , ,, ,,, , ,,,, , , , , , , , ,,, ,,, , ,, ,, ,, ,, ,,, ,,,,, ,, , , , , , , , ,,,,,,,, , , , , , , , , , , ,,,,,, , , , , , , , , , , , , , , , , , ,, ,,, ,,, ,, ,, ,, ,, ,Other
30810-2904,1,Verizon,Monthly - No Incidents,4.0,2022.0,MAY-2022,, ,,,, ,, , ,, ,,, , ,,,, , , , , , , , ,,, ,,, , ,, ,, ,, ,, ,,, ,,,,, ,, , , , , , , , ,,,,,,,, , , , , , , , , , , ,,,,,, , , , , , , , , , , , , , , , , , ,, ,,, ,,, ,, ,, ,, ,, ,Other
30410-2903,1,Motional,Monthly - No Incidents,4.0,2022.0,MAY-2022,, ,,,, ,, , ,, ,,, , ,,,, , , , , , , , ,,, ,,, , ,, ,, ,, ,, ,,, ,,,,, ,, , , , , , , , ,,,,,,,, , , , , , , , , , , ,,,,,, , , , , , , , , , , , , , , , , , ,, ,,, ,,, ,, ,, ,, ,, ,Other
31093-2901,1,Imagry Inc.,Monthly - No Incidents,4.0,2022.0,MAY-2022,, ,,,, ,, , ,, ,,, , ,,,, , , , , , , , ,,, ,,, , ,, ,, ,, ,, ,,, ,,,,, ,, , , , , , , , ,,,,,,,, , , , , , , , , , , ,,,,,, , , , , , , , , , , , , , , , , , ,, ,,, ,,, ,, ,, ,, ,, ,Other
30730-2892,1,"Perrone Robotics, Inc",Monthly - No Incidents,4.0,2022.0,MAY-2022,, ,,,, ,, , ,, ,,, , ,,,, , , , , , , , ,,, ,,, , ,, ,, ,, ,, ,,, ,,,,, ,, , , , , , , , ,,,,,,,, , , , , , , , , , , ,,,,,, , , , , , , , , , , , , , , , , , ,, ,,, ,,, ,, ,, ,, ,, ,Other
30730-2891,1,"Perrone Robotics, Inc",Monthly - No Incidents,3.0,2022.0,MAY-2022,, ,,,, ,, , ,, ,,, , ,,,, , , , , , , , ,,, ,,, , ,, ,, ,, ,, ,,, ,,,,, ,, , , , , , , , ,,,,,,,, , , , , , , , , , , ,,,,,, , , , , , , , , , , , , , , , , , ,, ,,, ,,, ,, ,, ,, ,, ,Other
30730-2890,1,"Perrone Robotics, Inc",Monthly - No Incidents,2.0,2022.0,MAY-2022,, ,,,, ,, , ,, ,,, , ,,,, , , , , , , , ,,, ,,, , ,, ,, ,, ,, ,,, ,,,,, ,, , , , , , , , ,,,,,,,, , , , , , , , , , , ,,,,,, , , , , , , , , , , , , , , , , , ,, ,,, ,,, ,, ,, ,, ,, ,Other
30730-2889,1,"Perrone Robotics, Inc",Monthly - No Incidents,1.0,2022.0,MAY-2022,, ,,,, ,, , ,, ,,, , ,,,, , , , , , , , ,,, ,,, , ,, ,, ,, ,, ,,, ,,,,, ,, , , , , , , , ,,,,,,,, , , , , , , , , , , ,,,,,, , , , , , , , , , , , , , , , , , ,, ,,, ,,, ,, ,, ,, ,, ,Other
30352-2871,1,Embark Trucks,Monthly - No Incidents,4.0,2022.0,MAY-2022,, ,,,, ,, , ,, ,,, , ,,,, , , , , , , , ,,, ,,, , ,, ,, ,, ,, ,,, ,,,,, ,, , , , , , , , ,,,,,,,, , , , , , , , , , , ,,,,,, , , , , , , , , , , , , , , , , , ,, ,,, ,,, ,, ,, ,, ,, ,Other
30891-2866,1,Inceptio Technonlogy Inc,Monthly - No Incidents,5.0,2022.0,MAY-2022,, ,,,, ,, , ,, ,,, , ,,,, , , , , , , , ,,, ,,, , ,, ,, ,, ,, ,,, ,,,,, ,, , , , , , , , ,,,,,,,, , , , , , , , , , , ,,,,,, , , , , , , , , , , , , , , , , , ,, ,,, ,,, ,, ,, ,, ,, ,Other