Report ID,Report Version,Reporting Entity,Report Type,Report Month,Report Year,Report Submission Date,VIN,VIN - Unknown,Serial Number,Make,Model,Model - Unknown,Model Year,Model Year - Unknown,Same Vehicle ID,Mileage,Mileage - Unknown,Driver / Operator Type,ADAS/ADS Version,ADAS/ADS Version - Unknown,ADAS/ADS Version CBI,ADS Equipped?,Automation System Engaged?,Operating Entity,Operating Entity - Unknown,Source - Complaint/Claim,Source - Telematics,Source - Law Enforcement,Source - Field Report,Source - Testing,Source - Media,Source - Other,Source - Other Text,Incident Date,Incident Date - Unknown,Notice Received Date,Incident Time (24:00),Incident Time - Unknown,Same Incident ID,Latitude,Latitude  - Unknown,Longitude,Longitude - Unknown,Address,Address - Unknown,City,City - Unknown,State,Zip Code,Zip Code - Unknown,Roadway Type,Roadway Surface,Roadway Description,Posted Speed Limit (MPH),Posted Speed Limit - Unknown,Lighting,Weather - Clear,Weather - Snow,Weather - Cloudy,Weather - Fog/Smoke,Weather - Rain,Weather - Severe Wind,Weather - Unknown,Weather - Other,Weather - Other Text,Crash With,Highest Injury Severity,Property Damage?,CP Pre-Crash Movement,CP Any Air Bags Deployed?,CP Was Vehicle Towed?,CP Contact Area - Rear Left,CP Contact Area - Left,CP Contact Area - Front Left,CP Contact Area - Rear,CP Contact Area - Top,CP Contact Area - Front,CP Contact Area - Rear Right,CP Contact Area - Right,CP Contact Area - Front Right,CP Contact Area - Bottom,CP Contact Area - Unknown,SV Pre-Crash Movement,SV Any Air Bags Deployed?,SV Was Vehicle Towed?,SV Were All Passengers Belted?,SV Precrash Speed (MPH),SV Pre-crash Speed - Unknown,SV Contact Area - Rear Left,SV Contact Area - Left,SV Contact Area - Front Left,SV Contact Area - Rear,SV Contact Area - Top,SV Contact Area - Front,SV Contact Area - Rear Right,SV Contact Area - Right,SV Contact Area - Front Right,SV Contact Area - Bottom,SV Contact Area - Unknown,Data Availability - EDR,Data Availability - Police Rpt,Data Availability - Telematics,Data Availability - Complaints,Data Availability - Video,Data Availability - Other,Data Availability - No Data,Data Availability - Unknown,Law Enforcement Investigating?,Investigating Agency,Investigating Agency - Unknown,Rep Ent Or Mfr Investigating?,Investigating Officer Name,Inv. Officer Name - Unknown,Investigating Officer Phone,Inv. Officer Phone - Unknown,Investigating Officer Email,Inv. Officer Email - Unknown,Within ODD?,Within ODD? - CBI,Narrative,Narrative - CBI?,system_type
30411-2861,1,Pronto AI,Monthly - No Incidents,4.0,2022.0,MAY-2022,, ,,,, ,, , ,, ,,, , ,,,, , , , , , , , ,,, ,,, , ,, ,, ,, ,, ,,, ,,,,, ,, , , , , , , , ,,,,,,,, , , , , , , , , , , ,,,,,, , , , , , , , , , , , , , , , , , ,, ,,, ,,, ,, ,, ,, ,, ,Other
2622-2860,1,"Bendix Commercial Vehicle Systems, LLC",Monthly - No Incidents,5.0,2022.0,MAY-2022,, ,,,, ,, , ,, ,,, , ,,,, , , , , , , , ,,, ,,, , ,, ,, ,, ,, ,,, ,,,,, ,, , , , , , , , ,,,,,,,, , , , , , , , , , , ,,,,,, , , , , , , , , , , , , , , , , , ,, ,,, ,,, ,, ,, ,, ,, ,Other
30570-2857,1,QCraft.ai,Monthly - No Incidents,5.0,2022.0,MAY-2022,, ,,,, ,, , ,, ,,, , ,,,, , , , , , , , ,,, ,,, , ,, ,, ,, ,, ,,, ,,,,, ,, , , , , , , , ,,,,,,,, , , , , , , , , , , ,,,,,, , , , , , , , , , , , , , , , , , ,, ,,, ,,, ,, ,, ,, ,, ,Other
1263-2838,1,"Suzuki Motor USA, LLC",Monthly - No Incidents,5.0,2022.0,MAY-2022,, ,,,, ,, , ,, ,,, , ,,,, , , , , , , , ,,, ,,, , ,, ,, ,, ,, ,,, ,,,,, ,, , , , , , , , ,,,,,,,, , , , , , , , , , , ,,,,,, , , , , , , , , , , , , , , , , , ,, ,,, ,,, ,, ,, ,, ,, ,Other
30310-2792,1,First Transit,Monthly - No Incidents,3.0,2022.0,APR-2022,, ,,,, ,, , ,, ,,, , ,,,, , , , , , , , ,,, ,,, , ,, ,, ,, ,, ,,, ,,,,, ,, , , , , , , , ,,,,,,,, , , , , , , , , , , ,,,,,, , , , , , , , , , , , , , , , , , ,, ,,, ,,, ,, ,, ,, ,, ,Other
30890-2790,1,Transdev Services Inc.,Monthly - No Incidents,3.0,2022.0,APR-2022,, ,,,, ,, , ,, ,,, , ,,,, , , , , , , , ,,, ,,, , ,, ,, ,, ,, ,,, ,,,,, ,, , , , , , , , ,,,,,,,, , , , , , , , , , , ,,,,,, , , , , , , , , , , , , , , , , , ,, ,,, ,,, ,, ,, ,, ,, ,Other
30531-2672,2,Transdev Alternative Services,10-Day Update,,,APR-2022,SADHW2S14M1, ,,Jaguar,I-Pace, ,2021.0, ,806445927154e05,17197.0, ,In-Vehicle (Commercial / Test),,Y, ,"Unknown, see Narrative","Unknown, see Narrative",Waymo LLC., , , , ,Y, , , ,,APR-2022, ,APR-2022,18:29, ,b35fd97d24c2500,,Y,,Y,[MAY CONTAIN PERSONALLY IDENTIFIABLE INFORMATION], ,Phoenix, ,AZ ,[MAY CONTAIN PERSONALLY IDENTIFIABLE INFORMATION], ,Intersection,Dry,No Unusual Conditions,30.0, ,Daylight,Y, , , , , , , ,,Motorcycle,No Injuries Reported,Yes,Proceeding Straight,No,Unknown, , ,Y, , ,Y, , ,Y, , ,Making Right Turn,No,Yes,Yes,3.0, , , , ,Y, , , , , , , , ,Y, , ,Y,Y, , ,Yes,Phoenix Police Department, ,Yes,[MAY CONTAIN PERSONALLY IDENTIFIABLE INFORMATION], ,,Y,,Y,Yes, ,"On April [XXX], 2022 at 6:29 PM PST a Waymo Autonomous Vehicle ('Waymo AV') operating in Phoenix, Arizona was in a collision involving a motorcycle on [XXX] at [XXX]. 
The Waymo AV was preparing to make a right turn from southbound [XXX] onto westbound [XXX], when it slowed to yield to a pedestrian crossing [XXX]. As the Waymo AV yielded, a motorcycle directly behind the Waymo AV was rear-ended by a pick-up truck. The motorcycle was pushed forward and made contact with the rear of the Waymo AV. At the time of the impact, the Waymo AV's Level 4 ADS was engaged in autonomous mode, and a test driver was present (in the driver's seating position). The Waymo AV and the motorcycle sustained damage.
Transdev Alternative Services is reporting this crash under Request No. 1 of Standing General Order 2021-01 because a vehicle involved was towed away and a motorcycle was damaged. Transdev may supplement or correct its reporting with additional information as it may become available. This report is a duplicate to WaymoLLC-202204[XXX]-0 (rev.202204[XXX]154618).", ,Other
30690-2784,1,Robotic Research,Monthly - No Incidents,4.0,2022.0,APR-2022,, ,,,, ,, , ,, ,,, , ,,,, , , , , , , , ,,, ,,, , ,, ,, ,, ,, ,,, ,,,,, ,, , , , , , , , ,,,,,,,, , , , , , , , , , , ,,,,,, , , , , , , , , , , , , , , , , , ,, ,,, ,,, ,, ,, ,, ,, ,Other
30351-2778,1,comma.ai,Monthly - No Incidents,4.0,2022.0,APR-2022,, ,,,, ,, , ,, ,,, , ,,,, , , , , , , , ,,, ,,, , ,, ,, ,, ,, ,,, ,,,,, ,, , , , , , , , ,,,,,,,, , , , , , , , , , , ,,,,,, , , , , , , , , , , , , , , , , , ,, ,,, ,,, ,, ,, ,, ,, ,Other
30533-2777,1,STEER Tech,Monthly - No Incidents,4.0,2022.0,APR-2022,, ,,,, ,, , ,, ,,, , ,,,, , , , , , , , ,,, ,,, , ,, ,, ,, ,, ,,, ,,,,, ,, , , , , , , , ,,,,,,,, , , , , , , , , , , ,,,,,, , , , , , , , , , , , , , , , , , ,, ,,, ,,, ,, ,, ,, ,, ,Other
28349-2776,1,"Lucid Motors, Inc.",Monthly - No Incidents,4.0,2022.0,APR-2022,, ,,,, ,, , ,, ,,, , ,,,, , , , , , , , ,,, ,,, , ,, ,, ,, ,, ,,, ,,,,, ,, , , , , , , , ,,,,,,,, , , , , , , , , , , ,,,,,, , , , , , , , , , , , , , , , , , ,, ,,, ,,, ,, ,, ,, ,, ,Other
30530-2764,1,"Aurora Operations, Inc.",Monthly - No Incidents,4.0,2022.0,APR-2022,, ,,,, ,, , ,, ,,, , ,,,, , , , , , , , ,,, ,,, , ,, ,, ,, ,, ,,, ,,,,, ,, , , , , , , , ,,,,,,,, , , , , , , , , , , ,,,,,, , , , , , , , , , , , , , , , , , ,, ,,, ,,, ,, ,, ,, ,, ,Other
30350-2763,1,AImotive Inc,Monthly - No Incidents,4.0,2022.0,APR-2022,, ,,,, ,, , ,, ,,, , ,,,, , , , , , , , ,,, ,,, , ,, ,, ,, ,, ,,, ,,,,, ,, , , , , , , , ,,,,,,,, , , , , , , , , , , ,,,,,, , , , , , , , , , , , , , , , , , ,, ,,, ,,, ,, ,, ,, ,, ,Other
30792-2762,1,WeRide Corp,Monthly - No Incidents,4.0,2022.0,APR-2022,, ,,,, ,, , ,, ,,, , ,,,, , , , , , , , ,,, ,,, , ,, ,, ,, ,, ,,, ,,,,, ,, , , , , , , , ,,,,,,,, , , , , , , , , , , ,,,,,, , , , , , , , , , , , , , , , , , ,, ,,, ,,, ,, ,, ,, ,, ,Other
30310-2761,1,First Transit,Monthly - No Incidents,3.0,2022.0,APR-2022,, ,,,, ,, , ,, ,,, , ,,,, , , , , , , , ,,, ,,, , ,, ,, ,, ,, ,,, ,,,,, ,, , , , , , , , ,,,,,,,, , , , , , , , , , , ,,,,,, , , , , , , , , , , , , , , , , , ,, ,,, ,,, ,, ,, ,, ,, ,Other
30650-2760,1,"Qualcomm Technlogies, Inc",Monthly - No Incidents,4.0,2022.0,APR-2022,, ,,,, ,, , ,, ,,, , ,,,, , , , , , , , ,,, ,,, , ,, ,, ,, ,, ,,, ,,,,, ,, , , , , , , , ,,,,,,,, , , , , , , , , , , ,,,,,, , , , , , , , , , , , , , , , , , ,, ,,, ,,, ,, ,, ,, ,, ,Other
10003-2759,1,"Navistar, Inc.",Monthly - No Incidents,4.0,2022.0,APR-2022,, ,,,, ,, , ,, ,,, , ,,,, , , , , , , , ,,, ,,, , ,, ,, ,, ,, ,,, ,,,,, ,, , , , , , , , ,,,,,,,, , , , , , , , , , , ,,,,,, , , , , , , , , , , , , , , , , , ,, ,,, ,,, ,, ,, ,, ,, ,Other
1712-2758,1,"Robert Bosch, LLC",Monthly - No Incidents,4.0,2022.0,APR-2022,, ,,,, ,, , ,, ,,, , ,,,, , , , , , , , ,,, ,,, , ,, ,, ,, ,, ,,, ,,,,, ,, , , , , , , , ,,,,,,,, , , , , , , , , , , ,,,,,, , , , , , , , , , , , , , , , , , ,, ,,, ,,, ,, ,, ,, ,, ,Other
30590-2757,1,Apple Inc.,Monthly - No Incidents,3.0,2022.0,APR-2022,, ,,,, ,, , ,, ,,, , ,,,, , , , , , , , ,,, ,,, , ,, ,, ,, ,, ,,, ,,,,, ,, , , , , , , , ,,,,,,,, , , , , , , , , , , ,,,,,, , , , , , , , , , , , , , , , , , ,, ,,, ,,, ,, ,, ,, ,, ,Other
753-2756,1,Kia Motors America,Monthly - No Incidents,4.0,2022.0,APR-2022,, ,,,, ,, , ,, ,,, , ,,,, , , , , , , , ,,, ,,, , ,, ,, ,, ,, ,,, ,,,,, ,, , , , , , , , ,,,,,,,, , , , , , , , , , , ,,,,,, , , , , , , , , , , , , , , , , , ,, ,,, ,,, ,, ,, ,, ,, ,Other
1306-2755,1,Toyota Motor Engineering & Manufacturing,Monthly - No Incidents,4.0,2022.0,APR-2022,, ,,,, ,, , ,, ,,, , ,,,, , , , , , , , ,,, ,,, , ,, ,, ,, ,, ,,, ,,,,, ,, , , , , , , , ,,,,,,,, , , , , , , , , , , ,,,,,, , , , , , , , , , , , , , , , , , ,, ,,, ,,, ,, ,, ,, ,, ,Other
30634-2754,1,PlusAI Inc,Monthly - No Incidents,4.0,2022.0,APR-2022,, ,,,, ,, , ,, ,,, , ,,,, , , , , , , , ,,, ,,, , ,, ,, ,, ,, ,,, ,,,,, ,, , , , , , , , ,,,,,,,, , , , , , , , , , , ,,,,,, , , , , , , , , , , , , , , , , , ,, ,,, ,,, ,, ,, ,, ,, ,Other
883-2753,1,"Mitsubishi Motors North America, Inc.",Monthly - No Incidents,4.0,2022.0,APR-2022,, ,,,, ,, , ,, ,,, , ,,,, , , , , , , , ,,, ,,, , ,, ,, ,, ,, ,,, ,,,,, ,, , , , , , , , ,,,,,,,, , , , , , , , , , , ,,,,,, , , , , , , , , , , , , , , , , , ,, ,,, ,,, ,, ,, ,, ,, ,Other
1422-2752,1,"Volvo Car USA, LLC",Monthly - No Incidents,4.0,2022.0,APR-2022,, ,,,, ,, , ,, ,,, , ,,,, , , , , , , , ,,, ,,, , ,, ,, ,, ,, ,,, ,,,,, ,, , , , , , , , ,,,,,,,, , , , , , , , , , , ,,,,,, , , , , , , , , , , , , , , , , , ,, ,,, ,,, ,, ,, ,, ,, ,Other
10767-2750,1,"Bentley Motors, Inc.",Monthly - No Incidents,3.0,2022.0,APR-2022,, ,,,, ,, , ,, ,,, , ,,,, , , , , , , , ,,, ,,, , ,, ,, ,, ,, ,,, ,,,,, ,, , , , , , , , ,,,,,,,, , , , , , , , , , , ,,,,,, , , , , , , , , , , , , , , , , , ,, ,,, ,,, ,, ,, ,, ,, ,Other
1243-2749,1,"Subaru of America, Inc.",Monthly - No Incidents,4.0,2022.0,APR-2022,, ,,,, ,, , ,, ,,, , ,,,, , , , , , , , ,,, ,,, , ,, ,, ,, ,, ,,, ,,,,, ,, , , , , , , , ,,,,,,,, , , , , , , , , , , ,,,,,, , , , , , , , , , , , , , , , , , ,, ,,, ,,, ,, ,, ,, ,, ,Other
1042-2748,1,"Porsche Cars North America, Inc.",Monthly - No Incidents,4.0,2022.0,APR-2022,, ,,,, ,, , ,, ,,, , ,,,, , , , , , , , ,,, ,,, , ,, ,, ,, ,, ,,, ,,,,, ,, , , , , , , , ,,,,,,,, , , , , , , , , , , ,,,,,, , , , , , , , , , , , , , , , , , ,, ,,, ,,, ,, ,, ,, ,, ,Other
11196-2747,1,"Denso International America, Inc.",Monthly - No Incidents,4.0,2022.0,APR-2022,, ,,,, ,, , ,, ,,, , ,,,, , , , , , , , ,,, ,,, , ,, ,, ,, ,, ,,, ,,,,, ,, , , , , , , , ,,,,,,,, , , , , , , , , , , ,,,,,, , , , , , , , , , , , , , , , , , ,, ,,, ,,, ,, ,, ,, ,, ,Other
1420-2746,1,"Volkswagen Group of America, Inc.",Monthly - No Incidents,4.0,2022.0,APR-2022,, ,,,, ,, , ,, ,,, , ,,,, , , , , , , , ,,, ,,, , ,, ,, ,, ,, ,,, ,,,,, ,, , , , , , , , ,,,,,,,, , , , , , , , , , , ,,,,,, , , , , , , , , , , , , , , , , , ,, ,,, ,,, ,, ,, ,, ,, ,Other
1550-2745,1,Lamborghini (Automobili Lamborghini),Monthly - No Incidents,3.0,2022.0,APR-2022,, ,,,, ,, , ,, ,,, , ,,,, , , , , , , , ,,, ,,, , ,, ,, ,, ,, ,,, ,,,,, ,, , , , , , , , ,,,,,,,, , , , , , , , , , , ,,,,,, , , , , , , , , , , , , , , , , , ,, ,,, ,,, ,, ,, ,, ,, ,Other
30451-2744,1,Gatik AI Inc.,Monthly - No Incidents,4.0,2022.0,APR-2022,, ,,,, ,, , ,, ,,, , ,,,, , , , , , , , ,,, ,,, , ,, ,, ,, ,, ,,, ,,,,, ,, , , , , , , , ,,,,,,,, , , , , , , , , , , ,,,,,, , , , , , , , , , , , , , , , , , ,, ,,, ,,, ,, ,, ,, ,, ,Other
62-2742,1,Honda (American Honda Motor Co.),Monthly - No Incidents,4.0,2022.0,APR-2022,, ,,,, ,, , ,, ,,, , ,,,, , , , , , , , ,,, ,,, , ,, ,, ,, ,, ,,, ,,,,, ,, , , , , , , , ,,,,,,,, , , , , , , , , , , ,,,,,, , , , , , , , , , , , , , , , , , ,, ,,, ,,, ,, ,, ,, ,, ,Other
842-2741,1,Mazda North American Operations,Monthly - No Incidents,4.0,2022.0,APR-2022,, ,,,, ,, , ,, ,,, , ,,,, , , , , , , , ,,, ,,, , ,, ,, ,, ,, ,,, ,,,,, ,, , , , , , , , ,,,,,,,, , , , , , , , , , , ,,,,,, , , , , , , , , , , , , , , , , , ,, ,,, ,,, ,, ,, ,, ,, ,Other
30793-2739,1,"Woven Planet North America, Inc.",Monthly - No Incidents,3.0,2022.0,APR-2022,, ,,,, ,, , ,, ,,, , ,,,, , , , , , , , ,,, ,,, , ,, ,, ,, ,, ,,, ,,,,, ,, , , , , , , , ,,,,,,,, , , , , , , , , , , ,,,,,, , , , , , , , , , , , , , , , , , ,, ,,, ,,, ,, ,, ,, ,, ,Other
30510-2738,1,"Cyngn, Inc",Monthly - No Incidents,4.0,2022.0,APR-2022,, ,,,, ,, , ,, ,,, , ,,,, , , , , , , , ,,, ,,, , ,, ,, ,, ,, ,,, ,,,,, ,, , , , , , , , ,,,,,,,, , , , , , , , , , , ,,,,,, , , , , , , , , , , , , , , , , , ,, ,,, ,,, ,, ,, ,, ,, ,Other
30353-2737,1,Magna International Inc.,Monthly - No Incidents,3.0,2022.0,APR-2022,, ,,,, ,, , ,, ,,, , ,,,, , , , , , , , ,,, ,,, , ,, ,, ,, ,, ,,, ,,,,, ,, , , , , , , , ,,,,,,,, , , , , , , , , , , ,,,,,, , , , , , , , , , , , , , , , , , ,, ,,, ,,, ,, ,, ,, ,, ,Other
273-2736,1,"Chrysler (FCA US, LLC)",Monthly - No Incidents,4.0,2022.0,APR-2022,, ,,,, ,, , ,, ,,, , ,,,, , , , , , , , ,,, ,,, , ,, ,, ,, ,, ,,, ,,,,, ,, , , , , , , , ,,,,,,,, , , , , , , , , , , ,,,,,, , , , , , , , , , , , , , , , , , ,, ,,, ,,, ,, ,, ,, ,, ,Other
855-2734,1,"Mercedes-Benz USA, LLC",Monthly - No Incidents,4.0,2022.0,APR-2022,, ,,,, ,, , ,, ,,, , ,,,, , , , , , , , ,,, ,,, , ,, ,, ,, ,, ,,, ,,,,, ,, , , , , , , , ,,,,,,,, , , , , , , , , , , ,,,,,, , , , , , , , , , , , , , , , , , ,, ,,, ,,, ,, ,, ,, ,, ,Other
30434-2733,1,"Udelv, Inc.",Monthly - No Incidents,3.0,2022.0,APR-2022,, ,,,, ,, , ,, ,,, , ,,,, , , , , , , , ,,, ,,, , ,, ,, ,, ,, ,,, ,,,,, ,, , , , , , , , ,,,,,,,, , , , , , , , , , , ,,,,,, , , , , , , , , , , , , , , , , , ,, ,,, ,,, ,, ,, ,, ,, ,Other
30370-2732,1,TuSimple,Monthly - No Incidents,3.0,2022.0,APR-2022,, ,,,, ,, , ,, ,,, , ,,,, , , , , , , , ,,, ,,, , ,, ,, ,, ,, ,,, ,,,,, ,, , , , , , , , ,,,,,,,, , , , , , , , , , , ,,,,,, , , , , , , , , , , , , , , , , , ,, ,,, ,,, ,, ,, ,, ,, ,Other
31096-2731,1,"MV Transportation, Inc",Monthly - No Incidents,4.0,2022.0,APR-2022,, ,,,, ,, , ,, ,,, , ,,,, , , , , , , , ,,, ,,, , ,, ,, ,, ,, ,,, ,,,,, ,, , , , , , , , ,,,,,,,, , , , , , , , , , , ,,,,,, , , , , , , , , , , , , , , , , , ,, ,,, ,,, ,, ,, ,, ,, ,Other
945-2730,1,"Nissan North America, Inc.",Monthly - No Incidents,3.0,2022.0,APR-2022,, ,,,, ,, , ,, ,,, , ,,,, , , , , , , , ,,, ,,, , ,, ,, ,, ,, ,,, ,,,,, ,, , , , , , , , ,,,,,,,, , , , , , , , , , , ,,,,,, , , , , , , , , , , , , , , , , , ,, ,,, ,,, ,, ,, ,, ,, ,Other
10561-2728,1,APTIV,Monthly - No Incidents,4.0,2022.0,APR-2022,, ,,,, ,, , ,, ,,, , ,,,, , , , , , , , ,,, ,,, , ,, ,, ,, ,, ,,, ,,,,, ,, , , , , , , , ,,,,,,,, , , , , , , , , , , ,,,,,, , , , , , , , , , , , , , , , , , ,, ,,, ,,, ,, ,, ,, ,, ,Other
30291-2726,1,Nuro,Monthly - No Incidents,3.0,2022.0,APR-2022,, ,,,, ,, , ,, ,,, , ,,,, , , , , , , , ,,, ,,, , ,, ,, ,, ,, ,,, ,,,,, ,, , , , , , , , ,,,,,,,, , , , , , , , , , , ,,,,,, , , , , , , , , , , , , , , , , , ,, ,,, ,,, ,, ,, ,, ,, ,Other
1421-2724,1,Volvo Trucks North America,Monthly - No Incidents,4.0,2022.0,APR-2022,, ,,,, ,, , ,, ,,, , ,,,, , , , , , , , ,,, ,,, , ,, ,, ,, ,, ,,, ,,,,, ,, , , , , , , , ,,,,,,,, , , , , , , , , , , ,,,,,, , , , , , , , , , , , , , , , , , ,, ,,, ,,, ,, ,, ,, ,, ,Other
11199-2723,1,"Continental Automotive Systems, Inc.",Monthly - No Incidents,4.0,2022.0,APR-2022,, ,,,, ,, , ,, ,,, , ,,,, , , , , , , , ,,, ,,, , ,, ,, ,, ,, ,,, ,,,,, ,, , , , , , , , ,,,,,,,, , , , , , , , , , , ,,,,,, , , , , , , , , , , , , , , , , , ,, ,,, ,,, ,, ,, ,, ,, ,Other
14961-2722,1,"Jaguar Land Rover North America, LLC",Monthly - No Incidents,4.0,2022.0,APR-2022,, ,,,, ,, , ,, ,,, , ,,,, , , , , , , , ,,, ,,, , ,, ,, ,, ,, ,,, ,,,,, ,, , , , , , , , ,,,,,,,, , , , , , , , , , , ,,,,,, , , , , , , , , , , , , , , , , , ,, ,,, ,,, ,, ,, ,, ,, ,Other
10516-2721,1,"ZF North America, Inc.",Monthly - No Incidents,4.0,2022.0,APR-2022,, ,,,, ,, , ,, ,,, , ,,,, , , , , , , , ,,, ,,, , ,, ,, ,, ,, ,,, ,,,,, ,, , , , , , , , ,,,,,,,, , , , , , , , , , , ,,,,,, , , , , , , , , , , , , , , , , , ,, ,,, ,,, ,, ,, ,, ,, ,Other
5341-2720,1,WABCO USA LLC,Monthly - No Incidents,4.0,2022.0,APR-2022,, ,,,, ,, , ,, ,,, , ,,,, , , , , , , , ,,, ,,, , ,, ,, ,, ,, ,,, ,,,,, ,, , , , , , , , ,,,,,,,, , , , , , , , , , , ,,,,,, , , , , , , , , , , , , , , , , , ,, ,,, ,,, ,, ,, ,, ,, ,Other
837-2719,1,"Maserati North America, Inc.",Monthly - No Incidents,4.0,2022.0,APR-2022,, ,,,, ,, , ,, ,,, , ,,,, , , , , , , , ,,, ,,, , ,, ,, ,, ,, ,,, ,,,,, ,, , , , , , , , ,,,,,,,, , , , , , , , , , , ,,,,,, , , , , , , , , , , , , , , , , , ,, ,,, ,,, ,, ,, ,, ,, ,Other
20681-2718,1,McLaren Automotive Incorporated,Monthly - No Incidents,3.0,2022.0,APR-2022,, ,,,, ,, , ,, ,,, , ,,,, , , , , , , , ,,, ,,, , ,, ,, ,, ,, ,,, ,,,,, ,, , , , , , , , ,,,,,,,, , , , , , , , , , , ,,,,,, , , , , , , , , , , , , , , , , , ,, ,,, ,,, ,, ,, ,, ,, ,Other
20681-2717,1,McLaren Automotive Incorporated,Monthly - No Incidents,2.0,2022.0,APR-2022,, ,,,, ,, , ,, ,,, , ,,,, , , , , , , , ,,, ,,, , ,, ,, ,, ,, ,,, ,,,,, ,, , , , , , , , ,,,,,,,, , , , , , , , , , , ,,,,,, , , , , , , , , , , , , , , , , , ,, ,,, ,,, ,, ,, ,, ,, ,Other
20681-2716,1,McLaren Automotive Incorporated,Monthly - No Incidents,4.0,2022.0,APR-2022,, ,,,, ,, , ,, ,,, , ,,,, , , , , , , , ,,, ,,, , ,, ,, ,, ,, ,,, ,,,,, ,, , , , , , , , ,,,,,,,, , , , , , , , , , , ,,,,,, , , , , , , , , , , , , , , , , , ,, ,,, ,,, ,, ,, ,, ,, ,Other
30411-2714,1,Pronto AI,Monthly - No Incidents,3.0,2022.0,APR-2022,, ,,,, ,, , ,, ,,, , ,,,, , , , , , , , ,,, ,,, , ,, ,, ,, ,, ,,, ,,,,, ,, , , , , , , , ,,,,,,,, , , , , , , , , , , ,,,,,, , , , , , , , , , , , , , , , , , ,, ,,, ,,, ,, ,, ,, ,, ,Other
30891-2713,1,Inceptio Technonlogy Inc,Monthly - No Incidents,4.0,2022.0,APR-2022,, ,,,, ,, , ,, ,,, , ,,,, , , , , , , , ,,, ,,, , ,, ,, ,, ,, ,,, ,,,,, ,, , , , , , , , ,,,,,,,, , , , , , , , , , , ,,,,,, , , , , , , , , , , , , , , , , , ,, ,,, ,,, ,, ,, ,, ,, ,Other
30891-2712,1,Inceptio Technonlogy Inc,Monthly - No Incidents,3.0,2022.0,APR-2022,, ,,,, ,, , ,, ,,, , ,,,, , , , , , , , ,,, ,,, , ,, ,, ,, ,, ,,, ,,,,, ,, , , , , , , , ,,,,,,,, , , , , , , , , , , ,,,,,, , , , , , , , , , , , , , , , , , ,, ,,, ,,, ,, ,, ,, ,, ,Other
30891-2711,1,Inceptio Technonlogy Inc,Monthly - No Incidents,2.0,2022.0,APR-2022,, ,,,, ,, , ,, ,,, , ,,,, , , , , , , , ,,, ,,, , ,, ,, ,, ,, ,,, ,,,,, ,, , , , , , , , ,,,,,,,, , , , , , , , , , , ,,,,,, , , , , , , , , , , , , , , , , , ,, ,,, ,,, ,, ,, ,, ,, ,Other
12381-2710,1,"Daimler Trucks North America, LLC",Monthly - No Incidents,3.0,2022.0,APR-2022,, ,,,, ,, , ,, ,,, , ,,,, , , , , , , , ,,, ,,, , ,, ,, ,, ,, ,,, ,,,,, ,, , , , , , , , ,,,,,,,, , , , , , , , , , , ,,,,,, , , , , , , , , , , , , , , , , , ,, ,,, ,,, ,, ,, ,, ,, ,Other
30632-2709,1,Deeproute.ai Ltd. ,Monthly - No Incidents,3.0,2022.0,APR-2022,, ,,,, ,, , ,, ,,, , ,,,, , , , , , , , ,,, ,,, , ,, ,, ,, ,, ,,, ,,,,, ,, , , , , , , , ,,,,,,,, , , , , , , , , , , ,,,,,, , , , , , , , , , , , , , , , , , ,, ,,, ,,, ,, ,, ,, ,, ,Other
30391-2708,1,Kodiak Robotics,Monthly - No Incidents,3.0,2022.0,APR-2022,, ,,,, ,, , ,, ,,, , ,,,, , , , , , , , ,,, ,,, , ,, ,, ,, ,, ,,, ,,,,, ,, , , , , , , , ,,,,,,,, , , , , , , , , , , ,,,,,, , , , , , , , , , , , , , , , , , ,, ,,, ,,, ,, ,, ,, ,, ,Other
31093-2707,1,Imagry Inc.,Monthly - No Incidents,3.0,2022.0,APR-2022,, ,,,, ,, , ,, ,,, , ,,,, , , , , , , , ,,, ,,, , ,, ,, ,, ,, ,,, ,,,,, ,, , , , , , , , ,,,,,,,, , , , , , , , , , , ,,,,,, , , , , , , , , , , , , , , , , , ,, ,,, ,,, ,, ,, ,, ,, ,Other
690-2705,1,"Isuzu Technical Center of America, Inc.",Monthly - No Incidents,3.0,2022.0,APR-2022,, ,,,, ,, , ,, ,,, , ,,,, , , , , , , , ,,, ,,, , ,, ,, ,, ,, ,,, ,,,,, ,, , , , , , , , ,,,,,,,, , , , , , , , , , , ,,,,,, , , , , , , , , , , , , , , , , , ,, ,,, ,,, ,, ,, ,, ,, ,Other
30930-2704,1,MANDO Mobility Solutions,Monthly - No Incidents,4.0,2022.0,APR-2022,, ,,,, ,, , ,, ,,, , ,,,, , , , , , , , ,,, ,,, , ,, ,, ,, ,, ,,, ,,,,, ,, , , , , , , , ,,,,,,,, , , , , , , , , , , ,,,,,, , , , , , , , , , , , , , , , , , ,, ,,, ,,, ,, ,, ,, ,, ,Other
30433-2698,1,DiDi Labs,Monthly - No Incidents,4.0,2022.0,APR-2022,, ,,,, ,, , ,, ,,, , ,,,, , , , , , , , ,,, ,,, , ,, ,, ,, ,, ,,, ,,,,, ,, , , , , , , , ,,,,,,,, , , , , , , , , , , ,,,,,, , , , , , , , , , , , , , , , , , ,, ,,, ,,, ,, ,, ,, ,, ,Other
30414-2695,1,Easymile Inc.,Monthly - No Incidents,3.0,2022.0,APR-2022,, ,,,, ,, , ,, ,,, , ,,,, , , , , , , , ,,, ,,, , ,, ,, ,, ,, ,,, ,,,,, ,, , , , , , , , ,,,,,,,, , , , , , , , , , , ,,,,,, , , , , , , , , , , , , , , , , , ,, ,,, ,,, ,, ,, ,, ,, ,Other
19901-2694,1,Valeo,Monthly - No Incidents,3.0,2022.0,APR-2022,, ,,,, ,, , ,, ,,, , ,,,, , , , , , , , ,,, ,,, , ,, ,, ,, ,, ,,, ,,,,, ,, , , , , , , , ,,,,,,,, , , , , , , , , , , ,,,,,, , , , , , , , , , , , , , , , , , ,, ,,, ,,, ,, ,, ,, ,, ,Other
30330-2693,1,"TORC Robotics, Inc.",Monthly - No Incidents,4.0,2022.0,APR-2022,, ,,,, ,, , ,, ,,, , ,,,, , , , , , , , ,,, ,,, , ,, ,, ,, ,, ,,, ,,,,, ,, , , , , , , , ,,,,,,,, , , , , , , , , , , ,,,,,, , , , , , , , , , , , , , , , , , ,, ,,, ,,, ,, ,, ,, ,, ,Other
30570-2689,1,QCraft.ai,Monthly - No Incidents,4.0,2022.0,APR-2022,, ,,,, ,, , ,, ,,, , ,,,, , , , , , , , ,,, ,,, , ,, ,, ,, ,, ,,, ,,,,, ,, , , , , , , , ,,,,,,,, , , , , , , , , , , ,,,,,, , , , , , , , , , , , , , , , , , ,, ,,, ,,, ,, ,, ,, ,, ,Other
30550-2685,1,Intel Corporation,Monthly - No Incidents,3.0,2022.0,APR-2022,, ,,,, ,, , ,, ,,, , ,,,, , , , , , , , ,,, ,,, , ,, ,, ,, ,, ,,, ,,,,, ,, , , , , , , , ,,,,,,,, , , , , , , , , , , ,,,,,, , , , , , , , , , , , , , , , , , ,, ,,, ,,, ,, ,, ,, ,, ,Other