Report ID,Report Version,Reporting Entity,Report Type,Report Month,Report Year,Report Submission Date,VIN,VIN - Unknown,Serial Number,Make,Model,Model - Unknown,Model Year,Model Year - Unknown,Same Vehicle ID,Mileage,Mileage - Unknown,Driver / Operator Type,ADAS/ADS Version,ADAS/ADS Version - Unknown,ADAS/ADS Version CBI,ADS Equipped?,Automation System Engaged?,Operating Entity,Operating Entity - Unknown,Source - Complaint/Claim,Source - Telematics,Source - Law Enforcement,Source - Field Report,Source - Testing,Source - Media,Source - Other,Source - Other Text,Incident Date,Incident Date - Unknown,Notice Received Date,Incident Time (24:00),Incident Time - Unknown,Same Incident ID,Latitude,Latitude  - Unknown,Longitude,Longitude - Unknown,Address,Address - Unknown,City,City - Unknown,State,Zip Code,Zip Code - Unknown,Roadway Type,Roadway Surface,Roadway Description,Posted Speed Limit (MPH),Posted Speed Limit - Unknown,Lighting,Weather - Clear,Weather - Snow,Weather - Cloudy,Weather - Fog/Smoke,Weather - Rain,Weather - Severe Wind,Weather - Unknown,Weather - Other,Weather - Other Text,Crash With,Highest Injury Severity,Property Damage?,CP Pre-Crash Movement,CP Any Air Bags Deployed?,CP Was Vehicle Towed?,CP Contact Area - Rear Left,CP Contact Area - Left,CP Contact Area - Front Left,CP Contact Area - Rear,CP Contact Area - Top,CP Contact Area - Front,CP Contact Area - Rear Right,CP Contact Area - Right,CP Contact Area - Front Right,CP Contact Area - Bottom,CP Contact Area - Unknown,SV Pre-Crash Movement,SV Any Air Bags Deployed?,SV Was Vehicle Towed?,SV Were All Passengers Belted?,SV Precrash Speed (MPH),SV Pre-crash Speed - Unknown,SV Contact Area - Rear Left,SV Contact Area - Left,SV Contact Area - Front Left,SV Contact Area - Rear,SV Contact Area - Top,SV Contact Area - Front,SV Contact Area - Rear Right,SV Contact Area - Right,SV Contact Area - Front Right,SV Contact Area - Bottom,SV Contact Area - Unknown,Data Availability - EDR,Data Availability - Police Rpt,Data Availability - Telematics,Data Availability - Complaints,Data Availability - Video,Data Availability - Other,Data Availability - No Data,Data Availability - Unknown,Law Enforcement Investigating?,Investigating Agency,Investigating Agency - Unknown,Rep Ent Or Mfr Investigating?,Investigating Officer Name,Inv. Officer Name - Unknown,Investigating Officer Phone,Inv. Officer Phone - Unknown,Investigating Officer Email,Inv. Officer Email - Unknown,Within ODD?,Within ODD? - CBI,Narrative,Narrative - CBI?,system_type
30351-2141,1,comma.ai,Monthly - No Incidents,1.0,2022.0,JAN-2022,, ,,,, ,, , ,, ,,, , ,,,, , , , , , , , ,,, ,,, , ,, ,, ,, ,, ,,, ,,,,, ,, , , , , , , , ,,,,,,,, , , , , , , , , , , ,,,,,, , , , , , , , , , , , , , , , , , ,, ,,, ,,, ,, ,, ,, ,, ,Other
30792-2140,1,WeRide Corp,Monthly - No Incidents,1.0,2022.0,JAN-2022,, ,,,, ,, , ,, ,,, , ,,,, , , , , , , , ,,, ,,, , ,, ,, ,, ,, ,,, ,,,,, ,, , , , , , , , ,,,,,,,, , , , , , , , , , , ,,,,,, , , , , , , , , , , , , , , , , , ,, ,,, ,,, ,, ,, ,, ,, ,Other
30634-2139,1,PlusAI Inc,Monthly - No Incidents,1.0,2022.0,JAN-2022,, ,,,, ,, , ,, ,,, , ,,,, , , , , , , , ,,, ,,, , ,, ,, ,, ,, ,,, ,,,,, ,, , , , , , , , ,,,,,,,, , , , , , , , , , , ,,,,,, , , , , , , , , , , , , , , , , , ,, ,,, ,,, ,, ,, ,, ,, ,Other
30350-2138,1,AImotive Inc,Monthly - No Incidents,1.0,2022.0,JAN-2022,, ,,,, ,, , ,, ,,, , ,,,, , , , , , , , ,,, ,,, , ,, ,, ,, ,, ,,, ,,,,, ,, , , , , , , , ,,,,,,,, , , , , , , , , , , ,,,,,, , , , , , , , , , , , , , , , , , ,, ,,, ,,, ,, ,, ,, ,, ,Other
30451-2137,1,Gatik AI Inc.,Monthly - No Incidents,1.0,2022.0,JAN-2022,, ,,,, ,, , ,, ,,, , ,,,, , , , , , , , ,,, ,,, , ,, ,, ,, ,, ,,, ,,,,, ,, , , , , , , , ,,,,,,,, , , , , , , , , , , ,,,,,, , , , , , , , , , , , , , , , , , ,, ,,, ,,, ,, ,, ,, ,, ,Other
1422-2136,1,"Volvo Car USA, LLC",Monthly - No Incidents,1.0,2022.0,JAN-2022,, ,,,, ,, , ,, ,,, , ,,,, , , , , , , , ,,, ,,, , ,, ,, ,, ,, ,,, ,,,,, ,, , , , , , , , ,,,,,,,, , , , , , , , , , , ,,,,,, , , , , , , , , , , , , , , , , , ,, ,,, ,,, ,, ,, ,, ,, ,Other
30891-2135,1,Inceptio Technonlogy Inc,Monthly - No Incidents,1.0,2022.0,JAN-2022,, ,,,, ,, , ,, ,,, , ,,,, , , , , , , , ,,, ,,, , ,, ,, ,, ,, ,,, ,,,,, ,, , , , , , , , ,,,,,,,, , , , , , , , , , , ,,,,,, , , , , , , , , , , , , , , , , , ,, ,,, ,,, ,, ,, ,, ,, ,Other
30891-2134,1,Inceptio Technonlogy Inc,Monthly - No Incidents,12.0,2021.0,JAN-2022,, ,,,, ,, , ,, ,,, , ,,,, , , , , , , , ,,, ,,, , ,, ,, ,, ,, ,,, ,,,,, ,, , , , , , , , ,,,,,,,, , , , , , , , , , , ,,,,,, , , , , , , , , , , , , , , , , , ,, ,,, ,,, ,, ,, ,, ,, ,Other
30891-2133,1,Inceptio Technonlogy Inc,Monthly - No Incidents,11.0,2021.0,JAN-2022,, ,,,, ,, , ,, ,,, , ,,,, , , , , , , , ,,, ,,, , ,, ,, ,, ,, ,,, ,,,,, ,, , , , , , , , ,,,,,,,, , , , , , , , , , , ,,,,,, , , , , , , , , , , , , , , , , , ,, ,,, ,,, ,, ,, ,, ,, ,Other
30891-2132,1,Inceptio Technonlogy Inc,Monthly - No Incidents,10.0,2021.0,JAN-2022,, ,,,, ,, , ,, ,,, , ,,,, , , , , , , , ,,, ,,, , ,, ,, ,, ,, ,,, ,,,,, ,, , , , , , , , ,,,,,,,, , , , , , , , , , , ,,,,,, , , , , , , , , , , , , , , , , , ,, ,,, ,,, ,, ,, ,, ,, ,Other
30891-2131,1,Inceptio Technonlogy Inc,Monthly - No Incidents,9.0,2021.0,JAN-2022,, ,,,, ,, , ,, ,,, , ,,,, , , , , , , , ,,, ,,, , ,, ,, ,, ,, ,,, ,,,,, ,, , , , , , , , ,,,,,,,, , , , , , , , , , , ,,,,,, , , , , , , , , , , , , , , , , , ,, ,,, ,,, ,, ,, ,, ,, ,Other
30891-2130,1,Inceptio Technonlogy Inc,Monthly - No Incidents,8.0,2021.0,JAN-2022,, ,,,, ,, , ,, ,,, , ,,,, , , , , , , , ,,, ,,, , ,, ,, ,, ,, ,,, ,,,,, ,, , , , , , , , ,,,,,,,, , , , , , , , , , , ,,,,,, , , , , , , , , , , , , , , , , , ,, ,,, ,,, ,, ,, ,, ,, ,Other
5341-2104,1,WABCO USA LLC,Monthly - No Incidents,1.0,2022.0,JAN-2022,, ,,,, ,, , ,, ,,, , ,,,, , , , , , , , ,,, ,,, , ,, ,, ,, ,, ,,, ,,,,, ,, , , , , , , , ,,,,,,,, , , , , , , , , , , ,,,,,, , , , , , , , , , , , , , , , , , ,, ,,, ,,, ,, ,, ,, ,, ,Other
30890-2128,1,Transdev Services Inc.,Monthly - No Incidents,12.0,2021.0,JAN-2022,, ,,,, ,, , ,, ,,, , ,,,, , , , , , , , ,,, ,,, , ,, ,, ,, ,, ,,, ,,,,, ,, , , , , , , , ,,,,,,,, , , , , , , , , , , ,,,,,, , , , , , , , , , , , , , , , , , ,, ,,, ,,, ,, ,, ,, ,, ,Other
10516-2127,1,"ZF North America, Inc.",Monthly - No Incidents,1.0,2022.0,JAN-2022,, ,,,, ,, , ,, ,,, , ,,,, , , , , , , , ,,, ,,, , ,, ,, ,, ,, ,,, ,,,,, ,, , , , , , , , ,,,,,,,, , , , , , , , , , , ,,,,,, , , , , , , , , , , , , , , , , , ,, ,,, ,,, ,, ,, ,, ,, ,Other
30415-2126,1,NAVYA Inc.,Monthly - No Incidents,1.0,2022.0,JAN-2022,, ,,,, ,, , ,, ,,, , ,,,, , , , , , , , ,,, ,,, , ,, ,, ,, ,, ,,, ,,,,, ,, , , , , , , , ,,,,,,,, , , , , , , , , , , ,,,,,, , , , , , , , , , , , , , , , , , ,, ,,, ,,, ,, ,, ,, ,, ,Other
31101-2125,1,Yandex Self Driving Group Inc.,Monthly - No Incidents,1.0,2022.0,JAN-2022,, ,,,, ,, , ,, ,,, , ,,,, , , , , , , , ,,, ,,, , ,, ,, ,, ,, ,,, ,,,,, ,, , , , , , , , ,,,,,,,, , , , , , , , , , , ,,,,,, , , , , , , , , , , , , , , , , , ,, ,,, ,,, ,, ,, ,, ,, ,Other
883-2124,1,"Mitsubishi Motors North America, Inc.",Monthly - No Incidents,1.0,2022.0,JAN-2022,, ,,,, ,, , ,, ,,, , ,,,, , , , , , , , ,,, ,,, , ,, ,, ,, ,, ,,, ,,,,, ,, , , , , , , , ,,,,,,,, , , , , , , , , , , ,,,,,, , , , , , , , , , , , , , , , , , ,, ,,, ,,, ,, ,, ,, ,, ,Other
30571-2123,1,NVIDIA CORP,Monthly - No Incidents,1.0,2022.0,JAN-2022,, ,,,, ,, , ,, ,,, , ,,,, , , , , , , , ,,, ,,, , ,, ,, ,, ,, ,,, ,,,,, ,, , , , , , , , ,,,,,,,, , , , , , , , , , , ,,,,,, , , , , , , , , , , , , , , , , , ,, ,,, ,,, ,, ,, ,, ,, ,Other
30591-2122,1,Foretellix Inc,Monthly - No Incidents,12.0,2021.0,JAN-2022,, ,,,, ,, , ,, ,,, , ,,,, , , , , , , , ,,, ,,, , ,, ,, ,, ,, ,,, ,,,,, ,, , , , , , , , ,,,,,,,, , , , , , , , , , , ,,,,,, , , , , , , , , , , , , , , , , , ,, ,,, ,,, ,, ,, ,, ,, ,Other
502-2121,1,Ford Motor Company,Monthly - No Incidents,1.0,2022.0,JAN-2022,, ,,,, ,, , ,, ,,, , ,,,, , , , , , , , ,,, ,,, , ,, ,, ,, ,, ,,, ,,,,, ,, , , , , , , , ,,,,,,,, , , , , , , , , , , ,,,,,, , , , , , , , , , , , , , , , , , ,, ,,, ,,, ,, ,, ,, ,, ,Other
30530-2120,1,"Aurora Operations, Inc.",Monthly - No Incidents,1.0,2022.0,JAN-2022,, ,,,, ,, , ,, ,,, , ,,,, , , , , , , , ,,, ,,, , ,, ,, ,, ,, ,,, ,,,,, ,, , , , , , , , ,,,,,,,, , , , , , , , , , , ,,,,,, , , , , , , , , , , , , , , , , , ,, ,,, ,,, ,, ,, ,, ,, ,Other
30632-2117,1,Deeproute.ai Ltd. ,Monthly - No Incidents,12.0,2021.0,JAN-2022,, ,,,, ,, , ,, ,,, , ,,,, , , , , , , , ,,, ,,, , ,, ,, ,, ,, ,,, ,,,,, ,, , , , , , , , ,,,,,,,, , , , , , , , , , , ,,,,,, , , , , , , , , , , , , , , , , , ,, ,,, ,,, ,, ,, ,, ,, ,Other
62-2116,1,Honda (American Honda Motor Co.),Monthly - No Incidents,1.0,2022.0,JAN-2022,, ,,,, ,, , ,, ,,, , ,,,, , , , , , , , ,,, ,,, , ,, ,, ,, ,, ,,, ,,,,, ,, , , , , , , , ,,,,,,,, , , , , , , , , , , ,,,,,, , , , , , , , , , , , , , , , , , ,, ,,, ,,, ,, ,, ,, ,, ,Other
11196-2082,1,"Denso International America, Inc.",Monthly - No Incidents,1.0,2022.0,JAN-2022,, ,,,, ,, , ,, ,,, , ,,,, , , , , , , , ,,, ,,, , ,, ,, ,, ,, ,,, ,,,,, ,, , , , , , , , ,,,,,,,, , , , , , , , , , , ,,,,,, , , , , , , , , , , , , , , , , , ,, ,,, ,,, ,, ,, ,, ,, ,Other
1421-2115,1,Volvo Trucks North America,Monthly - No Incidents,1.0,2022.0,JAN-2022,, ,,,, ,, , ,, ,,, , ,,,, , , , , , , , ,,, ,,, , ,, ,, ,, ,, ,,, ,,,,, ,, , , , , , , , ,,,,,,,, , , , , , , , , , , ,,,,,, , , , , , , , , , , , , , , , , , ,, ,,, ,,, ,, ,, ,, ,, ,Other
30690-2114,1,Robotic Research,Monthly - No Incidents,1.0,2022.0,JAN-2022,, ,,,, ,, , ,, ,,, , ,,,, , , , , , , , ,,, ,,, , ,, ,, ,, ,, ,,, ,,,,, ,, , , , , , , , ,,,,,,,, , , , , , , , , , , ,,,,,, , , , , , , , , , , , , , , , , , ,, ,,, ,,, ,, ,, ,, ,, ,Other
30490-2113,1,"Beep, Inc.",Monthly - No Incidents,12.0,2021.0,JAN-2022,, ,,,, ,, , ,, ,,, , ,,,, , , , , , , , ,,, ,,, , ,, ,, ,, ,, ,,, ,,,,, ,, , , , , , , , ,,,,,,,, , , , , , , , , , , ,,,,,, , , , , , , , , , , , , , , , , , ,, ,,, ,,, ,, ,, ,, ,, ,Other
1420-2112,1,"Volkswagen Group of America, Inc.",Monthly - No Incidents,1.0,2022.0,JAN-2022,, ,,,, ,, , ,, ,,, , ,,,, , , , , , , , ,,, ,,, , ,, ,, ,, ,, ,,, ,,,,, ,, , , , , , , , ,,,,,,,, , , , , , , , , , , ,,,,,, , , , , , , , , , , , , , , , , , ,, ,,, ,,, ,, ,, ,, ,, ,Other
30290-2111,1,Argo AI,Monthly - No Incidents,12.0,2021.0,JAN-2022,, ,,,, ,, , ,, ,,, , ,,,, , , , , , , , ,,, ,,, , ,, ,, ,, ,, ,,, ,,,,, ,, , , , , , , , ,,,,,,,, , , , , , , , , , , ,,,,,, , , , , , , , , , , , , , , , , , ,, ,,, ,,, ,, ,, ,, ,, ,Other
30291-2110,1,Nuro,Monthly - No Incidents,12.0,2021.0,JAN-2022,, ,,,, ,, , ,, ,,, , ,,,, , , , , , , , ,,, ,,, , ,, ,, ,, ,, ,,, ,,,,, ,, , , , , , , , ,,,,,,,, , , , , , , , , , , ,,,,,, , , , , , , , , , , , , , , , , , ,, ,,, ,,, ,, ,, ,, ,, ,Other
540-2105,1,"General Motors, LLC",Monthly - No Incidents,12.0,2021.0,JAN-2022,, ,,,, ,, , ,, ,,, , ,,,, , , , , , , , ,,, ,,, , ,, ,, ,, ,, ,,, ,,,,, ,, , , , , , , , ,,,,,,,, , , , , , , , , , , ,,,,,, , , , , , , , , , , , , , , , , , ,, ,,, ,,, ,, ,, ,, ,, ,Other
30510-2109,1,"Cyngn, Inc",Monthly - No Incidents,1.0,2022.0,JAN-2022,, ,,,, ,, , ,, ,,, , ,,,, , , , , , , , ,,, ,,, , ,, ,, ,, ,, ,,, ,,,,, ,, , , , , , , , ,,,,,,,, , , , , , , , , , , ,,,,,, , , , , , , , , , , , , , , , , , ,, ,,, ,,, ,, ,, ,, ,, ,Other
1306-2108,1,Toyota Motor Engineering & Manufacturing,Monthly - No Incidents,1.0,2022.0,JAN-2022,, ,,,, ,, , ,, ,,, , ,,,, , , , , , , , ,,, ,,, , ,, ,, ,, ,, ,,, ,,,,, ,, , , , , , , , ,,,,,,,, , , , , , , , , , , ,,,,,, , , , , , , , , , , , , , , , , , ,, ,,, ,,, ,, ,, ,, ,, ,Other
30793-2049,1,"Woven Planet North America, Inc.",Monthly - No Incidents,12.0,2021.0,JAN-2022,, ,,,, ,, , ,, ,,, , ,,,, , , , , , , , ,,, ,,, , ,, ,, ,, ,, ,,, ,,,,, ,, , , , , , , , ,,,,,,,, , , , , , , , , , , ,,,,,, , , , , , , , , , , , , , , , , , ,, ,,, ,,, ,, ,, ,, ,, ,Other
10039-2106,1,"BMW of North America, LLC",Monthly - No Incidents,1.0,2022.0,JAN-2022,, ,,,, ,, , ,, ,,, , ,,,, , , , , , , , ,,, ,,, , ,, ,, ,, ,, ,,, ,,,,, ,, , , , , , , , ,,,,,,,, , , , , , , , , , , ,,,,,, , , , , , , , , , , , , , , , , , ,, ,,, ,,, ,, ,, ,, ,, ,Other
10003-2107,1,"Navistar, Inc.",Monthly - No Incidents,1.0,2022.0,JAN-2022,, ,,,, ,, , ,, ,,, , ,,,, , , , , , , , ,,, ,,, , ,, ,, ,, ,, ,,, ,,,,, ,, , , , , , , , ,,,,,,,, , , , , , , , , , , ,,,,,, , , , , , , , , , , , , , , , , , ,, ,,, ,,, ,, ,, ,, ,, ,Other
30370-2097,1,TuSimple,Monthly - No Incidents,12.0,2021.0,JAN-2022,, ,,,, ,, , ,, ,,, , ,,,, , , , , , , , ,,, ,,, , ,, ,, ,, ,, ,,, ,,,,, ,, , , , , , , , ,,,,,,,, , , , , , , , , , , ,,,,,, , , , , , , , , , , , , , , , , , ,, ,,, ,,, ,, ,, ,, ,, ,Other
273-2096,1,"Chrysler (FCA US, LLC)",Monthly - No Incidents,1.0,2022.0,JAN-2022,, ,,,, ,, , ,, ,,, , ,,,, , , , , , , , ,,, ,,, , ,, ,, ,, ,, ,,, ,,,,, ,, , , , , , , , ,,,,,,,, , , , , , , , , , , ,,,,,, , , , , , , , , , , , , , , , , , ,, ,,, ,,, ,, ,, ,, ,, ,Other
30370-2094,1,TuSimple,Monthly - No Incidents,1.0,2022.0,JAN-2022,, ,,,, ,, , ,, ,,, , ,,,, , , , , , , , ,,, ,,, , ,, ,, ,, ,, ,,, ,,,,, ,, , , , , , , , ,,,,,,,, , , , , , , , , , , ,,,,,, , , , , , , , , , , , , , , , , , ,, ,,, ,,, ,, ,, ,, ,, ,Other
20681-2093,1,McLaren Automotive Incorporated,Monthly - No Incidents,1.0,2022.0,JAN-2022,, ,,,, ,, , ,, ,,, , ,,,, , , , , , , , ,,, ,,, , ,, ,, ,, ,, ,,, ,,,,, ,, , , , , , , , ,,,,,,,, , , , , , , , , , , ,,,,,, , , , , , , , , , , , , , , , , , ,, ,,, ,,, ,, ,, ,, ,, ,Other
31092-2092,1,"Einride AB, Nordic Innovation House",Monthly - No Incidents,1.0,2022.0,JAN-2022,, ,,,, ,, , ,, ,,, , ,,,, , , , , , , , ,,, ,,, , ,, ,, ,, ,, ,,, ,,,,, ,, , , , , , , , ,,,,,,,, , , , , , , , , , , ,,,,,, , , , , , , , , , , , , , , , , , ,, ,,, ,,, ,, ,, ,, ,, ,Other
30414-2091,1,Easymile Inc.,Monthly - No Incidents,12.0,2021.0,JAN-2022,, ,,,, ,, , ,, ,,, , ,,,, , , , , , , , ,,, ,,, , ,, ,, ,, ,, ,,, ,,,,, ,, , , , , , , , ,,,,,,,, , , , , , , , , , , ,,,,,, , , , , , , , , , , , , , , , , , ,, ,,, ,,, ,, ,, ,, ,, ,Other
945-2090,1,"Nissan North America, Inc.",Monthly - No Incidents,12.0,2021.0,JAN-2022,, ,,,, ,, , ,, ,,, , ,,,, , , , , , , , ,,, ,,, , ,, ,, ,, ,, ,,, ,,,,, ,, , , , , , , , ,,,,,,,, , , , , , , , , , , ,,,,,, , , , , , , , , , , , , , , , , , ,, ,,, ,,, ,, ,, ,, ,, ,Other
30353-2089,1,Magna International Inc.,Monthly - No Incidents,12.0,2021.0,JAN-2022,, ,,,, ,, , ,, ,,, , ,,,, , , , , , , , ,,, ,,, , ,, ,, ,, ,, ,,, ,,,,, ,, , , , , , , , ,,,,,,,, , , , , , , , , , , ,,,,,, , , , , , , , , , , , , , , , , , ,, ,,, ,,, ,, ,, ,, ,, ,Other
10561-2088,1,APTIV,Monthly - No Incidents,1.0,2022.0,JAN-2022,, ,,,, ,, , ,, ,,, , ,,,, , , , , , , , ,,, ,,, , ,, ,, ,, ,, ,,, ,,,,, ,, , , , , , , , ,,,,,,,, , , , , , , , , , , ,,,,,, , , , , , , , , , , , , , , , , , ,, ,,, ,,, ,, ,, ,, ,, ,Other
10767-2087,1,"Bentley Motors, Inc.",Monthly - No Incidents,12.0,2021.0,JAN-2022,, ,,,, ,, , ,, ,,, , ,,,, , , , , , , , ,,, ,,, , ,, ,, ,, ,, ,,, ,,,,, ,, , , , , , , , ,,,,,,,, , , , , , , , , , , ,,,,,, , , , , , , , , , , , , , , , , , ,, ,,, ,,, ,, ,, ,, ,, ,Other
30533-2086,1,STEER Tech,Monthly - No Incidents,1.0,2022.0,JAN-2022,, ,,,, ,, , ,, ,,, , ,,,, , , , , , , , ,,, ,,, , ,, ,, ,, ,, ,,, ,,,,, ,, , , , , , , , ,,,,,,,, , , , , , , , , , , ,,,,,, , , , , , , , , , , , , , , , , , ,, ,,, ,,, ,, ,, ,, ,, ,Other
11199-2085,1,"Continental Automotive Systems, Inc.",Monthly - No Incidents,1.0,2022.0,JAN-2022,, ,,,, ,, , ,, ,,, , ,,,, , , , , , , , ,,, ,,, , ,, ,, ,, ,, ,,, ,,,,, ,, , , , , , , , ,,,,,,,, , , , , , , , , , , ,,,,,, , , , , , , , , , , , , , , , , , ,, ,,, ,,, ,, ,, ,, ,, ,Other
31096-2084,1,"MV Transportation, Inc",Monthly - No Incidents,1.0,2022.0,JAN-2022,, ,,,, ,, , ,, ,,, , ,,,, , , , , , , , ,,, ,,, , ,, ,, ,, ,, ,,, ,,,,, ,, , , , , , , , ,,,,,,,, , , , , , , , , , , ,,,,,, , , , , , , , , , , , , , , , , , ,, ,,, ,,, ,, ,, ,, ,, ,Other
14961-2083,1,"Jaguar Land Rover North America, LLC",Monthly - No Incidents,1.0,2022.0,JAN-2022,, ,,,, ,, , ,, ,,, , ,,,, , , , , , , , ,,, ,,, , ,, ,, ,, ,, ,,, ,,,,, ,, , , , , , , , ,,,,,,,, , , , , , , , , , , ,,,,,, , , , , , , , , , , , , , , , , , ,, ,,, ,,, ,, ,, ,, ,, ,Other
472-2081,1,"Ferrari North America, Inc.",Monthly - No Incidents,1.0,2022.0,JAN-2022,, ,,,, ,, , ,, ,,, , ,,,, , , , , , , , ,,, ,,, , ,, ,, ,, ,, ,,, ,,,,, ,, , , , , , , , ,,,,,,,, , , , , , , , , , , ,,,,,, , , , , , , , , , , , , , , , , , ,, ,,, ,,, ,, ,, ,, ,, ,Other
30711-2080,1,Pony.ai,Monthly - No Incidents,1.0,2022.0,JAN-2022,, ,,,, ,, , ,, ,,, , ,,,, , , , , , , , ,,, ,,, , ,, ,, ,, ,, ,,, ,,,,, ,, , , , , , , , ,,,,,,,, , , , , , , , , , , ,,,,,, , , , , , , , , , , , , , , , , , ,, ,,, ,,, ,, ,, ,, ,, ,Other
1712-2079,1,"Robert Bosch, LLC",Monthly - No Incidents,1.0,2022.0,JAN-2022,, ,,,, ,, , ,, ,,, , ,,,, , , , , , , , ,,, ,,, , ,, ,, ,, ,, ,,, ,,,,, ,, , , , , , , , ,,,,,,,, , , , , , , , , , , ,,,,,, , , , , , , , , , , , , , , , , , ,, ,,, ,,, ,, ,, ,, ,, ,Other
690-2077,1,"Isuzu Technical Center of America, Inc.",Monthly - No Incidents,12.0,2021.0,JAN-2022,, ,,,, ,, , ,, ,,, , ,,,, , , , , , , , ,,, ,,, , ,, ,, ,, ,, ,,, ,,,,, ,, , , , , , , , ,,,,,,,, , , , , , , , , , , ,,,,,, , , , , , , , , , , , , , , , , , ,, ,,, ,,, ,, ,, ,, ,, ,Other
837-2076,1,"Maserati North America, Inc.",Monthly - No Incidents,1.0,2022.0,JAN-2022,, ,,,, ,, , ,, ,,, , ,,,, , , , , , , , ,,, ,,, , ,, ,, ,, ,, ,,, ,,,,, ,, , , , , , , , ,,,,,,,, , , , , , , , , , , ,,,,,, , , , , , , , , , , , , , , , , , ,, ,,, ,,, ,, ,, ,, ,, ,Other
31099-2075,1,"Telenav, Inc.",Monthly - No Incidents,1.0,2022.0,JAN-2022,, ,,,, ,, , ,, ,,, , ,,,, , , , , , , , ,,, ,,, , ,, ,, ,, ,, ,,, ,,,,, ,, , , , , , , , ,,,,,,,, , , , , , , , , , , ,,,,,, , , , , , , , , , , , , , , , , , ,, ,,, ,,, ,, ,, ,, ,, ,Other
29229-2074,1,"Lyft, Inc.",Monthly - No Incidents,12.0,2021.0,JAN-2022,, ,,,, ,, , ,, ,,, , ,,,, , , , , , , , ,,, ,,, , ,, ,, ,, ,, ,,, ,,,,, ,, , , , , , , , ,,,,,,,, , , , , , , , , , , ,,,,,, , , , , , , , , , , , , , , , , , ,, ,,, ,,, ,, ,, ,, ,, ,Other
30450-2071,1,Ghost Locomotion Inc.,Monthly - No Incidents,1.0,2022.0,JAN-2022,, ,,,, ,, , ,, ,,, , ,,,, , , , , , , , ,,, ,,, , ,, ,, ,, ,, ,,, ,,,,, ,, , , , , , , , ,,,,,,,, , , , , , , , , , , ,,,,,, , , , , , , , , , , , , , , , , , ,, ,,, ,,, ,, ,, ,, ,, ,Other
1550-2069,1,Lamborghini (Automobili Lamborghini),Monthly - No Incidents,12.0,2021.0,JAN-2022,, ,,,, ,, , ,, ,,, , ,,,, , , , , , , , ,,, ,,, , ,, ,, ,, ,, ,,, ,,,,, ,, , , , , , , , ,,,,,,,, , , , , , , , , , , ,,,,,, , , , , , , , , , , , , , , , , , ,, ,,, ,,, ,, ,, ,, ,, ,Other
30330-2068,1,"TORC Robotics, Inc.",Monthly - No Incidents,1.0,2022.0,JAN-2022,, ,,,, ,, , ,, ,,, , ,,,, , , , , , , , ,,, ,,, , ,, ,, ,, ,, ,,, ,,,,, ,, , , , , , , , ,,,,,,,, , , , , , , , , , , ,,,,,, , , , , , , , , , , , , , , , , , ,, ,,, ,,, ,, ,, ,, ,, ,Other
31030-2067,1,Dominion Energy,Monthly - No Incidents,12.0,2021.0,JAN-2022,, ,,,, ,, , ,, ,,, , ,,,, , , , , , , , ,,, ,,, , ,, ,, ,, ,, ,,, ,,,,, ,, , , , , , , , ,,,,,,,, , , , , , , , , , , ,,,,,, , , , , , , , , , , , , , , , , , ,, ,,, ,,, ,, ,, ,, ,, ,Other
30930-2066,1,MANDO Mobility Solutions,Monthly - No Incidents,1.0,2022.0,JAN-2022,, ,,,, ,, , ,, ,,, , ,,,, , , , , , , , ,,, ,,, , ,, ,, ,, ,, ,,, ,,,,, ,, , , , , , , , ,,,,,,,, , , , , , , , , , , ,,,,,, , , , , , , , , , , , , , , , , , ,, ,,, ,,, ,, ,, ,, ,, ,Other
12381-2064,1,"Daimler Trucks North America, LLC",Monthly - No Incidents,12.0,2021.0,JAN-2022,, ,,,, ,, , ,, ,,, , ,,,, , , , , , , , ,,, ,,, , ,, ,, ,, ,, ,,, ,,,,, ,, , , , , , , , ,,,,,,,, , , , , , , , , , , ,,,,,, , , , , , , , , , , , , , , , , , ,, ,,, ,,, ,, ,, ,, ,, ,Other
988-2063,1,PACCAR Incorporated,Monthly - No Incidents,12.0,2021.0,JAN-2022,, ,,,, ,, , ,, ,,, , ,,,, , , , , , , , ,,, ,,, , ,, ,, ,, ,, ,,, ,,,,, ,, , , , , , , , ,,,,,,,, , , , , , , , , , , ,,,,,, , , , , , , , , , , , , , , , , , ,, ,,, ,,, ,, ,, ,, ,, ,Other
2622-2062,1,"Bendix Commercial Vehicle Systems, LLC",Monthly - No Incidents,1.0,2022.0,JAN-2022,, ,,,, ,, , ,, ,,, , ,,,, , , , , , , , ,,, ,,, , ,, ,, ,, ,, ,,, ,,,,, ,, , , , , , , , ,,,,,,,, , , , , , , , , , , ,,,,,, , , , , , , , , , , , , , , , , , ,, ,,, ,,, ,, ,, ,, ,, ,Other
30410-2061,1,Motional,Monthly - No Incidents,12.0,2021.0,JAN-2022,, ,,,, ,, , ,, ,,, , ,,,, , , , , , , , ,,, ,,, , ,, ,, ,, ,, ,,, ,,,,, ,, , , , , , , , ,,,,,,,, , , , , , , , , , , ,,,,,, , , , , , , , , , , , , , , , , , ,, ,,, ,,, ,, ,, ,, ,, ,Other
30433-2052,1,DiDi Labs,Monthly - No Incidents,1.0,2022.0,JAN-2022,, ,,,, ,, , ,, ,,, , ,,,, , , , , , , , ,,, ,,, , ,, ,, ,, ,, ,,, ,,,,, ,, , , , , , , , ,,,,,,,, , , , , , , , , , , ,,,,,, , , , , , , , , , , , , , , , , , ,, ,,, ,,, ,, ,, ,, ,, ,Other
30432-2051,1,Apex.AI Inc.,Monthly - No Incidents,1.0,2022.0,JAN-2022,, ,,,, ,, , ,, ,,, , ,,,, , , , , , , , ,,, ,,, , ,, ,, ,, ,, ,,, ,,,,, ,, , , , , , , , ,,,,,,,, , , , , , , , , , , ,,,,,, , , , , , , , , , , , , , , , , , ,, ,,, ,,, ,, ,, ,, ,, ,Other
19901-2050,1,Valeo,Monthly - No Incidents,12.0,2021.0,JAN-2022,, ,,,, ,, , ,, ,,, , ,,,, , , , , , , , ,,, ,,, , ,, ,, ,, ,, ,,, ,,,,, ,, , , , , , , , ,,,,,,,, , , , , , , , , , , ,,,,,, , , , , , , , , , , , , , , , , , ,, ,,, ,,, ,, ,, ,, ,, ,Other
30630-2048,1,Ambarella,Monthly - No Incidents,12.0,2021.0,JAN-2022,, ,,,, ,, , ,, ,,, , ,,,, , , , , , , , ,,, ,,, , ,, ,, ,, ,, ,,, ,,,,, ,, , , , , , , , ,,,,,,,, , , , , , , , , , , ,,,,,, , , , , , , , , , , , , , , , , , ,, ,,, ,,, ,, ,, ,, ,, ,Other
31093-2031,1,Imagry Inc.,Monthly - No Incidents,12.0,2021.0,JAN-2022,, ,,,, ,, , ,, ,,, , ,,,, , , , , , , , ,,, ,,, , ,, ,, ,, ,, ,,, ,,,,, ,, , , , , , , , ,,,,,,,, , , , , , , , , , , ,,,,,, , , , , , , , , , , , , , , , , , ,, ,,, ,,, ,, ,, ,, ,, ,Other
29771-2029,1,BorgWarner,Monthly - No Incidents,1.0,2022.0,JAN-2022,, ,,,, ,, , ,, ,,, , ,,,, , , , , , , , ,,, ,,, , ,, ,, ,, ,, ,,, ,,,,, ,, , , , , , , , ,,,,,,,, , , , , , , , , , , ,,,,,, , , , , , , , , , , , , , , , , , ,, ,,, ,,, ,, ,, ,, ,, ,Other
30413-2028,1,May Mobility,Monthly - No Incidents,12.0,2021.0,JAN-2022,, ,,,, ,, , ,, ,,, , ,,,, , , , , , , , ,,, ,,, , ,, ,, ,, ,, ,,, ,,,,, ,, , , , , , , , ,,,,,,,, , , , , , , , , , , ,,,,,, , , , , , , , , , , , , , , , , , ,, ,,, ,,, ,, ,, ,, ,, ,Other
30434-2027,1,"Udelv, Inc.",Monthly - No Incidents,12.0,2021.0,JAN-2022,, ,,,, ,, , ,, ,,, , ,,,, , , , , , , , ,,, ,,, , ,, ,, ,, ,, ,,, ,,,,, ,, , , , , , , , ,,,,,,,, , , , , , , , , , , ,,,,,, , , , , , , , , , , , , , , , , , ,, ,,, ,,, ,, ,, ,, ,, ,Other
30434-2026,1,"Udelv, Inc.",Monthly - No Incidents,11.0,2021.0,JAN-2022,, ,,,, ,, , ,, ,,, , ,,,, , , , , , , , ,,, ,,, , ,, ,, ,, ,, ,,, ,,,,, ,, , , , , , , , ,,,,,,,, , , , , , , , , , , ,,,,,, , , , , , , , , , , , , , , , , , ,, ,,, ,,, ,, ,, ,, ,, ,Other
30434-2025,1,"Udelv, Inc.",Monthly - No Incidents,10.0,2021.0,JAN-2022,, ,,,, ,, , ,, ,,, , ,,,, , , , , , , , ,,, ,,, , ,, ,, ,, ,, ,,, ,,,,, ,, , , , , , , , ,,,,,,,, , , , , , , , , , , ,,,,,, , , , , , , , , , , , , , , , , , ,, ,,, ,,, ,, ,, ,, ,, ,Other