Report ID,Report Version,Reporting Entity,Report Type,Report Month,Report Year,Report Submission Date,VIN,VIN - Unknown,Serial Number,Make,Model,Model - Unknown,Model Year,Model Year - Unknown,Same Vehicle ID,Mileage,Mileage - Unknown,Driver / Operator Type,ADAS/ADS Version,ADAS/ADS Version - Unknown,ADAS/ADS Version CBI,ADS Equipped?,Automation System Engaged?,Operating Entity,Operating Entity - Unknown,Source - Complaint/Claim,Source - Telematics,Source - Law Enforcement,Source - Field Report,Source - Testing,Source - Media,Source - Other,Source - Other Text,Incident Date,Incident Date - Unknown,Notice Received Date,Incident Time (24:00),Incident Time - Unknown,Same Incident ID,Latitude,Latitude  - Unknown,Longitude,Longitude - Unknown,Address,Address - Unknown,City,City - Unknown,State,Zip Code,Zip Code - Unknown,Roadway Type,Roadway Surface,Roadway Description,Posted Speed Limit (MPH),Posted Speed Limit - Unknown,Lighting,Weather - Clear,Weather - Snow,Weather - Cloudy,Weather - Fog/Smoke,Weather - Rain,Weather - Severe Wind,Weather - Unknown,Weather - Other,Weather - Other Text,Crash With,Highest Injury Severity,Property Damage?,CP Pre-Crash Movement,CP Any Air Bags Deployed?,CP Was Vehicle Towed?,CP Contact Area - Rear Left,CP Contact Area - Left,CP Contact Area - Front Left,CP Contact Area - Rear,CP Contact Area - Top,CP Contact Area - Front,CP Contact Area - Rear Right,CP Contact Area - Right,CP Contact Area - Front Right,CP Contact Area - Bottom,CP Contact Area - Unknown,SV Pre-Crash Movement,SV Any Air Bags Deployed?,SV Was Vehicle Towed?,SV Were All Passengers Belted?,SV Precrash Speed (MPH),SV Pre-crash Speed - Unknown,SV Contact Area - Rear Left,SV Contact Area - Left,SV Contact Area - Front Left,SV Contact Area - Rear,SV Contact Area - Top,SV Contact Area - Front,SV Contact Area - Rear Right,SV Contact Area - Right,SV Contact Area - Front Right,SV Contact Area - Bottom,SV Contact Area - Unknown,Data Availability - EDR,Data Availability - Police Rpt,Data Availability - Telematics,Data Availability - Complaints,Data Availability - Video,Data Availability - Other,Data Availability - No Data,Data Availability - Unknown,Law Enforcement Investigating?,Investigating Agency,Investigating Agency - Unknown,Rep Ent Or Mfr Investigating?,Investigating Officer Name,Inv. Officer Name - Unknown,Investigating Officer Phone,Inv. Officer Phone - Unknown,Investigating Officer Email,Inv. Officer Email - Unknown,Within ODD?,Within ODD? - CBI,Narrative,Narrative - CBI?,system_type
31099-1190,1,"Telenav, Inc.",Monthly - No Incidents,1.0,2020.0,SEP-2021,, ,,,, ,, , ,, ,,, , ,,,, , , , , , , , ,,, ,,, , ,, ,, ,, ,, ,,, ,,,,, ,, , , , , , , , ,,,,,,,, , , , , , , , , , , ,,,,,, , , , , , , , , , , , , , , , , , ,, ,,, ,,, ,, ,, ,, ,, ,Other
31099-1189,1,"Telenav, Inc.",Monthly - No Incidents,2.0,2020.0,SEP-2021,, ,,,, ,, , ,, ,,, , ,,,, , , , , , , , ,,, ,,, , ,, ,, ,, ,, ,,, ,,,,, ,, , , , , , , , ,,,,,,,, , , , , , , , , , , ,,,,,, , , , , , , , , , , , , , , , , , ,, ,,, ,,, ,, ,, ,, ,, ,Other
31099-1188,1,"Telenav, Inc.",Monthly - No Incidents,3.0,2020.0,SEP-2021,, ,,,, ,, , ,, ,,, , ,,,, , , , , , , , ,,, ,,, , ,, ,, ,, ,, ,,, ,,,,, ,, , , , , , , , ,,,,,,,, , , , , , , , , , , ,,,,,, , , , , , , , , , , , , , , , , , ,, ,,, ,,, ,, ,, ,, ,, ,Other
31099-1187,1,"Telenav, Inc.",Monthly - No Incidents,4.0,2020.0,SEP-2021,, ,,,, ,, , ,, ,,, , ,,,, , , , , , , , ,,, ,,, , ,, ,, ,, ,, ,,, ,,,,, ,, , , , , , , , ,,,,,,,, , , , , , , , , , , ,,,,,, , , , , , , , , , , , , , , , , , ,, ,,, ,,, ,, ,, ,, ,, ,Other
31099-1186,1,"Telenav, Inc.",Monthly - No Incidents,5.0,2020.0,SEP-2021,, ,,,, ,, , ,, ,,, , ,,,, , , , , , , , ,,, ,,, , ,, ,, ,, ,, ,,, ,,,,, ,, , , , , , , , ,,,,,,,, , , , , , , , , , , ,,,,,, , , , , , , , , , , , , , , , , , ,, ,,, ,,, ,, ,, ,, ,, ,Other
31099-1185,1,"Telenav, Inc.",Monthly - No Incidents,6.0,2020.0,SEP-2021,, ,,,, ,, , ,, ,,, , ,,,, , , , , , , , ,,, ,,, , ,, ,, ,, ,, ,,, ,,,,, ,, , , , , , , , ,,,,,,,, , , , , , , , , , , ,,,,,, , , , , , , , , , , , , , , , , , ,, ,,, ,,, ,, ,, ,, ,, ,Other
31099-1184,1,"Telenav, Inc.",Monthly - No Incidents,7.0,2020.0,SEP-2021,, ,,,, ,, , ,, ,,, , ,,,, , , , , , , , ,,, ,,, , ,, ,, ,, ,, ,,, ,,,,, ,, , , , , , , , ,,,,,,,, , , , , , , , , , , ,,,,,, , , , , , , , , , , , , , , , , , ,, ,,, ,,, ,, ,, ,, ,, ,Other
31099-1183,1,"Telenav, Inc.",Monthly - No Incidents,8.0,2020.0,SEP-2021,, ,,,, ,, , ,, ,,, , ,,,, , , , , , , , ,,, ,,, , ,, ,, ,, ,, ,,, ,,,,, ,, , , , , , , , ,,,,,,,, , , , , , , , , , , ,,,,,, , , , , , , , , , , , , , , , , , ,, ,,, ,,, ,, ,, ,, ,, ,Other
31099-1182,1,"Telenav, Inc.",Monthly - No Incidents,9.0,2020.0,SEP-2021,, ,,,, ,, , ,, ,,, , ,,,, , , , , , , , ,,, ,,, , ,, ,, ,, ,, ,,, ,,,,, ,, , , , , , , , ,,,,,,,, , , , , , , , , , , ,,,,,, , , , , , , , , , , , , , , , , , ,, ,,, ,,, ,, ,, ,, ,, ,Other
31099-1181,1,"Telenav, Inc.",Monthly - No Incidents,10.0,2020.0,SEP-2021,, ,,,, ,, , ,, ,,, , ,,,, , , , , , , , ,,, ,,, , ,, ,, ,, ,, ,,, ,,,,, ,, , , , , , , , ,,,,,,,, , , , , , , , , , , ,,,,,, , , , , , , , , , , , , , , , , , ,, ,,, ,,, ,, ,, ,, ,, ,Other
31099-1180,1,"Telenav, Inc.",Monthly - No Incidents,11.0,2020.0,SEP-2021,, ,,,, ,, , ,, ,,, , ,,,, , , , , , , , ,,, ,,, , ,, ,, ,, ,, ,,, ,,,,, ,, , , , , , , , ,,,,,,,, , , , , , , , , , , ,,,,,, , , , , , , , , , , , , , , , , , ,, ,,, ,,, ,, ,, ,, ,, ,Other
31099-1179,1,"Telenav, Inc.",Monthly - No Incidents,12.0,2020.0,SEP-2021,, ,,,, ,, , ,, ,,, , ,,,, , , , , , , , ,,, ,,, , ,, ,, ,, ,, ,,, ,,,,, ,, , , , , , , , ,,,,,,,, , , , , , , , , , , ,,,,,, , , , , , , , , , , , , , , , , , ,, ,,, ,,, ,, ,, ,, ,, ,Other
31099-1178,1,"Telenav, Inc.",Monthly - No Incidents,1.0,2021.0,SEP-2021,, ,,,, ,, , ,, ,,, , ,,,, , , , , , , , ,,, ,,, , ,, ,, ,, ,, ,,, ,,,,, ,, , , , , , , , ,,,,,,,, , , , , , , , , , , ,,,,,, , , , , , , , , , , , , , , , , , ,, ,,, ,,, ,, ,, ,, ,, ,Other
31099-1177,1,"Telenav, Inc.",Monthly - No Incidents,2.0,2021.0,SEP-2021,, ,,,, ,, , ,, ,,, , ,,,, , , , , , , , ,,, ,,, , ,, ,, ,, ,, ,,, ,,,,, ,, , , , , , , , ,,,,,,,, , , , , , , , , , , ,,,,,, , , , , , , , , , , , , , , , , , ,, ,,, ,,, ,, ,, ,, ,, ,Other
31099-1176,1,"Telenav, Inc.",Monthly - No Incidents,3.0,2021.0,SEP-2021,, ,,,, ,, , ,, ,,, , ,,,, , , , , , , , ,,, ,,, , ,, ,, ,, ,, ,,, ,,,,, ,, , , , , , , , ,,,,,,,, , , , , , , , , , , ,,,,,, , , , , , , , , , , , , , , , , , ,, ,,, ,,, ,, ,, ,, ,, ,Other
31099-1175,1,"Telenav, Inc.",Monthly - No Incidents,4.0,2021.0,SEP-2021,, ,,,, ,, , ,, ,,, , ,,,, , , , , , , , ,,, ,,, , ,, ,, ,, ,, ,,, ,,,,, ,, , , , , , , , ,,,,,,,, , , , , , , , , , , ,,,,,, , , , , , , , , , , , , , , , , , ,, ,,, ,,, ,, ,, ,, ,, ,Other
31099-1174,1,"Telenav, Inc.",Monthly - No Incidents,5.0,2021.0,SEP-2021,, ,,,, ,, , ,, ,,, , ,,,, , , , , , , , ,,, ,,, , ,, ,, ,, ,, ,,, ,,,,, ,, , , , , , , , ,,,,,,,, , , , , , , , , , , ,,,,,, , , , , , , , , , , , , , , , , , ,, ,,, ,,, ,, ,, ,, ,, ,Other
31099-1173,1,"Telenav, Inc.",Monthly - No Incidents,6.0,2021.0,SEP-2021,, ,,,, ,, , ,, ,,, , ,,,, , , , , , , , ,,, ,,, , ,, ,, ,, ,, ,,, ,,,,, ,, , , , , , , , ,,,,,,,, , , , , , , , , , , ,,,,,, , , , , , , , , , , , , , , , , , ,, ,,, ,,, ,, ,, ,, ,, ,Other
31099-1172,1,"Telenav, Inc.",Monthly - No Incidents,7.0,2021.0,SEP-2021,, ,,,, ,, , ,, ,,, , ,,,, , , , , , , , ,,, ,,, , ,, ,, ,, ,, ,,, ,,,,, ,, , , , , , , , ,,,,,,,, , , , , , , , , , , ,,,,,, , , , , , , , , , , , , , , , , , ,, ,,, ,,, ,, ,, ,, ,, ,Other
31099-1171,1,"Telenav, Inc.",Monthly - No Incidents,8.0,2021.0,SEP-2021,, ,,,, ,, , ,, ,,, , ,,,, , , , , , , , ,,, ,,, , ,, ,, ,, ,, ,,, ,,,,, ,, , , , , , , , ,,,,,,,, , , , , , , , , , , ,,,,,, , , , , , , , , , , , , , , , , , ,, ,,, ,,, ,, ,, ,, ,, ,Other
31099-1170,1,"Telenav, Inc.",Monthly - No Incidents,9.0,2021.0,SEP-2021,, ,,,, ,, , ,, ,,, , ,,,, , , , , , , , ,,, ,,, , ,, ,, ,, ,, ,,, ,,,,, ,, , , , , , , , ,,,,,,,, , , , , , , , , , , ,,,,,, , , , , , , , , , , , , , , , , , ,, ,,, ,,, ,, ,, ,, ,, ,Other
31096-1167,1,"MV Transportation, Inc",Monthly - No Incidents,8.0,2021.0,SEP-2021,, ,,,, ,, , ,, ,,, , ,,,, , , , , , , , ,,, ,,, , ,, ,, ,, ,, ,,, ,,,,, ,, , , , , , , , ,,,,,,,, , , , , , , , , , , ,,,,,, , , , , , , , , , , , , , , , , , ,, ,,, ,,, ,, ,, ,, ,, ,Other
540-1136,2,"General Motors, LLC",10-Day Update,,,SEP-2021,1G6KP5R60JU, ,,Cadillac,CT6, ,2018.0, ,731e0784404339d,,Y,Consumer,,Y, ,,,, , ,Y, , , , ,Y,OnStar,AUG-2021, ,AUG-2021,07:42, ,f75b4de1d3c0dc5,[MAY CONTAIN PERSONALLY IDENTIFIABLE INFORMATION], ,[MAY CONTAIN PERSONALLY IDENTIFIABLE INFORMATION], ,[MAY CONTAIN PERSONALLY IDENTIFIABLE INFORMATION], ,Houston, ,TX ,,Y,Highway / Freeway,Dry,Unknown,65.0, ,Dawn / Dusk, , ,Y, , , , , ,,Other Fixed Object,Unknown,Unknown,,,, , , , , , , , , , , ,Proceeding Straight,No,Yes,"No, see Narrative",73.0, , , , , , , , , , , ,Y, , , , , , , ,Y,Unknown,,Y,Yes,,Y,,Y,,Y,Unknown, ,"This single-vehicle crash involved a 2018 model year Cadillac CT6 vehicle.  GM's current understanding of the crash is based on OnStar telematics data and the driver's statements after the crash to an OnStar representative.   Before the crash, the vehicle was proceeding straight on a freeway road with Super Cruise engaged.  The driver reported to OnStar that the cause of the crash was his inadvertent contact with the steering wheel that occurred when he bent down to pick something up off the floor of the vehicle.  This is consistent with telematics data, which indicates that the driver provided a manual override input into the steering wheel approximately four seconds before the crash.  This steering wheel input simultaneously disengaged Super Cruise and caused the sequence of events that led to the vehicle crashing into a fixed on-road barrier.  Super Cruise was not active at the time of the crash.  After the Crash, OnStar Emergency contacted the driver and found out the driver was alert and responsive, and requested emergency assistance.  GM believes, but has not confirmed, that the vehicle was towed from the scene.  Telematics data indicates that the driver was not belted at the time of the crash.   GM does not know whether the driver or any vehicle passengers were injured during the crash.
Since the time of submission, there is no new information at this time to update.", ,Other
1263-1162,1,"Suzuki Motor USA, LLC",Monthly - No Incidents,9.0,2021.0,SEP-2021,, ,,,, ,, , ,, ,,, , ,,,, , , , , , , , ,,, ,,, , ,, ,, ,, ,, ,,, ,,,,, ,, , , , , , , , ,,,,,,,, , , , , , , , , , , ,,,,,, , , , , , , , , , , , , , , , , , ,, ,,, ,,, ,, ,, ,, ,, ,Other
30411-1159,1,Pronto AI,Monthly - No Incidents,9.0,2021.0,SEP-2021,, ,,,, ,, , ,, ,,, , ,,,, , , , , , , , ,,, ,,, , ,, ,, ,, ,, ,,, ,,,,, ,, , , , , , , , ,,,,,,,, , , , , , , , , , , ,,,,,, , , , , , , , , , , , , , , , , , ,, ,,, ,,, ,, ,, ,, ,, ,Other
30631-1156,1,"Locomation, Inc. ",Monthly - No Incidents,8.0,2021.0,SEP-2021,, ,,,, ,, , ,, ,,, , ,,,, , , , , , , , ,,, ,,, , ,, ,, ,, ,, ,,, ,,,,, ,, , , , , , , , ,,,,,,,, , , , , , , , , , , ,,,,,, , , , , , , , , , , , , , , , , , ,, ,,, ,,, ,, ,, ,, ,, ,Other
29229-1155,1,"Lyft, Inc.",Monthly - No Incidents,7.0,2021.0,AUG-2021,, ,,,, ,, , ,, ,,, , ,,,, , , , , , , , ,,, ,,, , ,, ,, ,, ,, ,,, ,,,,, ,, , , , , , , , ,,,,,,,, , , , , , , , , , , ,,,,,, , , , , , , , , , , , , , , , , , ,, ,,, ,,, ,, ,, ,, ,, ,Other
1550-1153,1,Lamborghini (Automobili Lamborghini),Monthly - No Incidents,7.0,2021.0,AUG-2021,, ,,,, ,, , ,, ,,, , ,,,, , , , , , , , ,,, ,,, , ,, ,, ,, ,, ,,, ,,,,, ,, , , , , , , , ,,,,,,,, , , , , , , , , , , ,,,,,, , , , , , , , , , , , , , , , , , ,, ,,, ,,, ,, ,, ,, ,, ,Other
19901-1148,1,Valeo,Monthly - No Incidents,7.0,2021.0,AUG-2021,, ,,,, ,, , ,, ,,, , ,,,, , , , , , , , ,,, ,,, , ,, ,, ,, ,, ,,, ,,,,, ,, , , , , , , , ,,,,,,,, , , , , , , , , , , ,,,,,, , , , , , , , , , , , , , , , , , ,, ,,, ,,, ,, ,, ,, ,, ,Other
29771-1146,1,BorgWarner,Monthly - No Incidents,8.0,2021.0,AUG-2021,, ,,,, ,, , ,, ,,, , ,,,, , , , , , , , ,,, ,,, , ,, ,, ,, ,, ,,, ,,,,, ,, , , , , , , , ,,,,,,,, , , , , , , , , , , ,,,,,, , , , , , , , , , , , , , , , , , ,, ,,, ,,, ,, ,, ,, ,, ,Other
1550-1139,1,Lamborghini (Automobili Lamborghini),Monthly - No Incidents,8.0,2021.0,AUG-2021,, ,,,, ,, , ,, ,,, , ,,,, , , , , , , , ,,, ,,, , ,, ,, ,, ,, ,,, ,,,,, ,, , , , , , , , ,,,,,,,, , , , , , , , , , , ,,,,,, , , , , , , , , , , , , , , , , , ,, ,,, ,,, ,, ,, ,, ,, ,Other
540-1136,1,"General Motors, LLC",1-Day,,,AUG-2021,1G6KP5R60JU, ,,Cadillac,CT6, ,2018.0, ,731e0784404339d,,Y,Consumer,,Y, ,,,, , ,Y, , , , ,Y,OnStar,AUG-2021, ,AUG-2021,07:42, ,f75b4de1d3c0dc5,[MAY CONTAIN PERSONALLY IDENTIFIABLE INFORMATION], ,[MAY CONTAIN PERSONALLY IDENTIFIABLE INFORMATION], ,[MAY CONTAIN PERSONALLY IDENTIFIABLE INFORMATION], ,Houston, ,TX ,,Y,Highway / Freeway,Dry,Unknown,65.0, ,Dawn / Dusk, , ,Y, , , , , ,,Other Fixed Object,Unknown,Unknown,,,, , , , , , , , , , , ,Proceeding Straight,No,Yes,"No, see Narrative",73.0, , , , , , , , , , , ,Y, , , , , , , ,Y,Unknown,,Y,Yes,,Y,,Y,,Y,Unknown, ,"This single-vehicle crash involved a 2018 model year Cadillac CT6 vehicle.  GM's current understanding of the crash is based on OnStar telematics data and the driver's statements after the crash to an OnStar representative.   Before the crash, the vehicle was proceeding straight on a freeway road with Super Cruise engaged.  The driver reported to OnStar that the cause of the crash was his inadvertent contact with the steering wheel that occurred when he bent down to pick something up off the floor of the vehicle.  This is consistent with telematics data, which indicates that the driver provided a manual override input into the steering wheel approximately four seconds before the crash.  This steering wheel input simultaneously disengaged Super Cruise and caused the sequence of events that led to the vehicle crashing into a fixed on-road barrier.  Super Cruise was not active at the time of the crash.  After the Crash, OnStar Emergency contacted the driver and found out the driver was alert and responsive, and requested emergency assistance.  GM believes, but has not confirmed, that the vehicle was towed from the scene.  Telematics data indicates that the driver was not belted at the time of the crash.   GM does not know whether the driver or any vehicle passengers were injured during the crash.", ,Other
30631-1135,1,"Locomation, Inc. ",Monthly - No Incidents,7.0,2021.0,AUG-2021,, ,,,, ,, , ,, ,,, , ,,,, , , , , , , , ,,, ,,, , ,, ,, ,, ,, ,,, ,,,,, ,, , , , , , , , ,,,,,,,, , , , , , , , , , , ,,,,,, , , , , , , , , , , , , , , , , , ,, ,,, ,,, ,, ,, ,, ,, ,Other
2622-1132,1,"Bendix Commercial Vehicle Systems, LLC",Monthly - No Incidents,8.0,2021.0,AUG-2021,, ,,,, ,, , ,, ,,, , ,,,, , , , , , , , ,,, ,,, , ,, ,, ,, ,, ,,, ,,,,, ,, , , , , , , , ,,,,,,,, , , , , , , , , , , ,,,,,, , , , , , , , , , , , , , , , , , ,, ,,, ,,, ,, ,, ,, ,, ,Other
30630-1133,1,Ambarella,Monthly - No Incidents,7.0,2021.0,AUG-2021,, ,,,, ,, , ,, ,,, , ,,,, , , , , , , , ,,, ,,, , ,, ,, ,, ,, ,,, ,,,,, ,, , , , , , , , ,,,,,,,, , , , , , , , , , , ,,,,,, , , , , , , , , , , , , , , , , , ,, ,,, ,,, ,, ,, ,, ,, ,Other
31030-1131,1,Dominion Energy,Monthly - No Incidents,7.0,2021.0,AUG-2021,, ,,,, ,, , ,, ,,, , ,,,, , , , , , , , ,,, ,,, , ,, ,, ,, ,, ,,, ,,,,, ,, , , , , , , , ,,,,,,,, , , , , , , , , , , ,,,,,, , , , , , , , , , , , , , , , , , ,, ,,, ,,, ,, ,, ,, ,, ,Other
1263-1129,1,"Suzuki Motor USA, LLC",Monthly - No Incidents,7.0,2021.0,AUG-2021,, ,,,, ,, , ,, ,,, , ,,,, , , , , , , , ,,, ,,, , ,, ,, ,, ,, ,,, ,,,,, ,, , , , , , , , ,,,,,,,, , , , , , , , , , , ,,,,,, , , , , , , , , , , , , , , , , , ,, ,,, ,,, ,, ,, ,, ,, ,Other
1263-1128,1,"Suzuki Motor USA, LLC",Monthly - No Incidents,8.0,2021.0,AUG-2021,, ,,,, ,, , ,, ,,, , ,,,, , , , , , , , ,,, ,,, , ,, ,, ,, ,, ,,, ,,,,, ,, , , , , , , , ,,,,,,,, , , , , , , , , , , ,,,,,, , , , , , , , , , , , , , , , , , ,, ,,, ,,, ,, ,, ,, ,, ,Other
20681-1127,1,McLaren Automotive Incorporated,Monthly - No Incidents,8.0,2021.0,AUG-2021,, ,,,, ,, , ,, ,,, , ,,,, , , , , , , , ,,, ,,, , ,, ,, ,, ,, ,,, ,,,,, ,, , , , , , , , ,,,,,,,, , , , , , , , , , , ,,,,,, , , , , , , , , , , , , , , , , , ,, ,,, ,,, ,, ,, ,, ,, ,Other
30435-1126,1,"Ridecell, Inc.",Monthly - No Incidents,8.0,2021.0,AUG-2021,, ,,,, ,, , ,, ,,, , ,,,, , , , , , , , ,,, ,,, , ,, ,, ,, ,, ,,, ,,,,, ,, , , , , , , , ,,,,,,,, , , , , , , , , , , ,,,,,, , , , , , , , , , , , , , , , , , ,, ,,, ,,, ,, ,, ,, ,, ,Other
753-1124,1,Kia Motors America,Monthly - No Incidents,7.0,2021.0,AUG-2021,, ,,,, ,, , ,, ,,, , ,,,, , , , , , , , ,,, ,,, , ,, ,, ,, ,, ,,, ,,,,, ,, , , , , , , , ,,,,,,,, , , , , , , , , , , ,,,,,, , , , , , , , , , , , , , , , , , ,, ,,, ,,, ,, ,, ,, ,, ,Other
753-1121,1,Kia Motors America,Monthly - No Incidents,8.0,2021.0,AUG-2021,, ,,,, ,, , ,, ,,, , ,,,, , , , , , , , ,,, ,,, , ,, ,, ,, ,, ,,, ,,,,, ,, , , , , , , , ,,,,,,,, , , , , , , , , , , ,,,,,, , , , , , , , , , , , , , , , , , ,, ,,, ,,, ,, ,, ,, ,, ,Other
837-1122,1,"Maserati North America, Inc.",Monthly - No Incidents,8.0,2021.0,AUG-2021,, ,,,, ,, , ,, ,,, , ,,,, , , , , , , , ,,, ,,, , ,, ,, ,, ,, ,,, ,,,,, ,, , , , , , , , ,,,,,,,, , , , , , , , , , , ,,,,,, , , , , , , , , , , , , , , , , , ,, ,,, ,,, ,, ,, ,, ,, ,Other
30470-1120,1,Renovo Motors Inc,Monthly - No Incidents,8.0,2021.0,AUG-2021,, ,,,, ,, , ,, ,,, , ,,,, , , , , , , , ,,, ,,, , ,, ,, ,, ,, ,,, ,,,,, ,, , , , , , , , ,,,,,,,, , , , , , , , , , , ,,,,,, , , , , , , , , , , , , , , , , , ,, ,,, ,,, ,, ,, ,, ,, ,Other
1420-1119,1,"Volkswagen Group of America, Inc.",Monthly - No Incidents,8.0,2021.0,AUG-2021,, ,,,, ,, , ,, ,,, , ,,,, , , , , , , , ,,, ,,, , ,, ,, ,, ,, ,,, ,,,,, ,, , , , , , , , ,,,,,,,, , , , , , , , , , , ,,,,,, , , , , , , , , , , , , , , , , , ,, ,,, ,,, ,, ,, ,, ,, ,Other
1420-1118,1,"Volkswagen Group of America, Inc.",Monthly - No Incidents,7.0,2021.0,AUG-2021,, ,,,, ,, , ,, ,,, , ,,,, , , , , , , , ,,, ,,, , ,, ,, ,, ,, ,,, ,,,,, ,, , , , , , , , ,,,,,,,, , , , , , , , , , , ,,,,,, , , , , , , , , , , , , , , , , , ,, ,,, ,,, ,, ,, ,, ,, ,Other
10767-1117,1,"Bentley Motors, Inc.",Monthly - No Incidents,7.0,2021.0,AUG-2021,, ,,,, ,, , ,, ,,, , ,,,, , , , , , , , ,,, ,,, , ,, ,, ,, ,, ,,, ,,,,, ,, , , , , , , , ,,,,,,,, , , , , , , , , , , ,,,,,, , , , , , , , , , , , , , , , , , ,, ,,, ,,, ,, ,, ,, ,, ,Other
30432-1116,1,Apex.AI Inc.,Monthly - No Incidents,8.0,2021.0,AUG-2021,, ,,,, ,, , ,, ,,, , ,,,, , , , , , , , ,,, ,,, , ,, ,, ,, ,, ,,, ,,,,, ,, , , , , , , , ,,,,,,,, , , , , , , , , , , ,,,,,, , , , , , , , , , , , , , , , , , ,, ,,, ,,, ,, ,, ,, ,, ,Other
753-1115,1,Kia Motors America,1-Day,,,AUG-2021,5XXG34J24MG, ,,KIA,K5, ,2021.0, ,173d965c3bd2a81,,Y,Consumer,,Y, ,,ADAS,, ,Y, ,Y, , , , ,,AUG-2021, ,AUG-2021,02:11, ,2cda24aff1c659a,[MAY CONTAIN PERSONALLY IDENTIFIABLE INFORMATION], ,[MAY CONTAIN PERSONALLY IDENTIFIABLE INFORMATION], ,,Y,UNINCORPORATED, ,FL ,,Y,Highway / Freeway,Wet,Traffic Incident,70.0, ,Dark - Not Lighted, , ,Y, , , , , ,,Passenger Car,Fatality,Unknown,NM in Roadway - Other,Yes,Yes, ,Y, , , , , , , , , ,Proceeding Straight,Yes,Yes,No Passengers in Vehicle,70.0, , , ,Y, , , , , , , , , ,Y, ,Y, , , , ,Yes,FLORIDA HIGHWAY PATROL, ,Unknown,[MAY CONTAIN PERSONALLY IDENTIFIABLE INFORMATION], ,[MAY CONTAIN PERSONALLY IDENTIFIABLE INFORMATION], ,,Y,Yes, ,"According to the police report, at the time of the incident a 2016MY Chevrolet Impala was stationary northbound on [XXX] in the inside lane facing northwest.  The 2021MY Kia K5 was traveling northbound on [XXX], in the inside lane approaching the Chevrolet Impala. A 2008MY Honda Civic was traveling northbound on [XXX] in the inside lane behind the Kia K5.  Subsequently, the Kia K5's front struck the Chevrolet Impala's drivers side rear door and rear quarter panel.  After impact, the Impala traveled in a northwesterly, counterclockwise direction into a concrete barrier wall and bounced off the barrier wall and redirected to a northeasterly counterclockwise direction across the northbound lanes when the Honda Civic's front collided into the Chevrolet Impala's and left rear door.  The Chevrolet Impala came to rest facing north, blocking the inside lane. After impact, the Kia K5 traveled in a northeasterly direction across the northbound lanes and came to a final rest on the outside grass shoulder facing west.  The Honda Civic came to final rest blocking the outside lane adjacent to the Chevrolet Impala.  The subject Kia K5 is equipped with Highway Driving Assist (HDA).  HDA is a supplemental system that helps maintain a set distance and speed from the vehicle ahead when driving on a highway and helps keep the vehicle between lanes while driving.  HDA may not be able to recognize all traffic situations and may not detect possible collisions due to limitations of the system.  Obstacles such as vehicles, motorcycles, bicycles, pedestrians, unspecified objects and structures that may collide with the vehicle may not be detected. The owner (father of the driver) of the Kia K5 contacted Kia's Consumer Affairs Department on August [XXX], 2021 indicating that his son was involved in an accident.  The father was not a passenger or witness to the accident.  The father reported that HDA was engaged at the time of the incident and stated that his son ""had the autopilot on and there was a vehicle in the middle of the road and it [REDACTED, MAY CONTAIN CONFIDENTIAL BUSINESS INFORMATION] did not notify his son.""  According to the father, the police removed the ""black box"" from the vehicle.  The claims made by the driver's father have not yet been confirmed, and we note that the subject vehicle has no ""autopilot"" nor does Kia America advertise any ADAS feature as ""autopilot.""  Kia has no further information at this time.**9/[XXX]/2021 - No incremental information available as of 9/[XXX]/2021 2:26PM (PDT)", ,Other
10225-1113,1,Polaris Inc.,Monthly - No Incidents,7.0,2021.0,AUG-2021,, ,,,, ,, , ,, ,,, , ,,,, , , , , , , , ,,, ,,, , ,, ,, ,, ,, ,,, ,,,,, ,, , , , , , , , ,,,,,,,, , , , , , , , , , , ,,,,,, , , , , , , , , , , , , , , , , , ,, ,,, ,,, ,, ,, ,, ,, ,Other